256
49 53 178 95 110 92 149 195 34 185 235 128 89 199 44 138 218 75 172 228 42 21 165 175 173 182 15 210 213 188 55 56 131 25 224 57 220 119 13 16 191 194 231 136 236 156 132 101 192 212 39 217 211 190 181 242 77 50 189 94 143 122 221 151 6 86 23 115 71 234 196 40 17 253 93 38 215 46 155 30 184 26 91 1 52 114 88 99 229 35 61 176 107 139 164 102 198 37 161 226 169 130 154 85 177 24 240 103 180 104 20 81 68 36 214 206 193 113 158 4 171 204 60 74 120 166 152 179 227 140 137 5 254 87 82 18 27 153 247 118 133 112 129 237 8 80 124 163 90 108 117 186 65 3 111 127 248 54 84 222 187 200 238 135 96 142 251 41 252 208 145 239 255 168 150 12 10 147 32 244 98 216 170 223 144 45 62 58 76 256 167 79 31 243 241 69 72 202 19 157 141 209 73 33 246 22 123 159 106 174 83 146 47 2 48 109 232 70 7 14 233 219 230 134 59 78 9 29 197 116 64 148 11 126 97 201 207 105 225 245 43 162 66 121 125 28 63 67 160 249 203 100 250 183 51 205 
125 195 9 118 63 95 223 173 253 17 90 239 131 144 46 12 175 249 115 152 164 170 182 27 189 221 13 163 233 158 119 19 251 219 186 60 153 177 104 210 250 236 71 99 123 48 109 174 98 160 18 124 126 32 165 150 156 127 43 85 1 162 67 217 140 23 132 11 190 181 240 6 176 54 205 247 166 252 62 197 209 4 230 167 58 139 157 61 3 75 188 80 69 114 237 234 198 192 20 116 154 42 56 82 207 111 151 231 84 94 137 117 201 215 193 244 191 129 21 14 155 168 213 93 37 70 246 100 101 22 232 33 200 148 49 169 143 120 141 50 196 171 8 161 26 83 103 31 45 64 222 199 218 113 220 35 235 96 225 108 194 212 57 254 36 29 81 44 206 243 30 238 55 184 79 121 77 183 72 66 78 102 255 208 133 185 256 41 38 149 92 88 134 242 136 15 216 146 203 24 122 226 7 89 5 105 59 211 47 91 179 2 204 68 227 107 229 106 172 224 138 40 76 130 147 180 228 39 97 145 248 241 65 74 112 16 159 245 135 51 52 28 34 110 87 214 25 86 73 142 10 128 202 178 53 187 
52 37 236 252 64 246 149 54 134 127 138 192 80 187 196 34 203 128 100 239 159 114 247 117 77 253 205 211 222 122 23 161 90 82 147 140 78 53 183 156 226 68 98 172 87 7 190 153 250 155 39 29 9 5 131 36 76 240 62 17 210 173 244 92 154 107 96 204 245 12 63 16 232 24 197 142 185 152 25 216 110 141 99 120 167 32 248 164 217 157 106 40 200 73 75 175 15 228 221 126 14 215 105 179 79 67 94 43 130 168 165 201 18 139 198 61 206 160 103 214 45 57 163 230 170 55 88 111 191 186 4 31 83 133 235 46 158 72 208 35 71 174 233 47 136 102 243 121 109 199 132 44 171 151 6 213 33 227 220 135 207 108 177 84 91 59 178 124 74 21 93 10 143 85 81 146 182 119 148 188 95 238 145 209 162 115 86 22 3 169 51 129 20 58 1 13 101 231 223 118 56 11 251 234 38 256 104 30 241 26 2 180 237 50 224 150 194 193 137 202 97 69 195 65 255 219 249 176 28 254 189 48 212 166 181 66 41 8 19 125 112 42 60 242 49 113 70 89 144 218 27 229 184 123 116 225 
207 35 134 174 31 91 83 100 192 250 222 37 167 110 75 74 68 79 221 145 194 201 84 202 235 113 164 185 214 103 127 175 211 124 60 98 237 40 195 86 136 199 22 53 19 143 78 33 88 16 104 215 208 14 197 189 87 69 238 142 82 4 169 217 13 97 233 72 27 186 150 62 39 249 220 176 1 21 163 44 38 200 89 139 90 184 245 228 66 177 12 255 205 34 102 198 224 204 30 193 8 161 106 149 2 160 133 188 168 121 61 170 209 141 180 230 239 132 232 119 55 63 48 158 71 107 108 183 236 20 244 46 171 153 54 218 137 28 99 115 190 148 256 155 243 226 182 50 9 65 17 162 241 231 247 157 181 59 105 159 154 32 95 93 45 178 109 123 6 18 111 49 77 42 212 253 23 146 135 56 57 196 47 172 242 251 187 165 252 151 120 73 81 94 179 156 41 173 138 210 216 36 3 122 85 117 26 140 118 114 70 234 248 126 101 225 206 112 147 125 52 131 129 10 29 191 116 166 223 80 203 25 213 152 92 7 15 128 24 227 96 240 67 246 254 43 11 219 76 51 130 5 64 144 58 229 
64 134 162 45 19 121 192 159 233 96 58 220 88 87 120 171 21 176 240 202 135 59 218 131 39 186 72 32 68 12 136 63 168 142 197 232 203 78 62 250 57 91 36 70 228 104 34 227 90 44 237 125 194 82 152 148 105 208 74 77 43 3 33 92 206 167 52 94 22 157 84 76 126 225 14 219 56 73 89 97 10 151 178 6 30 7 4 124 66 246 133 113 67 1 65 35 53 2 80 212 49 103 236 172 166 112 196 128 108 175 109 129 51 215 137 115 253 47 160 122 210 138 155 221 116 101 23 244 5 200 118 235 29 256 165 238 132 163 170 217 11 161 141 234 231 224 25 31 83 13 93 81 54 17 139 28 177 95 114 173 61 117 79 243 26 183 149 111 190 239 211 55 69 85 145 169 184 130 182 38 198 245 180 201 252 9 146 86 8 154 199 223 60 24 156 107 37 144 174 150 195 18 99 75 213 98 187 27 189 229 193 143 249 147 16 102 15 254 20 41 158 216 164 188 100 181 110 222 242 119 255 123 191 48 226 179 207 214 230 248 46 209 251 185 127 241 247 153 71 140 204 205 42 50 106 40 
196 152 66 216 147 91 69 229 171 148 1 236 122 184 163 70 239 141 95 97 249 113 246 19 136 80 34 188 212 23 178 103 43 192 3 126 244 177 30 50 109 225 2 157 37 40 176 84 211 107 156 145 135 102 198 118 138 181 27 79 256 146 238 158 161 59 112 115 28 180 119 24 199 207 9 61 128 58 139 254 213 224 240 62 117 183 150 230 235 25 132 63 129 172 160 86 47 82 11 111 194 22 223 49 190 159 187 232 220 134 21 197 13 46 100 76 248 203 165 234 52 182 226 51 92 237 114 179 4 153 5 175 140 42 87 252 93 167 54 116 33 89 209 205 31 45 149 83 75 110 242 243 38 41 60 68 65 56 151 14 170 101 72 250 155 78 77 32 53 26 204 88 20 221 55 67 169 57 247 253 133 74 18 7 17 81 189 8 201 15 94 16 48 227 218 12 71 120 233 106 217 39 168 174 142 10 222 210 219 130 166 191 29 125 215 214 173 241 73 124 144 245 137 85 202 44 36 64 90 127 200 96 162 186 206 121 99 6 251 208 105 35 185 193 255 228 231 131 123 164 104 195 98 154 108 143 
38 83 29 85 95 24 63 79 185 17 54 51 136 254 53 232 249 103 108 186 104 139 218 86 74 182 154 171 202 107 207 113 248 21 35 91 226 183 110 12 88 155 8 23 93 239 128 138 179 169 81 212 94 31 243 1 101 211 116 184 253 84 180 172 33 157 50 145 117 5 41 244 71 240 98 206 89 133 153 4 141 227 130 224 198 30 46 159 225 132 15 144 241 44 28 146 200 149 204 229 166 67 55 129 245 230 114 210 48 238 65 135 102 242 59 13 90 231 221 11 112 126 2 247 111 235 75 58 164 150 236 14 32 122 25 49 168 189 252 137 195 203 6 70 219 123 62 165 190 18 78 47 131 99 115 170 105 147 151 72 9 213 87 26 125 158 175 7 80 143 77 97 52 178 100 34 246 197 191 40 3 222 193 127 215 216 167 27 214 156 140 119 217 120 10 181 208 233 163 162 192 36 173 220 196 73 96 142 124 209 66 76 121 176 20 205 188 174 22 92 148 109 16 223 187 199 161 19 118 152 60 256 39 251 82 64 37 134 234 57 255 42 61 194 177 160 201 56 43 228 106 237 45 69 68 250 
221 213 236 166 98 125 36 58 142 164 75 78 27 178 20 87 96 219 67 180 240 239 128 38 73 3 82 172 212 159 206 194 195 115 72 68 190 217 108 56 119 176 22 220 31 135 249 244 35 179 235 146 14 95 111 74 162 116 167 41 105 196 47 113 60 211 186 23 18 215 229 197 256 44 55 130 254 117 132 231 127 173 143 181 52 245 234 152 129 184 214 81 80 154 145 138 49 13 200 94 21 218 12 24 33 5 192 156 207 149 65 182 106 203 93 133 77 204 79 153 88 112 205 174 54 45 163 19 89 71 147 9 144 16 110 246 17 40 248 37 29 228 158 120 139 118 148 46 63 232 227 187 7 15 121 193 109 230 57 141 99 62 226 103 114 64 242 59 2 165 100 126 170 209 26 241 189 171 216 34 191 30 250 175 122 251 61 8 69 185 188 134 66 252 169 86 25 150 238 1 157 28 247 39 53 90 198 91 42 136 83 97 183 102 222 4 199 253 237 92 101 85 161 208 107 177 48 84 243 255 202 155 104 233 6 10 223 11 32 140 224 168 123 201 137 210 225 51 151 70 43 76 131 50 124 160 
14 166 109 211 208 126 90 150 151 82 209 132 12 134 200 136 129 130 212 93 39 63 213 4 99 21 45 131 86 59 181 172 236 119 225 6 188 186 36 197 170 180 60 182 195 28 107 43 80 204 137 68 153 37 124 202 178 74 142 164 3 192 54 38 55 231 25 159 56 245 148 128 42 248 162 16 83 101 216 79 81 165 111 193 133 41 238 73 230 18 194 51 123 187 185 2 7 206 48 70 135 17 103 140 11 226 108 139 203 127 23 62 254 217 104 72 65 13 75 184 163 10 53 27 168 85 174 29 218 146 105 221 64 66 147 222 198 191 9 255 22 61 97 179 121 214 47 157 94 241 84 44 219 251 224 196 91 220 229 242 95 87 205 57 167 201 32 155 161 116 112 34 110 169 122 247 138 92 233 26 102 144 71 149 171 78 256 158 223 199 183 246 244 69 40 253 115 100 33 49 239 98 240 152 156 227 237 89 175 173 243 190 228 118 96 234 176 125 46 250 235 207 143 117 67 141 177 145 160 154 8 31 58 77 88 50 1 252 15 210 19 5 232 215 106 76 30 52 120 24 35 249 113 114 20 189 
94 200 231 242 171 238 196 140 162 163 68 53 8 103 89 67 93 3 240 110 148 107 122 105 48 184 44 224 210 106 135 117 244 14 156 225 92 55 146 47 115 127 6 100 218 130 38 56 157 119 211 243 16 28 236 27 50 36 9 161 159 201 166 61 160 1 128 183 87 256 191 49 15 222 35 20 176 152 213 227 186 12 169 179 234 77 109 39 147 207 57 86 239 143 60 151 216 132 5 51 66 24 102 212 203 164 76 72 97 23 96 83 220 111 80 209 168 137 45 40 62 116 228 29 69 189 150 172 18 120 121 214 25 98 71 41 84 208 235 221 217 154 206 75 78 43 180 141 167 30 126 85 129 58 73 138 133 170 104 185 204 230 52 10 241 248 252 63 33 134 4 79 70 250 155 205 2 254 195 193 178 99 197 88 112 158 233 95 90 232 42 7 34 253 65 118 91 223 13 174 101 81 177 125 17 182 188 202 219 226 165 215 194 144 173 114 153 46 113 26 59 32 229 19 175 190 249 245 123 247 246 37 255 31 22 54 251 192 136 82 187 145 21 124 64 74 198 108 199 11 139 149 237 131 142 181 
138 6 182 118 221 91 234 122 137 80 104 249 11 243 183 14 168 27 70 214 252 161 232 32 53 45 46 179 81 17 109 143 222 2 155 219 164 54 31 8 199 48 88 93 106 147 156 51 203 134 49 44 62 152 103 231 215 135 255 245 237 157 115 153 125 128 63 34 10 207 133 131 210 117 90 96 4 184 86 158 114 163 185 132 110 25 188 111 192 116 224 149 236 59 242 15 187 213 190 173 126 23 186 145 197 108 87 41 113 170 154 226 244 16 7 169 22 76 40 78 253 47 3 246 200 120 216 42 65 77 39 160 74 37 85 256 191 12 119 26 124 239 177 235 92 171 58 248 73 67 94 162 99 20 180 121 241 130 247 84 43 165 60 225 9 55 206 28 72 71 175 217 196 64 102 136 194 238 83 61 150 141 212 35 176 223 18 33 79 240 57 233 146 174 189 68 13 105 82 30 24 209 38 98 139 75 97 251 89 167 172 142 220 129 123 29 202 101 205 166 95 56 100 254 140 208 195 52 211 5 227 193 69 229 19 159 21 148 181 112 127 218 36 66 230 198 50 1 204 144 250 228 178 151 201 107 
116 135 23 50 177 144 112 76 188 111 241 55 43 71 210 124 187 54 108 244 184 61 212 53 154 31 226 129 11 151 253 127 160 126 107 199 196 3 48 40 209 110 232 233 51 37 119 73 115 256 28 198 44 254 72 47 97 83 168 18 204 213 20 26 149 183 100 255 163 134 200 202 138 99 34 60 191 106 70 132 91 172 167 10 16 203 182 49 181 142 193 117 120 175 2 22 81 33 252 102 14 158 141 6 84 128 197 67 68 222 21 140 150 216 153 238 130 36 114 185 224 176 242 94 170 58 13 101 122 146 148 174 206 103 217 35 230 249 173 179 139 39 63 211 237 201 234 221 4 207 227 66 159 239 87 74 223 7 145 93 246 5 41 218 59 56 133 231 147 109 225 15 215 89 229 32 9 228 250 82 79 19 164 143 25 105 1 162 85 194 131 205 243 113 88 69 29 52 136 156 178 75 80 169 98 17 57 189 165 92 104 240 118 8 247 24 251 27 166 65 208 38 125 161 45 190 192 235 236 42 245 78 86 219 46 180 30 62 95 186 64 157 155 152 121 214 195 171 137 248 123 77 12 96 220 90 
106 98 211 244 57 72 142 133 177 198 153 170 234 169 250 132 256 171 213 3 37 33 117 154 160 88 65 116 99 21 109 251 50 195 11 190 147 225 236 197 182 201 164 233 81 180 107 27 79 148 246 42 14 96 77 230 111 199 215 223 239 82 162 254 125 52 61 51 68 141 231 238 227 2 149 221 31 194 240 120 209 184 105 73 155 63 56 29 100 134 119 145 217 60 80 89 159 64 138 188 196 47 16 220 69 32 129 218 232 115 174 84 83 205 163 4 165 53 203 146 46 62 243 24 161 58 74 18 91 15 34 35 156 204 206 104 253 6 140 178 179 208 143 131 92 191 151 20 9 157 114 110 193 200 25 135 122 222 90 7 78 130 226 70 112 26 59 13 87 219 187 1 127 247 214 43 41 55 39 101 128 102 67 75 86 95 40 150 94 49 173 183 185 66 252 71 126 12 175 229 158 166 228 181 76 167 93 54 144 216 210 192 139 176 168 103 137 235 113 248 17 121 8 23 38 28 22 202 186 118 123 5 136 44 249 237 152 19 189 97 30 124 245 48 207 242 224 36 212 255 85 241 108 45 172 10 
134 22 38 28 90 26 194 133 6 129 179 59 19 191 173 251 126 146 202 103 74 2 50 109 186 207 86 123 156 85 16 88 110 14 149 238 138 223 1 32 219 97 95 71 227 23 5 252 55 101 49 235 82 89 250 116 37 70 7 40 244 189 64 151 157 114 253 9 52 139 75 39 4 147 45 106 160 67 212 47 220 153 168 215 230 33 221 177 239 229 201 248 150 91 107 231 141 30 42 190 218 213 66 175 249 13 115 199 176 247 112 137 243 18 187 152 104 15 145 58 240 120 68 166 232 180 10 54 195 73 210 51 87 184 34 143 84 158 48 144 178 197 165 226 27 254 245 163 113 31 3 77 124 242 192 92 117 65 193 206 62 125 140 105 57 204 20 142 81 170 119 167 94 80 21 241 185 83 181 41 188 12 237 35 209 121 56 233 29 198 225 17 25 214 78 118 155 216 100 111 246 53 24 44 122 224 102 96 228 69 205 171 79 8 43 236 164 131 222 234 196 174 162 72 148 183 169 99 63 130 211 76 217 61 135 128 172 108 127 60 208 11 93 255 36 132 154 161 200 136 98 46 203 159 182 256 
208 163 145 123 34 171 105 125 120 251 124 95 238 176 164 68 59 162 48 44 11 77 198 226 144 182 249 149 173 118 186 175 82 19 252 253 156 67 189 98 26 153 29 159 8 127 45 242 218 9 36 170 57 66 62 112 63 30 245 139 152 92 207 6 28 231 56 128 74 138 200 179 91 71 13 1 90 101 40 205 96 72 250 69 65 94 51 25 236 185 174 76 130 161 81 214 195 100 177 55 199 47 141 117 233 23 215 16 191 10 216 129 7 194 224 78 122 223 248 187 150 165 183 17 86 79 80 243 87 134 255 99 114 93 256 21 230 220 46 229 136 221 190 102 188 167 132 196 61 109 3 168 43 206 154 227 37 32 115 232 20 53 35 204 241 157 116 107 142 58 219 137 108 50 192 217 143 148 5 4 140 22 104 246 222 180 121 75 126 133 119 210 41 237 247 42 2 211 155 33 60 228 135 225 64 24 203 14 106 212 193 85 202 166 110 39 160 113 12 201 88 146 131 111 15 18 147 158 151 89 244 169 197 54 103 172 178 84 184 239 213 240 73 254 27 83 209 97 235 70 38 31 49 234 181 52 
224 114 5 92 189 59 50 45 248 82 220 221 1 148 234 58 181 241 120 155 93 83 42 81 101 235 91 30 219 180 158 125 64 168 85 239 159 141 143 213 123 211 177 16 67 216 68 169 110 256 77 172 103 104 6 205 76 46 250 86 127 165 106 146 197 163 8 210 225 36 207 214 179 153 140 199 244 217 218 26 206 94 255 108 87 223 147 116 100 208 149 187 99 11 132 63 97 126 28 182 37 22 53 35 33 73 237 236 202 242 89 145 130 152 69 4 20 105 57 222 160 190 129 188 118 32 198 47 40 102 121 178 184 209 43 230 75 10 72 15 139 243 113 192 119 185 240 70 176 7 107 13 134 115 137 167 56 128 96 252 193 156 138 79 228 31 215 60 24 66 227 212 200 164 135 166 204 232 194 2 183 142 226 49 52 48 71 249 150 201 195 131 170 154 117 90 162 157 54 27 111 203 29 191 3 39 55 95 88 78 196 61 80 247 233 254 14 51 231 133 175 136 19 229 17 238 253 34 25 21 245 12 122 41 109 151 23 65 44 98 84 18 74 173 186 171 38 161 251 124 246 174 9 112 62 144 
143 106 221 207 180 141 234 44 136 72 16 165 229 230 187 129 39 31 195 172 84 240 182 200 156 186 159 137 208 127 215 3 184 42 108 119 176 210 63 188 192 254 52 55 64 109 83 168 12 41 95 80 49 171 142 1 227 61 19 128 89 202 125 199 58 218 253 167 203 76 2 124 45 222 196 133 198 174 30 219 161 212 130 82 70 205 56 166 25 57 158 66 175 21 111 5 216 223 59 120 78 18 138 27 197 236 50 68 193 152 86 4 146 118 183 134 139 177 194 98 162 181 238 206 91 116 117 26 65 48 62 20 7 201 33 93 114 147 121 191 17 231 13 37 164 100 15 204 34 77 10 190 29 211 217 23 97 74 250 99 153 115 40 246 252 103 102 160 235 226 237 54 81 67 213 242 6 239 248 241 233 14 245 256 169 145 24 38 179 22 224 214 243 148 126 251 151 255 35 94 9 36 112 170 88 232 123 157 8 104 131 51 105 60 144 46 92 150 96 173 178 32 73 110 189 247 185 101 11 209 87 244 163 53 71 149 225 113 107 47 249 155 122 75 28 140 135 90 85 132 69 228 43 79 154 220 
130 203 59 109 205 204 47 252 95 66 243 41 45 60 237 73 151 102 152 254 197 58 149 127 124 144 64 55 112 107 163 230 222 161 129 13 229 90 145 241 111 155 119 244 74 43 200 12 167 38 83 97 82 189 68 120 122 35 233 219 220 236 140 150 157 215 54 198 5 207 248 176 137 125 42 93 34 1 128 71 209 104 29 177 89 226 94 100 80 199 117 170 224 213 85 166 91 21 4 106 2 158 216 37 195 174 51 232 251 185 67 48 138 225 146 153 115 105 180 208 39 31 98 135 172 56 181 246 194 77 62 190 133 136 255 169 49 126 123 156 235 84 148 249 16 69 154 65 212 33 165 253 3 132 164 116 6 211 239 201 238 86 20 143 18 186 14 53 131 227 63 25 17 46 110 173 32 9 234 162 134 245 11 147 92 168 61 240 22 228 108 70 96 218 210 187 231 81 247 183 217 221 30 141 76 52 223 7 184 101 159 139 250 196 171 188 118 121 19 10 72 75 142 40 36 242 26 44 24 191 87 27 114 206 88 8 103 15 192 214 99 28 178 175 182 23 50 202 179 57 78 193 256 79 113 160 
16 182 17 86 231 139 146 64 162 143 138 116 95 233 144 201 67 89 252 183 221 207 235 47 65 28 123 96 128 160 219 244 157 148 242 236 74 49 255 159 129 155 226 177 192 105 26 179 34 176 58 135 126 125 152 249 117 234 79 15 150 190 82 99 100 202 81 131 140 9 35 210 238 167 107 121 247 4 209 248 154 204 151 214 165 170 22 70 132 62 109 91 11 98 153 164 112 187 145 111 108 13 30 220 93 37 246 6 2 115 227 149 119 212 40 38 197 5 240 130 217 142 186 172 158 239 56 50 169 77 27 173 251 32 213 224 102 41 256 39 118 203 84 181 208 185 66 52 23 90 184 104 21 222 166 171 103 174 198 85 101 71 68 193 43 92 46 73 200 78 189 20 205 161 72 7 141 19 229 76 120 211 223 12 61 45 94 25 51 254 195 48 215 180 44 163 18 137 110 228 232 10 42 178 59 199 83 216 57 63 206 87 175 54 243 124 75 188 113 14 24 106 1 230 133 3 237 8 122 31 53 97 127 29 69 147 88 60 114 241 253 191 194 136 225 134 250 218 196 156 55 36 33 245 80 168 
246 154 85 123 51 131 143 33 196 53 107 184 45 54 212 156 43 238 150 231 180 130 79 39 64 67 71 57 134 93 90 252 220 244 191 176 140 61 160 7 127 48 50 18 115 95 126 185 52 199 44 189 146 207 17 190 70 113 148 157 152 65 233 224 94 10 40 26 208 133 194 111 201 89 242 112 46 248 110 29 198 204 195 116 122 213 4 142 177 203 187 91 155 235 144 100 138 159 250 35 205 109 120 62 241 63 247 2 114 217 74 166 14 215 128 8 136 125 59 104 221 87 153 88 37 218 229 237 210 118 66 171 69 82 211 151 6 16 15 232 158 222 245 31 168 56 256 161 73 192 84 47 78 41 145 97 202 106 226 175 38 182 21 135 179 139 75 230 255 55 253 214 121 58 68 77 92 216 149 80 34 72 239 27 137 186 129 249 23 206 9 30 167 76 117 219 119 188 234 83 164 81 165 240 13 36 178 183 19 236 5 251 99 223 103 228 174 181 209 86 98 141 132 163 227 193 32 172 28 105 173 108 225 42 254 124 162 1 96 49 20 147 12 24 60 22 101 25 169 170 197 243 200 102 3 11 
25 172 129 166 253 245 224 165 159 174 50 54 198 85 192 16 119 134 142 49 201 239 4 44 79 96 219 169 202 106 195 19 30 71 220 28 59 23 124 70 206 24 38 105 186 45 225 227 132 242 114 91 256 191 164 233 229 136 21 157 89 100 150 14 18 203 93 244 82 228 42 97 76 120 217 55 102 149 104 7 139 183 86 58 13 204 215 131 197 188 173 8 40 117 145 214 62 41 158 235 207 115 126 56 231 103 199 209 221 237 184 53 232 51 10 66 254 163 208 130 181 63 116 107 112 39 78 196 5 32 252 111 75 92 84 110 68 218 94 141 156 250 29 248 108 140 48 170 189 210 240 109 31 27 230 17 65 46 52 226 182 20 160 9 15 194 12 98 190 255 67 87 147 72 148 81 33 35 74 88 57 1 177 95 212 64 99 121 238 137 154 77 155 34 69 135 152 211 171 205 193 2 90 168 101 243 125 161 83 247 144 73 60 133 222 246 178 223 6 175 162 249 143 22 80 180 61 43 251 213 36 176 151 179 216 146 113 37 122 26 241 200 187 118 128 236 3 153 127 234 138 11 167 47 123 185 
109 195 115 112 41 12 99 181 133 16 69 135 10 126 220 93 80 207 166 175 103 141 189 256 54 240 254 105 170 72 50 95 136 215 108 87 117 58 229 197 201 250 106 251 209 253 100 101 11 4 143 71 7 84 63 185 149 164 236 129 21 82 231 53 142 139 241 148 134 97 138 204 61 81 6 169 128 184 17 36 15 76 59 30 183 86 51 74 219 25 113 39 196 20 40 168 182 104 172 255 178 137 245 60 222 2 23 160 187 162 55 28 8 234 14 37 243 223 34 131 225 22 44 216 150 230 27 123 146 130 88 206 157 144 233 56 65 33 221 52 174 107 218 31 228 152 62 78 158 43 167 1 26 77 194 111 179 237 124 70 85 177 24 48 38 239 226 29 249 114 188 47 176 202 151 35 198 242 205 199 248 155 18 19 91 127 191 235 92 165 73 173 246 244 75 213 211 3 238 46 217 140 145 212 9 89 252 224 147 90 119 5 68 161 102 110 32 132 67 121 94 227 42 192 83 247 232 156 200 203 120 98 154 116 13 180 125 49 159 118 64 210 153 186 45 190 214 193 57 171 79 96 66 122 163 208 
238 209 205 242 133 89 221 199 91 92 4 207 172 182 200 227 143 96 228 90 195 248 131 174 53 31 85 151 147 120 234 136 231 173 160 135 213 198 84 138 78 193 216 212 50 184 196 74 37 1 144 95 44 11 245 130 69 114 39 218 7 81 5 48 161 111 47 98 211 246 102 70 201 239 59 134 157 127 18 14 156 167 112 189 154 117 214 222 223 176 97 215 94 64 137 54 67 33 77 125 206 168 241 28 25 51 106 9 86 180 113 35 100 202 235 43 256 220 179 24 129 30 119 141 232 254 208 253 83 107 164 56 80 181 36 79 123 57 16 243 237 163 126 118 103 139 17 244 3 247 204 192 250 29 236 63 8 225 10 65 101 41 170 190 76 27 32 40 145 185 82 87 15 61 75 93 183 62 149 22 210 124 52 233 169 224 251 255 175 155 140 66 6 146 240 150 110 121 187 230 162 55 226 194 153 122 166 60 203 23 46 42 116 219 178 19 186 34 71 26 188 72 73 38 159 45 132 177 249 158 128 21 105 252 88 99 115 12 58 2 109 217 152 20 142 49 148 108 104 197 191 68 165 229 13 171 
29 47 99 162 208 136 211 188 91 201 60 165 160 223 177 251 45 189 73 142 197 183 1 124 74 84 82 224 155 57 120 210 3 15 9 100 232 169 115 48 111 234 153 243 11 200 230 139 24 93 126 75 225 42 28 63 193 252 23 123 32 180 191 249 231 51 237 39 5 116 175 41 62 125 192 118 85 107 242 55 236 233 122 21 168 152 170 238 218 77 205 154 253 166 141 209 78 98 228 61 106 221 212 222 20 159 145 121 95 246 178 94 56 68 58 186 52 7 90 202 172 76 2 13 214 213 127 256 46 22 40 12 167 219 86 173 59 182 130 240 108 128 190 135 81 244 30 196 185 8 104 204 34 179 137 150 198 147 31 80 174 119 241 112 35 50 64 105 134 138 206 247 151 184 255 171 114 43 195 103 19 87 83 17 245 226 53 37 216 161 207 67 33 110 203 140 25 18 250 194 143 158 72 97 164 10 65 70 69 6 54 92 14 44 217 176 199 229 101 38 144 16 27 66 148 181 156 36 117 146 96 129 132 109 248 49 187 227 149 113 71 89 215 102 131 235 254 133 88 26 4 163 79 220 157 239 
89 19 206 128 97 85 192 26 244 55 5 164 63 112 76 64 44 79 57 155 223 24 141 11 255 237 242 41 173 74 211 12 254 243 144 94 226 234 35 32 68 207 116 108 28 137 21 139 10 247 156 109 165 178 90 191 118 248 101 143 151 238 14 125 158 124 251 136 67 135 38 147 204 205 82 115 91 149 31 188 77 187 193 46 1 202 104 167 153 170 13 17 87 221 189 56 213 48 218 83 29 256 210 18 214 197 239 100 114 220 148 54 225 51 230 236 95 253 110 180 34 65 15 75 8 246 176 30 66 145 171 198 208 81 160 86 161 140 78 71 209 150 129 186 185 169 133 200 98 212 177 120 183 249 199 222 196 224 96 172 58 216 245 119 227 231 88 228 121 25 132 27 45 37 40 9 134 146 229 163 184 36 47 138 123 42 39 16 59 20 131 142 152 182 127 103 33 43 194 2 126 70 22 174 7 168 23 102 157 154 122 117 217 113 195 235 232 181 62 250 106 201 240 105 107 159 252 72 162 99 111 61 4 190 175 50 60 84 92 166 3 179 93 52 49 80 241 69 130 73 233 203 53 219 6 215 
128 249 143 213 61 95 69 155 78 51 35 49 233 149 83 208 93 151 183 187 214 205 108 131 13 71 247 141 40 150 140 32 163 221 147 91 157 225 127 101 234 122 46 209 56 169 26 158 224 9 88 99 86 57 125 97 199 24 135 207 244 124 76 230 219 165 106 179 18 232 111 53 75 6 222 196 79 174 118 31 96 215 47 242 216 2 172 59 60 190 5 73 203 252 161 116 82 16 245 17 89 145 197 181 12 136 80 139 62 235 138 177 159 212 134 3 227 20 231 166 254 74 188 191 44 77 11 68 238 104 41 87 34 192 28 228 170 194 180 25 250 167 253 100 81 50 152 201 146 22 154 241 189 52 94 29 14 10 120 237 19 123 243 103 148 90 85 144 132 8 217 58 162 171 156 72 184 164 126 198 153 175 251 129 185 21 210 211 42 204 109 206 255 107 133 168 239 195 92 64 1 30 121 200 202 55 54 142 37 27 114 112 113 186 98 246 226 43 23 102 178 70 117 236 240 229 137 256 176 130 110 160 105 4 220 65 36 38 182 173 115 223 84 119 7 45 48 15 248 39 66 218 193 63 67 33 
184 251 28 208 195 212 34 23 115 164 211 245 210 19 156 226 151 22 174 4 105 192 119 128 33 30 8 29 10 129 190 253 135 140 172 106 176 139 242 224 247 157 62 221 228 132 91 203 109 255 239 220 230 237 37 98 152 82 17 181 196 209 46 227 9 49 254 136 48 187 130 146 88 95 63 21 171 205 67 39 222 165 214 159 169 249 80 92 6 127 193 101 125 59 54 58 50 108 179 110 168 138 100 73 183 170 85 217 232 75 57 71 185 215 90 250 38 77 113 161 112 229 131 103 234 32 160 68 24 35 121 143 97 42 162 116 78 134 5 83 43 188 238 16 167 141 45 144 89 1 74 118 233 219 51 133 191 84 55 14 111 154 126 94 11 177 26 107 31 2 36 235 124 243 18 225 25 70 53 150 216 137 122 201 207 155 202 44 69 240 248 252 182 148 244 47 153 163 204 12 104 40 87 81 194 76 256 52 246 223 96 72 123 241 200 13 102 199 56 173 27 120 213 41 86 180 145 99 198 189 218 206 158 117 231 175 79 20 7 147 142 186 178 60 61 64 15 166 236 66 93 3 65 149 197 114 
227 206 124 156 151 144 50 76 236 2 39 8 159 256 73 165 204 83 241 130 219 252 13 87 231 128 129 23 212 162 191 211 74 179 36 161 207 64 44 92 127 117 171 58 7 75 11 49 140 40 56 196 253 16 135 57 132 34 239 19 138 22 186 123 251 187 102 79 90 61 108 214 176 31 245 203 59 193 205 172 213 95 197 210 216 84 250 81 221 167 93 88 184 225 177 180 235 198 189 53 157 113 9 136 77 65 89 230 20 202 82 209 27 119 42 126 62 149 21 96 37 200 68 158 26 6 208 242 224 32 163 164 145 133 234 85 249 25 152 173 66 143 70 201 1 199 17 188 80 183 14 237 43 218 222 194 101 247 190 150 86 220 45 178 51 103 38 244 48 99 118 155 107 72 175 12 137 78 243 148 63 46 174 246 4 182 91 97 169 238 146 69 35 181 233 10 215 24 5 71 185 131 153 168 30 29 111 15 142 223 229 254 18 54 120 170 67 104 232 141 112 134 116 109 33 166 41 139 115 60 217 160 98 114 47 100 105 110 125 192 195 248 154 228 147 94 28 3 106 226 121 240 255 55 122 52 
31 11 131 237 86 42 234 246 59 137 180 256 206 160 41 69 93 19 127 51 255 172 240 122 9 71 16 67 198 17 136 55 207 40 23 165 239 129 178 36 34 163 72 252 204 235 75 247 190 5 238 232 81 184 47 211 28 194 195 2 125 151 25 57 20 169 63 158 187 112 89 224 177 97 139 179 58 140 117 116 216 185 145 253 78 29 248 10 108 174 124 236 244 241 3 84 189 143 61 22 96 64 142 212 155 27 33 79 183 53 35 44 103 77 205 130 132 94 50 104 32 146 170 141 250 157 123 149 38 210 226 87 225 199 209 138 168 54 231 109 66 91 181 52 13 95 186 101 14 24 191 110 229 200 1 173 85 254 245 115 153 128 119 70 80 188 135 46 100 208 228 73 133 120 8 21 118 159 48 222 126 102 217 218 193 105 213 182 6 221 150 192 99 251 219 171 134 197 30 4 62 74 60 162 227 15 147 82 214 107 111 39 164 12 154 7 113 148 243 43 230 45 92 233 166 114 242 88 152 83 161 202 175 18 144 26 156 249 76 90 49 56 201 37 65 98 167 176 106 121 203 215 223 220 196 68 
156 59 104 128 113 75 118 162 79 76 174 210 119 246 197 184 231 169 145 40 94 167 176 249 186 234 19 219 22 51 161 29 180 137 218 23 171 209 217 172 228 95 129 159 2 47 138 254 148 46 98 223 61 99 18 50 201 225 199 178 187 25 68 147 6 77 122 150 200 155 253 233 221 9 179 20 120 195 142 141 165 91 71 82 215 248 188 33 204 146 67 80 15 134 63 206 193 31 243 65 34 166 229 90 55 182 21 164 83 251 97 111 125 87 245 237 208 241 252 235 177 64 149 135 213 44 247 115 144 57 45 3 70 160 175 181 239 41 158 102 136 194 62 81 92 24 53 56 27 38 189 224 58 132 13 42 226 203 37 60 212 207 114 14 236 130 242 123 170 36 72 85 244 151 230 16 157 100 202 69 26 88 107 109 108 250 131 192 5 126 17 35 8 232 124 198 183 78 240 152 1 168 54 74 112 49 4 96 140 10 110 211 106 28 190 52 255 214 30 73 256 154 133 116 143 139 173 39 216 153 89 105 84 238 222 117 93 7 227 103 127 48 12 205 11 86 66 185 220 163 196 32 121 191 101 43 
100 59 5 183 105 38 84 164 45 130 154 238 136 40 191 95 17 255 234 158 106 116 201 104 177 121 185 195 91 15 192 18 175 235 155 27 245 76 173 150 256 35 99 148 4 184 241 200 128 10 251 107 218 190 226 219 145 94 153 236 81 21 178 109 216 102 187 58 36 63 206 115 213 199 222 131 144 49 50 14 113 44 83 202 125 29 97 176 129 248 212 163 74 179 252 6 149 188 46 167 16 237 31 39 69 119 166 182 232 233 209 60 146 13 111 22 147 253 62 231 240 140 73 43 160 66 138 92 77 101 127 8 242 208 90 215 143 25 7 82 33 207 157 86 198 80 120 79 254 26 117 165 112 169 156 239 159 54 56 134 123 151 118 203 229 211 246 133 9 141 68 181 180 64 51 247 126 244 249 170 142 135 89 72 19 214 53 61 194 197 204 3 20 48 52 55 221 171 217 34 172 193 96 12 85 152 228 47 186 65 174 28 88 11 2 220 223 224 110 139 108 1 98 93 24 122 30 225 71 32 87 124 23 250 57 137 162 103 41 243 210 230 70 67 42 227 205 132 75 168 114 161 196 78 189 37 
27 174 180 10 130 219 230 239 245 166 1 47 113 89 119 94 160 162 24 169 92 173 223 102 218 189 143 114 142 243 96 111 231 209 75 11 23 33 25 165 136 194 52 212 71 167 159 234 164 76 74 28 50 178 40 51 106 37 41 163 68 112 237 72 197 2 229 153 82 126 7 16 148 86 183 184 249 21 121 137 150 54 138 125 140 202 99 220 93 225 8 42 252 200 101 196 69 109 20 185 182 207 58 195 241 227 59 172 124 191 46 64 6 79 48 19 215 53 55 31 135 45 152 32 131 61 70 115 116 9 108 155 181 238 63 81 77 208 123 222 186 12 253 44 226 147 15 43 18 255 90 177 171 134 73 49 170 161 118 14 110 38 214 122 104 168 62 201 216 211 233 3 244 205 179 66 139 78 248 107 192 251 22 56 87 158 5 88 247 120 84 98 193 176 36 105 117 100 235 151 60 254 206 240 242 57 199 221 228 85 132 26 35 204 80 127 213 157 67 187 17 97 34 4 149 30 144 103 13 29 145 65 156 91 128 236 198 146 83 250 190 210 217 246 133 95 232 203 39 175 188 141 224 154 256 129 
224 250 31 107 49 20 152 27 14 47 46 213 9 44 103 85 187 123 143 35 5 164 225 92 160 65 205 238 40 189 246 82 172 10 70 38 201 55 235 211 144 12 25 32 73 240 60 182 197 249 19 165 68 156 239 141 221 18 185 30 93 179 50 176 67 150 37 217 138 243 125 118 59 88 124 15 204 241 166 234 105 120 1 87 192 100 244 122 113 254 210 43 110 21 222 202 127 78 57 61 145 159 116 130 194 247 29 195 245 45 233 200 167 214 95 132 196 154 62 77 183 163 81 90 48 253 206 86 137 184 7 162 33 157 223 148 226 4 174 190 227 112 53 168 24 218 216 109 119 230 128 177 229 175 114 83 209 131 39 41 242 136 17 63 170 191 219 188 140 178 56 139 51 180 121 98 207 3 161 94 71 84 236 129 75 147 80 117 153 228 6 54 96 199 146 23 158 203 126 220 13 215 69 106 89 72 111 237 64 8 42 134 52 186 173 28 232 256 2 212 115 76 58 208 26 231 36 11 169 16 142 255 252 193 91 66 99 104 149 133 248 22 97 171 74 79 101 108 251 151 135 102 155 34 181 198 
71 77 19 112 204 153 219 22 10 157 20 199 133 113 27 170 227 53 110 120 61 175 228 135 234 143 176 62 50 217 95 12 159 214 115 111 148 240 188 230 4 251 32 60 243 17 83 87 202 171 101 40 253 254 150 241 106 245 14 107 8 26 193 98 129 37 38 25 124 13 209 151 255 119 161 117 49 82 41 140 44 224 203 9 92 51 109 69 6 239 108 122 136 70 184 56 179 226 169 75 198 216 195 66 238 30 103 64 213 127 197 68 93 168 248 196 190 125 194 183 88 59 233 7 250 85 244 229 74 126 31 223 123 249 55 54 46 57 39 156 97 163 45 215 36 237 142 232 76 91 89 207 118 191 146 149 225 21 210 63 205 152 134 24 29 33 52 218 102 220 116 35 166 138 221 3 211 23 78 137 180 80 145 67 5 235 15 236 84 212 42 99 154 72 132 90 121 141 18 162 208 139 34 189 158 1 192 256 173 182 174 58 187 130 247 48 147 252 86 128 185 16 73 186 242 177 144 100 11 81 104 200 43 231 164 206 105 246 79 222 47 172 167 94 201 65 165 181 155 114 28 2 160 131 178 96 
163 81 66 87 153 104 248 31 70 138 79 102 249 144 171 13 178 29 134 71 35 108 2 113 245 57 168 99 72 132 214 224 226 28 91 75 251 50 124 247 172 219 149 51 61 147 185 173 52 89 106 128 211 37 243 137 3 148 256 38 111 207 59 107 105 130 200 180 223 250 235 231 68 43 146 193 9 252 136 41 228 92 78 216 143 122 23 162 242 151 195 1 209 19 188 17 120 4 150 33 116 65 194 117 103 237 12 93 155 40 240 222 176 6 189 44 73 215 58 165 125 16 46 192 181 236 11 126 74 101 109 97 141 239 246 197 62 114 7 206 139 170 221 196 54 230 191 164 220 56 115 166 212 5 145 15 10 95 255 84 110 90 179 63 22 190 21 69 174 85 112 253 94 135 20 25 157 83 198 183 131 67 175 234 80 227 186 26 161 49 127 76 156 158 208 48 55 241 133 8 205 77 238 184 177 45 204 34 229 201 60 96 218 232 182 121 199 254 14 129 82 100 47 88 210 24 159 140 160 123 202 142 152 244 154 86 187 217 39 30 42 53 118 27 203 233 64 167 213 98 119 225 32 18 169 36 
142 144 97 140 94 255 2 178 244 54 87 98 105 72 6 86 154 110 209 83 195 1 139 232 14 41 196 51 184 70 67 89 251 124 155 153 22 222 91 7 230 127 3 99 214 101 174 202 78 15 190 27 203 168 166 43 193 68 122 133 183 32 172 34 63 40 58 8 48 256 71 131 113 177 85 49 125 35 219 241 132 147 204 191 200 135 123 120 50 112 163 18 157 42 25 136 10 161 33 56 143 226 129 31 38 88 62 198 30 171 189 20 28 188 233 60 82 11 206 236 111 250 165 185 216 148 106 254 79 243 137 194 80 211 156 107 102 199 229 76 220 221 103 227 59 160 61 92 246 218 215 74 210 5 240 55 64 57 24 217 117 141 228 29 130 186 159 16 4 115 13 26 152 231 179 9 114 93 239 118 66 182 46 224 21 128 173 109 37 44 247 52 90 249 158 167 207 176 208 53 175 238 181 12 180 162 170 95 108 213 212 100 234 96 138 81 116 17 145 187 119 104 248 149 151 77 69 65 19 245 47 205 164 252 45 201 36 197 134 237 192 39 84 242 169 253 73 150 121 75 146 23 235 126 223 225 
205 97 38 155 89 28 66 73 17 103 183 124 92 174 146 141 78 114 43 144 252 162 154 164 107 217 200 3 255 153 26 27 29 81 112 128 248 19 233 129 101 99 166 57 1 16 133 156 215 204 241 202 23 229 243 152 235 96 169 228 71 47 219 7 224 190 220 113 142 230 185 10 218 36 176 240 184 216 88 207 22 55 111 251 69 161 12 102 172 163 76 225 33 18 157 167 245 149 122 178 121 193 199 8 189 93 13 4 194 188 246 91 158 80 64 198 21 182 130 201 159 65 41 45 139 61 108 181 214 253 82 42 123 135 250 126 223 59 131 39 2 256 34 236 145 234 186 20 77 85 40 187 212 179 211 74 196 247 140 44 5 165 87 191 208 109 227 51 168 249 136 117 175 170 62 94 79 138 58 60 70 11 25 192 209 95 37 84 35 105 147 231 46 63 210 6 86 90 151 24 242 127 75 239 100 98 32 148 137 52 150 50 116 120 83 72 232 9 221 180 173 31 195 197 143 160 54 104 238 237 213 177 115 118 244 30 68 48 67 15 132 171 53 125 119 134 226 203 222 206 56 14 254 106 110 49 
48 83 138 136 156 211 45 139 244 191 25 199 11 41 99 52 121 147 170 71 240 195 219 21 128 171 218 70 81 143 72 75 53 110 113 154 5 151 178 133 82 189 246 104 148 230 14 103 28 90 201 2 46 185 150 158 237 68 115 145 12 88 29 26 39 17 92 192 59 188 163 222 106 184 67 74 251 221 87 111 118 38 102 122 97 250 177 212 16 223 235 210 69 10 229 183 152 98 231 55 144 217 107 226 239 57 123 54 194 204 169 62 94 253 127 220 120 114 44 164 7 85 1 84 95 13 33 61 241 166 197 58 30 149 196 186 20 140 157 27 137 34 89 78 234 198 40 168 203 179 66 167 119 181 227 224 215 249 193 209 175 101 132 180 165 125 190 153 252 243 63 159 238 6 130 79 105 42 233 248 117 205 256 100 109 228 216 23 80 200 187 3 31 161 86 236 162 35 247 19 108 93 254 77 32 65 176 124 22 214 51 50 202 155 173 8 142 15 134 225 116 172 141 43 160 9 36 126 131 213 207 129 208 174 242 112 91 232 135 4 60 255 37 182 64 96 76 49 206 18 56 47 245 73 24 146 
240 144 137 244 202 243 8 129 205 26 36 34 115 12 13 102 251 55 222 70 237 69 135 215 116 11 100 200 38 27 120 107 179 57 141 170 231 136 20 64 76 150 134 132 153 83 254 159 229 124 250 61 224 66 48 108 216 128 23 246 191 181 103 84 90 106 7 160 99 25 199 178 219 226 96 16 190 62 10 54 81 210 211 22 201 245 203 111 171 227 93 9 249 119 217 65 98 58 112 6 71 79 21 158 88 127 148 220 197 87 235 46 24 187 236 165 82 92 31 15 30 37 173 105 253 194 168 35 157 28 225 151 1 126 149 155 177 133 49 239 73 182 44 234 238 223 169 208 161 56 59 241 121 43 18 147 213 172 122 233 232 146 125 164 142 185 114 140 230 110 167 186 176 42 41 145 89 53 33 166 29 75 19 209 2 242 174 183 221 104 204 214 256 32 67 247 162 47 52 218 74 80 175 85 184 255 228 188 109 180 156 68 78 138 3 163 101 86 123 131 152 51 50 196 207 130 94 4 248 77 5 252 91 206 192 97 117 95 212 118 63 139 39 198 45 113 154 189 60 14 193 72 143 195 17 40 
206 38 166 156 20 228 11 181 72 32 108 92 207 135 81 12 234 146 83 200 25 134 230 16 149 208 71 55 152 165 203 177 196 202 102 89 126 57 183 182 86 111 164 121 2 155 101 216 100 209 46 153 58 87 119 162 199 218 158 186 97 67 30 174 34 163 68 18 27 109 40 248 192 227 28 82 173 219 226 49 122 17 154 222 235 73 190 115 132 103 63 127 31 22 128 105 178 241 143 204 188 198 189 95 180 42 136 236 147 130 247 113 229 184 48 70 78 140 80 167 251 4 157 26 52 242 197 194 65 93 6 148 88 56 185 61 212 231 161 118 217 240 124 45 54 96 210 15 114 98 41 221 104 13 233 77 179 175 19 249 224 62 125 3 85 14 91 170 24 252 150 169 244 7 133 107 47 171 51 37 110 243 237 35 90 176 193 205 144 232 99 245 60 253 94 255 29 10 120 112 21 256 59 211 74 220 43 23 79 76 69 33 142 129 66 195 117 1 187 39 239 106 141 53 159 75 5 84 8 215 191 151 123 172 225 213 160 201 214 238 254 44 246 131 138 50 137 36 64 250 168 139 223 9 145 116 
78 242 24 221 65 73 167 205 216 71 21 142 132 6 89 62 38 116 44 201 97 235 61 26 228 16 7 191 9 229 111 11 165 4 92 225 64 157 164 100 154 141 226 252 69 115 233 76 162 14 184 22 66 134 256 60 25 200 126 255 241 194 104 48 213 208 15 41 54 145 177 176 3 251 58 198 151 131 158 253 113 143 85 179 175 124 2 244 75 215 212 140 91 181 33 88 172 28 160 30 197 17 224 155 180 93 43 234 29 119 34 19 133 170 195 135 127 245 250 144 190 169 237 243 55 210 31 185 103 204 159 248 102 230 90 46 152 59 70 67 189 219 174 81 121 35 227 163 138 98 77 202 146 45 95 106 209 20 183 39 57 186 207 211 206 94 188 149 196 148 203 51 23 80 107 86 83 82 118 109 178 36 63 32 27 5 199 99 168 161 214 147 18 53 68 47 50 193 217 120 239 84 238 12 171 37 52 137 110 42 108 166 218 187 1 153 192 101 220 231 105 74 232 129 156 236 130 114 249 136 139 79 49 123 173 222 112 10 72 56 122 240 96 223 247 117 40 254 150 182 246 125 128 87 8 13 
61 68 51 72 187 69 28 228 135 36 121 212 107 47 133 5 251 87 119 217 46 25 159 163 10 180 56 207 20 127 40 84 34 115 102 37 15 54 80 175 108 99 52 140 177 53 171 79 208 144 90 86 186 241 16 124 120 200 210 162 59 226 98 237 11 41 189 117 96 112 19 250 219 143 17 43 221 183 225 176 12 202 229 136 158 125 178 227 65 30 148 230 240 152 13 154 191 3 252 33 27 118 170 14 247 165 83 167 78 109 105 198 149 81 32 85 103 138 123 29 101 199 216 195 128 44 22 155 2 256 253 8 67 6 73 7 156 113 104 201 161 160 168 153 106 204 9 181 243 114 95 146 82 206 94 92 151 194 239 232 131 64 62 147 24 179 55 255 172 233 97 236 132 173 93 21 45 185 224 111 242 70 66 184 100 91 192 49 213 110 215 137 31 39 205 48 197 246 145 203 235 174 50 116 18 89 164 75 190 126 38 130 57 231 142 88 35 76 166 238 23 169 193 248 244 122 249 58 254 129 218 214 157 150 182 196 134 42 139 77 220 211 141 1 188 71 74 63 4 26 209 223 245 222 60 234 
233 196 59 91 198 236 247 127 245 180 6 201 130 48 34 199 14 172 159 101 248 156 224 256 218 188 185 86 31 171 95 26 28 136 50 207 208 74 67 165 89 204 114 33 146 29 106 97 223 246 166 96 231 134 133 249 73 46 11 214 139 237 2 164 56 15 244 54 13 1 154 118 211 120 182 138 145 149 117 32 151 53 255 61 250 43 174 253 190 241 103 44 3 125 57 230 112 82 141 155 24 210 121 175 181 191 194 5 183 70 64 197 88 72 189 242 20 178 80 79 232 147 8 143 209 47 102 10 40 235 52 225 160 55 240 162 115 17 30 68 27 148 215 16 206 85 228 142 179 12 104 108 234 219 168 200 100 60 252 144 71 66 135 83 76 132 65 176 173 45 94 150 217 42 25 111 21 222 98 193 7 195 163 107 81 92 229 254 205 184 161 131 203 105 119 77 110 192 152 4 87 137 75 251 62 140 99 212 51 213 63 239 78 39 128 124 38 202 113 177 37 123 69 157 9 93 153 84 35 109 187 126 221 238 41 167 216 23 36 243 49 129 58 169 227 18 226 186 170 22 116 158 122 220 19 90 
61 68 180 217 232 11 141 58 91 163 160 251 189 171 36 94 184 245 240 169 110 40 244 106 12 253 247 14 43 109 92 178 7 70 46 23 52 250 134 185 81 33 205 218 9 121 143 125 89 136 199 243 123 209 176 221 144 117 236 225 19 116 105 159 104 154 93 66 38 54 96 39 249 186 151 20 138 17 75 29 48 155 83 222 214 198 197 210 207 191 59 248 200 188 31 145 21 235 231 139 71 212 213 161 238 126 129 187 175 34 157 72 162 67 100 5 128 119 56 177 51 22 137 252 183 237 28 226 146 149 193 201 135 211 204 24 165 6 256 26 98 156 73 49 118 79 87 84 50 220 55 168 172 82 158 230 255 102 224 107 153 16 30 76 196 101 152 13 215 78 208 202 254 80 227 25 195 223 95 44 147 132 77 203 62 233 15 18 219 64 122 53 242 133 150 111 112 130 35 228 216 74 229 181 99 170 32 1 190 90 148 57 85 164 8 86 113 65 173 241 194 174 120 97 41 4 167 124 115 60 103 37 63 88 179 234 192 45 10 182 3 27 131 206 239 246 2 142 114 166 108 69 47 42 127 140 
146 25 216 181 170 90 154 176 55 89 182 80 174 238 34 36 54 16 7 59 33 179 129 157 48 52 110 37 65 21 72 191 172 163 140 121 196 116 148 221 30 138 8 103 28 185 14 38 153 188 248 217 177 229 243 250 39 135 155 66 215 83 195 218 67 211 5 46 108 241 122 180 31 117 45 1 159 203 231 18 86 79 92 242 190 137 202 115 175 230 255 126 194 109 11 114 26 97 64 118 13 142 165 161 189 95 199 69 35 226 57 76 9 204 56 201 143 58 214 160 145 209 205 10 167 164 12 171 23 213 99 81 98 197 222 225 168 184 186 183 227 68 147 158 219 151 206 178 22 212 246 24 239 111 210 19 51 150 104 105 133 73 101 78 254 53 84 125 162 152 61 228 187 75 127 173 4 237 252 253 123 85 120 235 136 245 251 207 156 47 96 29 94 15 240 141 20 166 50 169 220 6 49 41 256 249 223 43 232 3 198 132 88 234 107 113 17 74 91 102 193 27 70 87 200 32 62 139 119 77 134 131 71 112 233 144 44 192 2 124 130 224 100 60 247 106 208 63 149 40 128 93 236 82 244 42 
195 250 77 168 245 89 213 151 52 23 128 193 214 46 82 112 124 117 186 141 59 201 211 243 84 178 205 4 210 28 246 223 65 40 49 199 14 139 166 183 159 2 105 24 13 70 106 221 44 15 241 25 149 144 45 116 119 71 113 8 30 132 177 164 32 93 232 133 220 91 231 140 208 200 22 207 115 110 96 95 175 158 154 101 135 127 148 36 98 43 182 1 215 88 176 102 108 27 21 33 100 153 20 29 242 31 216 122 206 161 48 174 53 185 181 120 118 56 123 69 138 107 130 217 92 189 251 169 81 58 224 162 146 171 179 85 145 234 51 142 42 247 66 17 68 129 228 170 173 78 202 99 121 187 172 10 240 125 255 226 256 249 67 230 167 134 109 190 197 38 16 194 192 136 64 212 104 94 126 41 239 204 3 252 9 198 75 12 253 156 19 236 90 111 152 5 11 229 222 188 157 254 147 218 191 137 62 83 155 39 196 184 55 97 50 233 203 143 54 60 86 6 37 7 219 35 150 26 165 74 34 63 235 225 160 180 61 80 76 18 79 209 103 57 163 87 114 248 244 72 238 73 47 227 237 131 
2 230 94 55 28 207 225 194 178 166 87 107 78 47 30 49 184 26 22 210 76 193 39 139 165 174 186 251 33 155 86 7 96 43 209 110 101 92 17 34 199 137 108 208 16 109 256 120 135 132 121 136 75 85 93 71 232 1 197 36 143 179 69 89 118 182 250 216 129 222 252 119 18 163 5 206 196 104 198 74 177 56 227 50 141 169 200 134 172 45 233 91 180 223 183 112 249 105 138 220 168 25 236 160 201 205 188 66 248 67 81 64 238 241 173 144 65 8 116 99 240 130 27 125 80 9 61 24 171 11 154 63 73 158 203 176 148 115 185 239 90 147 59 20 124 151 242 15 235 10 224 219 103 46 54 62 254 106 145 98 226 195 187 97 157 170 237 192 164 167 133 234 19 213 243 83 84 181 14 114 126 95 253 218 152 82 161 202 12 229 60 128 3 32 21 175 53 68 35 23 42 127 131 77 51 123 212 6 204 79 214 162 102 4 156 244 52 113 41 58 72 117 247 37 215 48 44 255 140 57 191 111 100 142 31 228 70 29 38 217 153 211 122 246 231 221 245 146 150 190 88 149 40 189 159 13 
151 25 23 88 49 230 207 16 237 130 170 31 243 47 86 136 135 70 127 22 145 248 123 147 197 106 72 134 204 6 217 253 176 247 219 203 188 96 40 222 124 82 165 201 208 46 14 2 179 100 252 79 192 24 229 65 143 169 205 44 59 224 234 158 213 42 85 137 236 75 167 196 34 132 68 8 36 80 81 175 67 239 92 220 225 69 116 215 171 218 105 231 199 15 13 221 26 108 235 173 11 115 117 126 256 232 77 43 166 54 206 4 89 142 153 39 154 104 242 114 112 61 95 63 21 162 159 84 32 55 52 189 193 122 62 200 212 110 87 71 98 120 186 133 58 195 238 144 187 250 241 90 18 233 228 138 3 74 9 160 51 103 245 140 125 94 202 102 240 113 209 227 97 210 180 28 174 33 244 99 78 37 251 181 185 66 152 60 35 91 157 7 50 182 76 226 29 17 57 172 178 177 246 164 190 56 163 155 150 148 118 129 48 38 73 121 19 119 20 156 255 45 83 10 27 111 5 146 30 223 12 1 214 107 139 149 249 191 161 184 168 254 141 64 53 194 93 128 198 101 109 211 41 216 131 183 
237 81 208 107 33 102 152 243 146 13 171 8 2 34 108 166 174 167 232 103 187 77 20 100 125 144 29 253 157 245 86 186 221 240 164 244 227 85 118 36 193 11 128 121 60 170 150 250 214 110 10 204 209 210 39 37 1 145 135 126 242 206 90 94 228 91 247 231 66 52 49 213 207 241 114 194 223 44 165 129 159 138 199 131 151 76 5 24 89 236 248 178 64 229 251 67 161 51 59 42 70 179 175 188 181 192 153 38 254 43 142 234 53 191 32 80 14 173 83 18 112 27 120 78 200 58 190 169 31 216 149 73 189 65 184 55 196 57 111 195 99 246 172 115 72 219 123 104 133 163 6 12 136 156 93 19 185 256 141 109 54 92 61 130 4 23 68 97 137 203 15 224 143 211 62 205 252 230 162 212 222 35 160 249 84 96 122 220 180 217 82 98 40 30 101 158 155 25 124 47 225 88 50 238 218 148 75 139 235 74 202 168 154 9 7 132 176 134 215 3 239 127 17 41 48 87 113 21 45 201 140 16 198 79 71 63 177 197 226 105 22 46 116 183 147 117 106 119 182 56 28 233 255 95 26 69 
248 222 156 82 170 193 256 95 158 16 81 210 231 251 205 197 152 56 235 206 11 129 110 45 200 136 76 105 72 37 9 88 62 246 159 147 178 157 78 58 171 163 61 101 255 220 86 117 141 106 74 17 194 66 57 149 191 247 80 199 240 1 151 118 174 234 221 12 254 195 207 10 20 179 51 177 241 166 183 70 150 137 239 125 133 25 212 252 224 214 126 161 236 32 103 29 85 227 107 100 120 148 181 202 94 204 68 139 185 30 28 83 172 79 109 198 48 216 43 60 217 226 169 140 123 87 23 143 73 112 5 104 71 2 124 218 18 182 162 35 134 108 244 190 40 228 238 155 245 113 186 167 84 188 33 187 168 7 116 64 232 53 34 253 26 233 132 77 184 114 145 173 176 115 203 243 223 6 219 189 146 55 54 3 135 52 63 99 93 91 144 8 131 102 21 242 49 192 249 59 208 130 128 42 96 119 164 27 122 31 36 209 75 153 92 90 121 19 98 97 69 111 44 230 67 13 89 237 215 165 50 180 4 229 41 47 142 225 213 22 201 160 211 127 154 250 175 46 138 24 65 38 39 14 196 15 
42 15 21 33 216 211 133 46 115 45 75 72 220 39 253 43 31 114 132 137 256 105 207 193 140 218 27 58 129 167 111 210 96 126 108 1 217 119 71 162 176 184 154 224 169 155 29 250 229 90 49 164 37 149 84 118 65 102 225 152 41 81 110 19 85 159 89 191 56 148 203 205 130 51 255 34 64 40 53 91 177 128 95 208 22 62 52 47 5 78 186 144 30 127 99 223 246 185 79 124 106 73 83 74 36 55 189 243 180 59 28 199 60 231 109 232 103 97 202 4 230 125 234 141 38 35 145 244 192 238 48 82 138 239 80 198 190 116 147 183 213 222 151 196 13 18 70 235 254 135 219 112 8 227 3 249 2 228 101 188 165 187 10 142 178 252 86 25 157 212 172 50 251 24 174 195 44 240 242 54 163 179 194 16 247 146 117 136 63 175 161 166 153 94 245 221 93 134 209 204 14 32 168 104 69 170 66 214 68 182 92 7 171 61 23 206 57 150 6 121 237 77 123 158 201 88 248 12 11 156 9 215 120 67 226 76 131 181 100 98 122 200 20 139 160 107 241 143 173 113 236 87 17 197 26 233 
100 88 175 241 157 223 111 180 59 68 221 27 125 74 214 173 233 98 204 248 146 83 34 32 65 192 126 11 198 39 38 159 169 211 246 256 245 109 171 181 53 237 85 139 143 72 36 224 194 177 63 234 202 251 151 142 69 160 129 66 120 20 154 104 239 47 193 6 114 10 188 137 128 3 207 55 108 231 144 132 253 19 25 131 97 101 230 176 113 222 217 42 93 7 1 232 48 255 196 89 119 117 140 124 162 37 71 67 127 44 187 145 9 189 103 136 51 185 242 58 95 133 90 118 18 208 155 80 199 203 150 226 166 164 158 16 5 186 161 64 228 167 134 75 17 49 29 122 79 135 4 190 244 86 170 99 235 70 21 130 218 96 84 57 73 94 206 183 33 31 210 197 30 50 62 54 23 148 24 46 250 205 182 52 110 236 116 191 15 212 61 165 43 249 184 179 216 2 45 107 28 41 172 156 102 35 153 12 168 238 76 60 13 178 106 252 115 201 56 243 82 195 87 26 200 92 147 227 14 149 219 229 77 215 174 22 8 254 247 141 220 40 78 123 91 138 225 105 121 163 240 112 152 213 81 209 
96 217 46 145 172 32 60 122 62 248 194 237 53 229 162 210 157 219 128 63 216 106 139 232 39 198 11 58 204 101 136 200 152 23 164 182 167 191 163 135 240 9 68 57 81 137 171 36 85 185 234 148 17 125 19 130 38 183 155 47 113 44 238 5 24 61 14 180 251 22 119 231 250 150 186 111 140 117 158 74 181 13 220 133 169 41 246 87 215 179 71 151 199 65 161 197 4 225 196 42 116 253 90 177 195 206 209 226 176 235 170 29 66 51 230 98 7 54 228 100 142 236 131 187 80 203 1 2 184 114 73 107 112 168 160 30 123 118 91 78 192 55 3 75 10 121 243 222 227 12 94 6 26 218 49 127 190 224 108 252 132 193 31 95 141 211 35 20 34 153 208 244 178 99 126 82 89 43 103 52 214 143 223 48 239 202 165 109 104 149 79 84 15 110 45 93 221 124 144 102 189 201 69 72 76 83 256 70 18 129 188 249 16 245 27 120 59 175 255 146 56 205 159 64 154 50 207 115 173 37 233 174 254 40 92 147 25 97 28 166 241 156 247 212 86 105 134 88 8 77 67 138 242 33 21 213 
152 60 20 212 189 206 201 100 192 46 124 240 180 149 175 9 207 42 164 179 246 235 28 230 119 14 229 90 117 40 146 128 254 6 50 59 218 27 241 172 222 58 145 187 72 96 202 80 198 133 5 43 167 103 236 147 79 163 225 253 35 238 155 129 110 68 56 138 121 137 157 183 12 29 88 94 38 250 22 139 123 142 242 83 77 62 148 107 174 75 25 195 16 47 127 204 234 24 13 150 181 166 245 65 194 170 101 109 243 209 226 168 39 53 233 57 227 131 154 200 95 114 210 228 224 18 196 208 11 105 162 26 182 97 44 190 89 111 255 76 203 98 177 135 78 48 214 211 232 247 158 84 36 213 55 115 136 217 215 125 3 81 153 186 45 51 69 161 104 221 31 99 116 126 185 23 188 193 122 10 71 130 86 91 239 52 169 223 49 156 252 176 1 144 102 244 61 85 178 132 159 74 70 67 8 66 219 64 231 184 63 199 141 17 216 120 220 197 87 151 143 108 92 37 106 256 251 112 41 173 191 160 32 248 205 165 113 15 7 237 82 118 93 33 34 54 134 171 140 19 4 21 73 249 30 2 
160 113 26 153 6 7 170 144 226 4 104 192 214 197 101 121 59 213 72 208 185 110 150 71 169 14 207 40 23 35 225 75 147 241 198 41 182 218 124 212 69 235 44 249 184 195 168 132 42 111 215 237 45 219 223 159 196 177 56 53 167 232 158 188 5 98 68 199 49 202 200 97 193 130 70 25 233 201 58 105 48 191 92 76 164 136 190 82 112 178 194 16 244 81 173 161 175 253 240 217 62 209 109 129 36 74 138 24 203 29 77 254 91 163 141 8 12 32 127 118 227 229 205 125 133 1 126 18 89 61 115 238 137 243 51 3 239 148 67 236 252 251 39 83 102 246 172 242 66 63 9 52 234 162 38 11 222 84 231 151 157 142 57 34 107 245 47 95 88 204 86 80 156 37 174 230 108 228 79 93 96 189 186 99 114 179 256 221 135 15 22 166 206 106 216 50 187 248 2 87 145 20 100 210 139 123 19 65 43 181 140 94 116 55 149 46 152 128 171 90 250 165 255 103 117 146 143 122 31 21 33 54 30 85 220 17 10 60 13 28 131 119 64 120 155 78 154 27 180 247 224 176 183 73 134 211 
157 70 111 168 54 104 196 123 24 224 162 8 207 141 25 138 134 171 118 203 106 98 40 105 208 165 237 117 166 125 61 199 244 16 72 228 59 34 39 93 130 185 19 189 36 28 180 198 126 232 205 234 222 4 160 112 55 76 156 226 241 101 173 47 133 79 177 122 43 2 84 235 135 75 94 243 5 30 73 69 146 191 68 238 71 86 32 20 164 62 114 109 170 214 174 147 159 13 107 250 240 183 215 212 65 193 217 95 88 97 35 252 230 92 137 38 154 151 103 57 148 188 221 91 48 190 132 108 64 187 45 18 67 219 42 142 201 53 74 116 211 242 204 99 197 51 80 119 163 26 231 50 110 115 202 139 178 200 90 236 81 3 218 82 182 21 124 87 158 245 216 213 152 52 175 254 113 167 239 233 7 89 12 143 44 66 77 181 192 131 210 144 58 120 150 172 100 14 129 229 128 63 10 256 96 184 179 1 248 155 37 85 31 102 247 11 161 121 186 23 194 176 136 149 15 209 145 6 60 33 255 249 56 127 246 225 223 169 227 78 46 220 206 140 22 195 17 9 29 49 253 251 27 83 41 153 
117 98 39 151 145 253 8 49 194 92 113 240 255 213 147 23 170 178 209 137 132 212 133 129 103 191 112 4 228 234 176 93 78 120 155 64 75 131 153 3 158 250 54 94 58 85 38 104 221 242 74 251 89 220 65 254 17 19 165 218 162 61 190 42 13 177 160 135 87 123 143 152 229 202 144 14 41 197 86 95 217 236 161 11 9 223 6 63 84 168 207 36 18 73 71 232 238 171 128 204 48 77 154 105 233 183 43 32 5 116 185 196 225 256 150 2 188 181 227 31 50 44 1 66 243 230 252 248 241 163 124 138 125 175 246 16 114 37 172 29 216 239 102 192 237 53 83 106 81 157 201 22 110 59 57 67 55 30 182 12 79 33 111 97 80 215 166 245 187 156 210 82 244 47 7 62 46 146 68 173 195 70 56 96 247 186 159 119 136 34 76 10 118 51 174 167 25 115 219 99 199 45 226 205 100 139 91 108 169 189 27 107 180 121 231 126 211 164 149 52 203 134 184 24 20 179 200 208 69 249 130 214 109 88 122 26 148 60 127 35 21 224 222 28 15 206 72 101 198 235 193 142 90 40 141 140 
126 128 193 118 3 157 215 127 226 115 53 19 142 114 97 57 17 46 203 137 196 63 189 144 68 254 72 217 234 237 140 94 14 52 235 171 48 162 4 119 21 214 244 213 158 222 182 66 45 245 232 152 111 105 108 223 190 220 33 60 204 187 103 132 159 125 113 82 198 199 38 252 42 95 178 69 133 150 205 145 25 54 229 41 62 67 135 85 165 123 149 170 102 136 2 98 233 28 91 73 197 7 39 107 138 168 167 164 31 77 8 250 44 207 90 224 246 106 23 176 188 29 6 141 156 218 192 225 47 143 27 219 112 56 59 201 241 172 99 89 202 100 221 129 174 43 50 146 64 242 153 75 117 256 211 22 251 161 40 120 227 116 248 61 154 173 191 200 122 181 51 160 231 121 175 139 35 255 87 212 78 93 13 32 37 163 134 151 180 185 80 110 34 84 24 81 230 74 147 76 238 11 83 194 210 20 15 186 216 92 1 109 209 55 148 70 177 247 26 184 10 243 240 206 16 58 96 5 195 131 179 18 169 79 36 12 183 228 130 71 155 124 236 239 9 65 166 88 208 249 101 30 86 253 49 104 
58 231 116 6 46 88 85 92 195 94 208 252 86 165 179 57 123 21 205 19 110 155 72 65 153 35 95 56 203 238 144 173 98 151 185 129 75 29 42 124 74 70 7 31 201 93 24 228 117 48 39 128 68 100 160 225 143 255 227 242 15 10 198 145 149 27 172 207 107 156 254 230 132 52 189 37 166 91 251 147 119 18 80 204 23 175 20 174 26 118 76 196 90 219 197 67 176 148 114 218 216 50 111 152 200 60 49 62 125 13 79 81 140 212 170 30 193 1 120 34 83 215 25 101 78 9 44 235 150 43 102 184 32 47 12 5 192 141 210 188 237 159 104 182 180 249 121 250 84 178 69 186 130 239 243 89 136 161 127 177 115 142 71 206 139 217 3 232 229 211 28 40 131 134 248 157 112 135 253 87 256 96 77 11 51 226 38 59 236 247 61 187 22 2 240 199 108 244 73 222 97 221 213 167 146 209 191 66 194 63 105 163 171 82 154 99 36 158 33 54 45 220 109 41 190 223 245 53 137 233 133 126 14 202 64 55 106 103 246 162 4 164 183 181 113 138 241 234 122 224 17 169 214 16 168 8 
130 242 58 16 219 126 215 120 5 147 163 15 51 68 222 124 188 139 67 60 227 132 40 31 115 127 161 243 62 218 168 98 232 153 250 125 214 119 175 141 66 107 169 166 245 110 158 3 92 14 35 29 211 256 230 228 140 239 4 179 231 118 111 136 77 150 201 177 69 149 234 213 49 19 73 30 191 81 59 176 131 75 194 122 236 61 233 171 145 165 32 123 117 212 97 155 116 178 95 237 41 138 220 101 151 223 90 159 47 13 8 27 6 154 79 134 43 48 204 42 96 251 248 72 17 28 196 104 207 142 55 87 190 20 244 254 198 209 203 225 235 10 34 253 114 162 180 216 183 105 193 202 199 189 80 200 133 63 65 238 106 208 221 91 252 46 26 128 229 86 137 7 249 99 108 121 83 210 186 44 82 85 102 94 174 181 2 33 25 246 112 226 56 64 52 170 53 74 160 89 100 157 143 173 241 45 93 22 18 197 54 70 240 71 217 103 164 144 146 129 88 1 205 182 9 187 195 21 84 172 247 156 113 12 184 36 192 152 148 224 167 50 78 135 37 23 109 24 185 255 206 76 57 11 39 38 
182 157 14 3 132 38 253 224 131 68 113 124 40 174 13 129 202 184 41 55 165 18 56 228 108 88 152 217 133 35 163 33 144 123 116 100 82 37 151 134 121 71 62 130 94 2 107 229 36 239 25 146 85 251 98 199 39 242 93 138 186 169 48 136 110 21 43 238 126 45 211 142 256 206 12 17 11 120 9 8 52 203 117 187 4 248 173 6 198 77 84 135 212 78 188 183 222 158 181 105 164 233 27 247 220 141 51 200 86 42 190 10 192 225 250 204 128 112 70 195 60 234 118 72 176 95 83 159 143 24 114 115 80 79 171 22 161 75 235 90 104 149 49 145 54 125 65 19 218 255 81 241 102 240 53 209 92 91 155 57 213 175 7 103 215 162 63 87 219 69 210 30 154 119 46 179 20 244 127 15 137 160 177 191 231 153 139 180 167 150 106 28 26 170 193 185 221 44 226 89 252 101 74 111 97 207 5 214 194 245 140 230 168 148 76 246 16 99 254 205 216 1 23 61 73 64 236 243 172 109 29 66 34 31 196 156 227 32 223 96 58 201 67 237 197 47 166 59 122 208 147 178 189 50 249 232 
151 1 132 102 35 17 32 94 225 202 111 131 97 227 203 110 82 200 205 213 121 236 96 165 134 68 98 152 23 173 22 231 10 251 162 33 217 127 172 59 122 11 185 66 57 16 24 153 125 183 71 31 112 120 99 254 74 48 95 147 242 45 101 51 12 109 116 76 69 250 187 56 15 182 166 156 255 144 158 170 63 249 39 58 114 136 44 119 65 214 179 64 181 233 43 167 7 229 221 148 235 222 78 60 93 232 208 5 123 243 86 42 90 246 50 199 210 3 184 230 124 188 143 177 49 245 83 193 126 92 130 209 104 25 248 247 87 176 85 190 21 155 223 215 196 256 75 138 4 13 218 145 53 137 195 84 211 2 239 18 244 77 118 197 168 88 180 198 38 67 107 46 70 139 135 240 105 89 55 238 79 19 171 253 150 204 189 6 146 133 237 81 54 159 106 194 36 149 207 20 219 91 160 26 142 72 73 212 201 29 41 192 103 115 157 216 174 161 220 141 37 178 100 226 117 80 108 128 52 14 140 113 175 30 154 47 28 8 169 40 234 9 224 62 191 164 241 186 27 61 163 252 129 206 34 228 
28 148 230 215 214 237 209 212 219 50 196 239 236 252 104 55 43 228 83 128 30 178 224 29 197 134 85 250 2 115 71 120 98 194 232 94 229 95 207 177 34 5 32 243 155 183 109 38 213 246 100 132 166 201 138 126 170 139 112 48 101 47 4 181 116 158 156 46 189 8 84 164 152 233 36 64 167 198 39 19 129 193 200 93 15 225 133 220 187 144 172 79 33 80 168 92 86 97 114 75 205 52 169 3 41 190 235 217 248 9 16 171 51 81 202 108 17 7 154 44 221 203 20 12 255 59 199 111 31 204 160 244 74 227 67 65 124 251 157 40 175 188 210 192 256 226 56 18 254 231 45 240 1 180 137 142 102 42 106 153 69 25 37 162 211 21 186 57 113 23 87 26 122 13 216 223 135 253 60 123 77 165 49 151 145 121 53 249 146 182 62 125 218 105 10 191 159 208 90 176 61 174 136 68 82 143 127 117 206 131 27 72 140 96 66 141 58 150 103 24 147 110 184 63 54 161 70 73 173 238 247 11 76 222 14 118 245 78 234 35 163 6 89 179 91 149 241 195 99 88 119 107 242 22 130 185 
62 28 54 143 216 195 60 212 196 222 179 231 218 53 175 9 128 41 65 234 20 217 119 210 72 123 79 129 34 188 153 63 227 18 97 155 236 93 89 226 77 36 117 43 248 51 246 239 48 21 132 250 185 159 176 91 184 55 252 111 80 29 30 44 38 136 146 208 183 224 156 31 106 112 50 76 95 67 40 141 10 215 121 115 240 154 24 190 163 64 170 205 173 116 122 2 114 75 245 13 17 144 172 42 209 56 157 57 22 66 61 223 25 102 134 180 187 149 165 74 201 131 16 256 69 242 7 235 229 105 125 171 254 100 166 135 92 110 225 23 199 158 58 70 103 233 160 249 230 186 104 83 109 1 162 120 142 198 251 68 193 37 168 202 3 118 189 238 181 124 169 255 49 45 192 253 148 232 203 161 14 33 237 207 84 19 52 211 241 164 191 213 200 96 147 220 197 204 88 81 35 98 39 130 243 247 221 27 6 113 87 139 99 78 152 151 182 85 46 214 244 145 140 12 86 11 177 8 71 167 26 174 219 101 178 47 5 15 228 107 94 133 73 194 206 32 126 82 59 137 108 4 90 150 138 127 
252 242 46 2 159 89 198 215 75 94 211 147 99 231 188 155 191 230 241 210 79 119 246 168 106 84 3 163 109 103 101 107 21 65 244 199 190 128 98 130 237 116 160 45 67 83 255 127 166 184 247 7 180 85 66 204 58 187 183 17 26 169 136 96 43 233 60 134 20 236 176 157 36 76 55 207 111 182 158 219 148 69 132 256 124 254 30 40 110 212 64 70 203 175 44 214 11 120 225 177 248 82 195 35 228 129 27 80 126 138 33 240 16 73 61 4 135 173 123 156 179 232 221 90 142 112 8 193 53 208 139 113 235 194 144 24 141 59 74 51 115 78 226 200 114 178 209 223 164 239 5 143 150 81 206 97 167 189 29 105 117 88 87 174 245 229 15 39 251 38 234 181 32 25 57 108 185 12 171 77 121 145 149 37 49 118 196 48 68 100 56 165 216 222 47 238 249 227 202 213 243 192 22 205 63 131 95 218 186 19 125 197 31 201 41 91 23 14 92 146 13 62 137 6 151 172 93 28 54 253 153 220 224 162 72 122 152 133 161 104 50 102 170 154 140 217 9 71 86 18 1 42 10 52 34 250 
92 181 200 47 69 204 233 67 14 36 163 218 85 41 194 76 42 28 252 142 55 253 231 220 196 91 188 81 51 211 3 140 94 35 149 174 251 114 15 99 208 53 116 2 217 209 166 97 205 49 145 125 161 21 17 64 62 256 9 210 179 154 222 45 186 150 155 152 131 229 223 187 184 198 16 7 249 134 4 156 84 34 98 144 88 160 66 1 171 236 164 13 189 109 56 58 30 110 18 65 68 124 70 170 32 40 173 79 61 247 201 48 57 239 139 177 6 148 169 117 22 146 39 119 182 195 115 54 11 234 158 178 245 207 107 232 105 129 241 153 141 89 29 80 230 38 52 8 227 5 122 132 90 192 165 143 73 255 138 147 113 193 191 95 219 172 151 238 23 135 112 162 25 123 46 93 59 214 26 50 197 212 127 130 203 102 104 244 71 87 185 228 100 19 43 111 215 250 103 108 120 78 75 157 248 136 175 10 33 224 96 225 27 126 74 213 77 190 237 12 226 72 121 63 183 24 240 167 243 168 133 206 242 246 176 159 37 31 128 235 44 221 202 20 83 106 216 86 118 101 180 254 82 199 137 60 
152 196 141 123 109 42 201 223 210 26 174 35 66 232 194 171 168 60 59 45 131 6 150 104 176 102 37 29 49 95 71 234 144 236 69 157 251 43 99 122 84 44 246 17 128 216 83 140 46 233 130 178 22 200 34 247 12 89 63 53 21 256 153 119 80 40 25 64 184 245 70 105 146 238 124 143 230 138 133 27 243 209 237 197 228 253 107 205 188 249 111 221 148 23 154 135 125 54 5 68 106 214 166 181 189 110 41 172 38 187 224 158 222 248 252 242 165 18 186 160 139 11 114 51 240 207 229 8 112 173 7 155 91 76 136 231 190 4 92 147 182 121 81 78 180 100 32 212 177 219 163 250 115 204 220 74 88 191 57 16 62 90 217 208 67 179 137 101 192 164 36 33 58 151 132 85 211 24 117 94 199 1 86 56 87 30 10 52 183 241 254 202 15 113 126 75 215 167 255 103 93 227 175 13 134 82 203 195 193 185 48 156 14 61 225 3 47 218 2 116 72 244 127 235 55 159 73 170 108 118 97 162 239 161 50 98 149 198 77 213 39 96 129 226 142 31 79 28 9 120 206 145 169 20 19 65 
77 253 6 15 107 51 221 26 85 59 159 86 181 234 116 188 19 11 190 23 98 174 246 57 233 131 201 197 109 222 95 91 48 160 50 153 180 209 139 10 138 18 28 83 184 45 185 99 56 125 215 193 237 178 217 135 122 170 14 212 105 60 27 127 189 244 254 31 176 156 177 69 214 40 186 152 242 140 52 154 241 205 143 4 171 1 228 256 200 252 41 33 64 126 224 90 219 203 251 198 32 94 163 47 158 74 129 175 96 12 142 67 81 206 92 133 243 118 173 30 255 187 88 204 5 8 2 55 220 34 65 38 232 117 71 199 113 226 194 213 68 62 225 103 102 236 75 249 82 151 195 61 76 248 231 110 183 210 218 191 182 22 192 63 124 24 229 211 70 150 137 169 80 164 223 128 58 97 89 49 145 216 157 108 179 230 166 66 238 168 240 134 202 13 7 54 208 101 53 46 146 172 78 25 84 87 147 235 148 9 196 247 37 112 167 144 111 100 72 149 29 165 106 20 21 104 245 42 115 3 39 93 120 17 130 16 119 36 35 44 250 132 114 207 239 73 79 141 121 161 136 155 162 227 123 43 
145 249 141 24 161 214 26 168 81 241 186 42 252 169 209 101 185 174 233 29 151 142 62 84 129 59 191 162 28 38 160 114 7 94 36 87 70 221 130 37 219 124 210 86 76 126 60 106 121 251 5 158 150 68 230 21 133 9 180 220 189 16 34 110 239 33 207 73 234 115 53 47 225 159 177 216 99 123 127 208 48 229 30 20 152 231 137 190 201 14 103 88 246 104 108 200 80 155 198 250 163 77 66 148 218 132 15 134 255 228 144 96 54 206 31 184 173 138 78 238 82 8 113 211 176 181 205 109 122 17 172 178 6 27 3 13 143 167 237 40 107 247 171 226 248 18 235 65 4 72 119 232 192 98 197 243 49 188 120 79 105 139 19 170 50 125 244 175 116 2 75 187 69 213 256 56 55 63 140 166 164 147 46 149 212 236 240 217 165 215 35 32 222 183 242 204 199 97 22 57 71 182 196 154 102 227 85 193 58 44 93 112 10 83 1 223 64 179 156 91 157 67 118 52 43 117 12 111 195 95 203 146 135 89 61 41 23 136 128 92 51 131 245 25 90 253 224 254 202 39 100 74 194 153 11 45 
56 36 194 45 17 205 84 218 147 49 156 77 105 39 110 238 214 230 255 21 182 65 249 165 117 127 24 38 173 10 186 142 195 125 102 215 131 221 15 196 145 217 93 29 43 13 172 256 18 74 31 50 94 139 16 59 80 64 114 176 101 68 247 216 98 251 245 90 254 179 22 120 235 253 44 229 113 168 51 60 130 146 166 171 138 108 233 63 140 66 67 73 174 143 224 62 133 96 91 123 134 154 248 4 53 180 14 41 137 124 129 107 58 12 155 136 42 19 115 7 193 178 87 69 239 188 33 104 88 70 82 75 128 197 97 144 190 185 132 232 203 240 83 27 57 192 237 6 183 85 159 227 228 122 34 177 198 163 202 157 153 112 71 72 116 111 250 200 204 161 3 187 81 103 242 118 141 61 201 212 222 32 244 89 184 226 199 40 149 160 86 55 162 211 121 243 206 207 109 150 151 46 78 37 126 28 170 210 54 213 181 100 99 234 26 189 225 95 11 30 175 52 236 148 191 119 231 76 92 208 5 48 47 106 25 158 35 23 135 223 252 241 164 220 79 1 2 20 8 152 209 246 9 167 219 169 
174 70 36 55 238 184 90 12 52 57 107 100 248 69 84 245 199 49 150 134 182 102 54 105 56 211 203 53 1 25 115 101 20 104 33 221 58 19 126 60 97 129 175 167 178 30 121 160 9 208 172 98 92 37 81 23 43 181 89 24 234 4 71 188 99 227 7 106 123 204 87 249 231 177 34 127 110 230 159 220 17 229 197 47 236 39 253 59 251 255 61 193 124 5 21 50 131 161 132 130 185 239 256 28 244 252 202 215 44 122 76 247 189 156 128 191 140 85 213 206 42 158 35 82 223 73 196 83 224 205 94 16 195 163 119 168 40 250 246 153 162 111 143 149 135 148 139 6 116 138 125 152 243 186 75 179 165 117 48 133 192 144 22 26 112 217 27 91 72 146 45 225 170 212 86 38 31 114 241 29 10 201 66 137 32 11 173 79 96 190 200 51 8 77 171 147 207 235 62 183 120 198 95 113 67 141 15 237 145 14 214 41 154 13 157 222 233 136 63 80 68 210 218 209 240 176 226 74 118 228 155 2 78 64 103 65 169 108 194 232 18 46 219 164 187 254 166 3 242 216 88 109 180 142 151 93 
80 72 108 86 79 121 179 40 30 169 88 219 199 222 221 12 44 123 29 7 1 246 151 232 217 115 154 235 126 209 185 56 100 139 186 59 174 252 101 173 175 128 191 229 99 208 166 155 202 31 223 9 171 242 23 5 241 109 47 201 53 75 38 184 153 51 244 91 83 4 41 104 167 227 20 226 203 60 124 213 225 194 159 49 162 17 156 102 76 106 15 248 84 105 198 132 73 220 160 149 192 33 204 224 26 82 141 42 3 205 61 19 143 16 230 164 180 214 70 228 215 107 18 131 163 140 85 188 113 211 170 77 172 130 129 133 216 87 52 150 89 46 67 245 58 193 176 48 114 196 239 74 63 135 95 187 21 152 256 142 11 65 136 233 97 37 96 127 231 62 117 68 39 144 138 35 250 212 25 161 183 207 234 189 10 28 165 92 111 34 54 240 125 206 57 253 182 255 254 145 6 158 13 2 112 66 81 8 251 69 210 168 195 137 146 122 236 64 36 24 177 110 14 45 200 94 27 190 238 147 55 243 197 93 50 103 178 120 237 247 134 116 43 118 98 119 249 157 218 148 181 78 90 22 32 71 
238 132 209 252 147 249 87 232 246 231 66 160 135 37 178 49 63 16 51 111 145 64 129 197 251 219 130 213 168 6 126 184 12 124 226 164 195 162 5 196 253 256 201 136 222 191 229 35 187 175 225 33 67 194 81 174 245 100 29 211 205 94 223 250 39 240 20 21 123 165 43 60 247 138 139 90 26 190 137 104 84 103 83 54 7 237 149 235 38 58 210 208 117 183 9 133 22 11 199 121 80 108 101 182 212 88 34 114 206 243 4 204 193 97 192 224 74 244 128 45 143 186 79 28 27 86 152 24 188 53 15 102 92 30 99 68 13 236 95 146 189 56 116 221 93 154 158 150 44 61 161 163 200 32 42 248 48 215 110 202 173 23 25 125 73 3 85 105 77 180 91 2 76 151 155 218 55 59 82 157 254 141 65 169 17 203 119 122 75 52 179 166 46 70 71 40 233 142 156 18 69 89 227 96 170 214 228 176 148 217 177 1 113 107 47 106 78 131 57 14 36 19 171 10 181 127 159 239 140 118 115 230 112 72 220 144 109 216 120 167 153 172 8 98 242 50 255 198 41 234 241 207 134 31 62 185 
214 39 187 152 230 119 21 143 77 164 157 223 186 85 82 248 184 226 42 43 135 16 243 129 64 102 172 197 80 132 207 116 174 78 212 51 140 206 74 76 139 165 217 68 159 10 9 105 71 141 88 147 193 89 176 229 233 122 228 221 144 15 196 35 57 32 5 45 245 151 112 6 19 113 48 14 36 192 185 175 247 12 40 256 20 94 103 237 121 67 162 63 38 190 120 61 183 240 235 169 222 166 153 234 109 18 115 201 181 160 200 31 137 17 252 65 216 99 28 69 171 37 148 52 13 96 41 59 126 55 130 231 34 189 123 251 110 84 213 224 47 195 158 118 114 254 33 202 49 142 53 188 167 22 239 244 104 54 219 44 180 246 203 86 149 58 8 253 101 106 4 7 236 209 91 127 238 146 138 92 90 125 25 56 11 134 131 30 210 150 161 111 100 107 208 232 83 70 50 2 60 93 75 194 29 26 255 81 177 182 173 97 241 168 154 128 198 117 27 62 204 24 249 73 156 136 98 215 163 242 133 191 95 179 205 155 108 218 227 3 250 178 220 199 170 1 87 124 79 66 145 211 225 46 23 72 
22 137 11 49 239 8 210 125 24 29 233 119 111 42 165 97 153 82 199 218 53 77 224 182 246 123 128 179 236 145 57 104 69 76 72 189 33 215 62 205 71 10 200 12 18 238 73 132 102 169 120 229 234 170 50 75 144 59 225 240 91 16 67 112 192 193 230 45 80 63 142 177 166 187 152 162 196 222 185 176 34 56 197 242 235 114 237 220 38 203 61 109 15 87 254 39 161 248 31 81 206 78 171 6 211 44 183 147 110 223 241 256 99 249 180 106 159 167 54 74 7 227 232 195 70 85 3 217 41 151 181 108 51 188 133 105 58 98 149 160 23 174 32 143 148 208 36 100 96 65 84 90 68 204 146 155 83 103 140 158 117 107 121 35 28 66 9 127 191 20 244 253 190 194 255 175 136 163 48 101 93 172 19 47 118 186 198 178 150 156 138 5 115 116 209 219 95 26 213 94 37 214 92 124 226 126 207 135 134 88 173 164 79 141 201 4 157 60 129 216 154 40 130 89 25 247 250 184 2 14 64 221 27 212 252 243 251 139 131 30 17 1 55 202 43 21 113 52 228 46 13 245 231 86 122 168 
66 7 252 190 54 201 134 99 2 12 46 146 96 224 163 49 181 209 10 129 204 63 92 119 43 42 184 189 216 3 180 60 84 239 89 9 70 4 135 106 169 28 191 166 235 21 44 14 177 144 227 136 155 208 82 73 33 214 188 164 198 218 253 110 24 55 131 62 65 142 238 112 207 115 68 254 71 145 78 159 182 23 121 137 75 20 114 162 87 171 122 6 5 212 116 67 147 187 250 64 118 132 225 79 141 104 74 138 94 152 58 143 61 230 48 148 38 101 178 102 88 111 97 39 36 165 16 231 221 185 51 76 59 105 150 173 98 32 229 113 194 205 120 195 47 158 228 217 154 149 211 223 11 248 108 17 151 117 140 91 240 241 109 255 202 237 57 100 222 107 186 251 197 192 193 256 199 35 77 249 246 200 124 37 220 85 125 41 90 183 206 34 93 80 233 103 236 130 19 176 128 226 203 52 72 22 25 45 27 30 56 139 8 86 170 40 95 210 83 161 29 179 50 127 167 244 160 126 156 196 172 245 31 18 81 215 157 242 26 213 123 174 133 175 53 232 219 168 69 247 243 153 15 13 234 1 
226 141 246 221 203 13 37 179 171 238 228 188 98 217 252 142 121 10 219 20 220 178 113 208 224 125 240 56 88 212 216 87 80 53 250 110 211 40 64 247 204 214 200 47 30 111 176 189 234 58 66 107 251 45 108 114 71 72 150 195 162 242 48 197 23 1 52 27 140 4 5 225 61 235 157 183 124 177 172 165 9 34 86 135 38 169 249 149 201 91 119 205 26 14 207 254 76 244 180 131 193 174 15 129 101 54 24 154 69 46 137 73 241 138 118 35 175 32 19 245 170 126 12 51 152 31 185 82 22 44 160 236 199 3 117 11 92 57 231 222 227 89 81 36 112 239 145 144 166 59 202 33 143 29 168 90 109 206 85 63 186 194 78 79 191 210 230 147 116 148 120 146 106 243 104 25 130 122 84 74 156 21 237 151 134 62 136 39 192 67 105 215 255 209 196 181 182 253 94 100 184 248 127 97 17 218 164 70 115 161 190 132 159 50 7 49 60 8 128 16 123 99 65 233 256 102 55 139 6 103 163 68 158 28 232 187 41 96 75 43 18 223 2 167 213 95 173 198 77 153 133 83 155 229 93 42 
108 96 77 151 23 113 111 46 219 2 3 117 99 104 55 145 217 8 170 222 160 128 48 187 109 17 81 85 70 44 6 21 143 195 164 189 209 13 35 40 206 127 141 167 221 191 234 39 106 101 125 53 207 62 107 58 204 86 179 230 50 84 177 154 7 183 223 115 197 156 192 19 241 213 176 52 9 69 65 97 41 194 83 238 56 242 172 184 144 212 43 254 161 33 249 49 198 132 166 227 118 15 173 155 157 126 153 5 82 224 215 244 169 133 147 98 120 92 114 250 112 14 202 93 95 37 105 131 38 76 171 152 34 134 57 136 251 91 236 174 229 239 252 149 24 139 110 30 186 42 201 165 60 220 72 36 94 180 159 122 203 233 210 240 130 59 25 63 158 80 20 200 178 175 71 216 12 10 31 148 231 232 116 226 253 87 246 193 78 123 4 100 163 255 162 29 22 54 182 64 26 243 68 137 205 235 11 138 218 185 45 103 208 124 142 228 190 211 73 140 225 75 129 1 102 61 67 135 32 27 51 66 168 89 88 90 188 146 119 18 245 214 28 150 199 256 47 79 74 196 248 181 121 237 16 247 
142 184 129 179 68 243 168 248 122 214 77 108 247 39 32 130 165 56 137 239 159 249 245 104 161 46 97 228 70 213 81 180 66 158 60 203 236 123 221 230 75 33 196 67 72 128 23 152 15 88 252 69 223 19 43 26 61 18 16 126 156 45 115 255 64 73 218 225 212 202 224 237 199 235 135 59 2 125 163 42 198 195 134 188 55 28 22 231 44 86 25 63 181 132 210 232 166 4 176 241 94 3 118 1 170 246 27 233 50 12 21 107 211 105 103 52 227 217 205 174 110 145 160 226 127 171 173 216 155 121 153 190 162 183 90 151 178 109 13 242 98 96 238 92 194 172 113 71 251 82 5 149 54 7 58 192 191 87 79 11 89 102 154 141 143 62 85 222 250 147 117 112 111 24 197 119 157 187 219 185 244 256 10 175 51 131 114 65 106 95 41 36 49 139 9 253 229 31 207 30 78 186 144 40 150 206 215 169 193 189 74 83 29 208 20 57 204 91 93 240 8 148 38 99 140 136 37 14 164 146 254 124 34 182 116 133 167 35 100 84 47 76 53 234 177 200 6 201 80 138 17 220 209 48 101 120 
76 164 62 30 119 195 83 4 44 54 99 109 97 93 19 117 223 221 162 38 53 94 224 198 228 167 161 237 197 75 229 220 160 173 132 250 203 159 168 248 187 128 39 170 100 57 214 69 202 88 153 201 116 126 146 13 149 141 108 80 16 123 105 56 11 200 133 155 1 84 169 205 25 43 189 18 40 239 47 129 242 46 166 23 246 33 70 37 240 218 212 256 104 253 20 14 28 59 61 185 140 60 120 107 58 2 251 92 86 10 5 125 36 71 139 98 238 171 137 12 95 134 3 181 103 190 180 50 152 148 68 101 199 78 252 17 89 73 219 194 111 174 27 186 9 112 49 151 244 183 138 211 66 216 26 222 143 131 177 243 188 207 102 81 113 91 34 254 67 79 245 96 63 144 41 232 6 147 127 110 35 163 118 233 236 24 206 150 74 114 217 21 209 249 52 142 184 208 193 7 45 213 154 29 124 226 42 179 165 196 230 225 65 178 145 231 172 87 156 85 175 234 135 115 241 122 204 182 64 136 77 235 210 227 247 82 176 55 22 48 51 31 15 121 192 158 255 8 215 32 157 72 106 191 90 130 
216 60 52 133 53 142 166 17 148 77 58 247 170 66 95 44 3 169 206 55 30 25 158 251 73 13 88 172 40 82 215 192 9 33 83 16 150 209 191 205 18 187 8 196 38 164 46 61 105 26 75 87 132 10 176 189 143 104 139 180 43 48 226 203 20 29 57 119 111 21 220 51 246 177 149 135 255 37 232 138 185 229 124 245 84 99 130 72 242 42 168 145 54 22 24 118 197 154 94 34 49 89 106 163 67 126 6 64 173 239 202 159 217 153 92 179 184 109 41 101 162 204 253 113 28 141 98 32 152 230 131 193 211 56 198 190 96 103 129 15 59 110 248 97 11 186 125 36 155 112 167 181 146 128 123 218 210 69 102 252 74 171 240 78 68 227 122 228 249 250 93 7 14 65 161 1 183 5 157 243 156 237 174 121 238 208 81 107 137 47 147 233 178 117 225 222 35 234 71 114 236 70 50 160 165 151 224 91 231 134 182 221 2 219 27 194 86 188 212 90 4 235 195 223 140 108 175 256 244 63 79 19 116 31 199 115 213 200 254 45 23 85 241 201 136 100 120 76 127 144 62 207 39 214 12 80 
155 168 213 95 192 201 92 61 154 50 100 202 140 89 44 16 158 103 182 218 167 164 187 181 235 241 194 227 96 163 125 12 5 149 93 244 128 52 115 255 34 245 108 64 150 251 29 198 81 124 79 70 228 4 32 90 233 156 133 82 151 21 118 67 199 36 88 248 56 238 169 256 112 37 3 222 131 135 195 73 179 143 123 94 157 107 146 38 175 252 71 178 109 159 177 84 205 28 122 83 160 166 121 239 223 111 215 72 191 68 75 15 212 117 148 69 60 76 217 63 170 39 180 22 98 8 113 54 137 144 42 102 13 43 126 208 193 120 240 139 221 250 206 53 47 26 127 172 31 219 134 226 17 171 87 14 186 129 19 130 225 119 7 189 101 214 142 210 114 48 66 85 165 188 59 204 185 141 229 2 45 230 30 211 220 18 99 136 173 57 197 40 104 24 249 224 153 41 209 78 184 23 1 232 138 196 6 46 203 243 20 152 216 10 9 207 86 91 74 162 51 200 236 25 242 247 237 174 253 116 176 55 106 161 62 97 183 33 80 145 11 231 254 58 132 234 77 35 105 190 147 27 49 110 65 246 
179 193 146 62 180 138 19 68 136 240 60 107 148 43 151 134 221 176 75 233 78 199 185 190 71 249 226 212 155 246 110 133 91 52 234 14 152 40 46 127 87 72 232 244 219 123 224 198 175 26 33 38 55 108 106 216 116 188 76 64 51 236 66 1 93 9 245 98 174 3 99 97 42 59 135 95 225 34 165 32 160 238 182 206 183 187 162 132 237 104 251 100 49 25 57 58 171 44 121 118 16 96 137 122 36 101 164 231 153 252 256 113 48 120 186 17 197 67 41 21 243 84 119 173 129 102 5 2 20 18 158 166 22 218 202 125 242 7 131 255 145 150 205 217 139 115 85 23 86 61 39 241 140 194 124 204 69 211 215 73 15 92 50 83 178 144 45 200 156 254 201 239 31 177 54 214 8 126 77 117 143 74 94 191 167 24 37 88 222 130 184 81 28 4 210 235 203 253 207 159 229 168 208 189 170 82 80 114 220 105 79 90 227 12 147 128 154 6 47 10 192 250 230 181 30 70 228 169 56 29 27 209 103 195 11 213 142 149 196 247 112 161 248 163 89 65 13 109 172 157 53 141 63 111 35 223 
76 3 9 146 34 210 2 160 27 105 236 175 32 192 69 205 48 240 180 94 171 248 85 83 200 154 82 115 256 128 79 182 93 140 137 24 241 179 170 151 106 169 120 22 244 114 41 25 181 223 97 250 132 87 219 138 88 217 53 8 70 16 6 54 193 130 59 126 129 145 243 222 168 7 109 203 206 249 202 56 31 209 226 230 225 190 172 112 107 212 33 235 96 143 148 150 37 68 75 133 142 245 173 29 40 254 103 161 42 92 63 191 101 199 10 189 141 207 26 237 14 176 86 251 13 233 30 61 197 166 224 196 155 164 204 99 165 211 153 23 125 80 198 74 134 147 213 35 111 178 116 1 239 139 60 238 73 110 64 66 5 215 167 186 218 113 81 214 58 15 38 18 119 44 51 201 50 177 229 123 159 77 104 36 185 17 187 28 221 47 95 4 121 188 124 100 158 62 117 131 232 67 108 135 55 228 21 46 156 127 234 91 89 184 45 174 84 144 102 255 242 231 227 39 216 52 11 122 246 90 65 163 247 19 149 136 253 183 57 220 162 20 252 208 152 43 78 71 49 194 157 195 12 118 98 72 
218 47 203 132 105 102 177 215 199 145 138 15 205 191 98 245 211 20 74 81 72 146 6 128 156 17 256 249 210 163 123 158 14 28 173 147 121 59 42 201 254 113 182 115 5 11 230 193 96 50 89 34 58 106 70 217 241 136 248 140 192 122 4 204 232 127 184 224 142 118 178 188 220 32 39 63 76 164 222 111 137 25 252 107 206 68 124 55 49 129 171 190 148 103 35 209 64 82 40 216 125 186 7 48 176 37 253 244 226 170 92 144 94 219 46 251 86 238 237 36 239 57 187 151 223 83 228 65 90 66 21 120 69 88 119 236 18 200 161 93 207 169 87 185 179 149 157 166 67 227 202 154 181 53 33 12 2 104 97 139 167 247 44 134 231 208 60 54 8 159 135 109 3 23 29 213 73 150 250 9 175 56 100 26 116 19 196 112 212 10 162 31 234 229 221 99 242 24 131 27 91 233 255 155 114 71 108 197 214 194 80 168 77 174 243 133 62 16 51 240 85 61 22 225 172 95 143 78 84 198 160 126 45 180 235 52 130 75 13 30 165 183 195 110 152 246 117 141 43 79 38 189 153 1 101 41 
181 107 255 99 184 63 129 198 3 74 161 251 66 44 128 114 43 140 236 98 115 197 202 76 223 159 96 120 23 34 102 101 238 139 95 11 209 2 212 110 146 210 235 147 119 12 157 220 166 41 215 167 36 138 187 16 214 19 54 191 104 204 253 97 108 61 152 144 84 192 78 64 92 50 65 218 227 77 160 59 217 93 143 25 57 112 173 177 178 87 103 211 256 7 163 71 174 247 225 45 5 47 105 148 250 221 13 231 46 24 158 68 80 246 15 1 132 72 122 207 8 52 242 165 203 126 244 137 79 18 14 125 254 188 168 201 232 28 142 170 243 127 133 172 116 186 40 213 117 216 73 183 85 162 199 22 249 37 17 193 30 113 200 179 233 35 88 135 20 189 205 175 69 91 171 219 118 153 56 224 230 245 237 29 111 55 190 62 82 151 234 6 229 156 145 70 109 49 10 141 106 42 131 4 208 81 180 130 38 39 33 164 239 58 27 134 89 150 26 241 136 48 185 53 222 149 206 252 176 196 228 154 94 90 155 67 248 240 60 121 195 100 31 182 51 21 194 75 123 226 124 32 86 9 83 169 
70 18 136 174 223 233 171 65 206 12 26 149 221 120 44 100 218 89 216 80 17 164 123 64 36 102 86 40 48 37 108 177 202 113 148 78 133 208 197 96 204 114 118 175 183 129 131 232 22 50 249 15 189 256 187 103 138 172 58 176 76 25 231 99 211 84 215 43 180 46 90 142 214 2 234 167 75 6 188 39 151 137 230 53 254 239 98 11 152 41 160 3 194 141 115 105 101 240 219 30 14 203 156 201 33 61 210 244 198 161 144 193 165 16 192 73 77 71 195 117 10 67 196 245 191 186 242 83 228 125 229 66 74 170 246 250 91 85 199 248 190 20 7 163 166 119 93 79 110 88 225 247 42 51 60 184 92 200 94 235 72 97 134 169 135 57 107 145 220 140 82 45 243 122 212 241 154 24 253 38 63 179 182 207 19 28 158 255 69 29 52 159 56 32 147 47 21 5 222 23 173 226 4 81 146 139 130 128 109 121 112 209 95 155 49 153 27 9 252 168 236 213 34 126 178 143 185 224 205 111 251 8 124 87 217 54 181 132 150 104 68 62 238 127 59 1 35 106 162 55 13 227 237 157 116 31 
216 68 75 164 141 25 227 130 57 66 246 219 226 251 91 217 73 11 194 175 51 135 158 118 201 21 137 161 41 30 14 225 145 37 189 131 167 153 19 209 155 222 147 69 84 242 26 191 233 184 138 104 77 132 176 44 182 214 128 103 157 117 199 89 186 70 254 60 166 235 59 146 171 124 203 61 18 4 179 165 94 93 111 55 156 208 13 49 240 63 140 243 80 129 231 28 110 221 174 101 223 125 206 32 22 67 62 16 198 220 244 169 71 152 196 23 90 200 190 143 40 162 177 50 109 248 105 253 247 24 85 3 122 237 168 56 120 241 92 163 144 45 239 256 58 98 34 139 42 12 238 150 102 64 172 88 29 86 5 148 20 106 178 38 232 134 126 108 27 95 213 31 159 54 87 65 185 83 252 180 207 121 6 249 142 151 115 245 72 2 17 205 197 48 53 112 255 46 78 193 9 218 100 97 15 154 81 52 210 123 250 181 215 35 39 202 229 96 212 211 33 149 173 116 160 195 170 113 127 183 187 136 119 36 192 188 7 74 133 230 76 114 1 79 236 224 47 43 204 82 99 8 10 107 234 228 
32 157 85 100 206 129 112 124 210 35 167 30 207 37 46 140 54 214 28 25 69 2 152 96 197 101 170 196 223 20 99 67 39 176 160 154 122 89 58 245 77 83 81 240 238 153 24 219 121 169 65 158 68 53 242 213 200 142 175 209 177 235 16 216 218 47 80 18 146 119 38 171 137 220 40 182 104 56 253 174 225 145 244 14 208 212 256 120 116 202 136 4 221 248 86 55 231 183 114 246 9 45 143 188 78 50 168 111 166 193 217 233 215 13 164 48 201 19 130 92 189 187 185 191 135 163 211 64 134 230 94 95 41 249 73 144 108 250 117 63 205 139 126 239 156 133 34 236 11 228 186 128 165 198 159 178 227 179 109 161 3 106 17 27 10 194 204 22 29 6 226 51 115 184 118 84 62 195 59 243 36 7 192 113 138 60 91 102 5 31 149 151 247 127 125 155 150 44 251 90 12 88 70 203 237 162 98 254 72 43 52 57 97 79 75 224 131 103 241 148 49 33 252 255 110 76 180 74 234 23 123 132 21 93 87 199 15 26 173 190 61 1 42 66 229 147 82 222 232 172 181 107 71 105 8 141 
173 76 23 70 51 71 230 244 127 195 97 224 142 254 5 4 56 150 44 180 196 45 191 194 179 147 125 212 121 68 92 140 95 60 99 228 114 33 133 199 105 53 131 27 190 198 187 251 107 31 176 11 39 171 183 175 235 209 250 34 185 40 88 126 21 61 138 205 160 67 214 238 169 161 1 12 220 3 25 217 221 128 78 200 19 162 129 43 6 22 167 163 166 211 30 48 54 208 145 124 152 85 55 2 153 136 106 65 193 42 87 157 177 146 82 218 117 137 38 8 32 75 247 248 73 223 158 9 109 103 28 58 104 155 101 123 17 135 239 26 154 189 130 149 174 10 216 50 84 83 64 98 102 110 7 222 253 184 116 120 182 256 151 100 77 49 46 69 143 13 159 62 210 156 215 113 172 206 201 227 164 148 47 139 111 20 66 243 236 186 81 18 122 178 16 144 52 249 72 232 213 241 165 24 29 90 192 204 14 37 226 168 252 118 15 240 80 181 207 188 57 170 231 108 132 119 59 225 93 255 237 245 242 202 94 41 79 134 229 35 203 91 63 74 233 36 219 112 89 96 197 115 246 86 141 234 
160 151 11 92 154 214 28 245 120 128 155 215 180 139 82 207 133 111 248 84 183 6 61 197 156 164 216 57 77 25 20 121 205 26 69 21 212 100 234 80 134 170 229 252 165 5 203 41 161 146 73 15 158 142 230 33 88 226 171 202 195 232 227 105 116 97 29 148 223 219 166 179 231 137 76 66 150 19 103 109 72 122 211 55 147 200 238 240 78 243 221 194 182 1 91 162 172 12 130 34 124 70 188 196 18 201 17 31 145 176 193 153 118 99 65 32 14 198 108 10 138 237 81 24 135 114 8 7 87 190 126 239 22 256 217 102 90 246 167 220 141 189 191 106 50 2 152 45 79 16 236 250 83 75 71 107 178 95 181 94 37 43 222 64 163 119 255 85 173 169 125 131 186 93 174 251 112 225 63 35 253 192 136 13 59 210 58 132 242 127 89 249 46 36 96 44 27 101 38 213 209 74 60 233 4 185 110 149 104 98 143 184 48 40 42 53 3 228 159 86 206 52 113 254 175 115 224 244 218 168 204 187 30 241 144 157 117 199 47 54 68 235 23 140 56 62 129 123 177 39 51 49 67 9 247 208 
34 12 239 26 249 144 100 214 66 195 108 182 44 59 96 51 170 40 20 212 243 93 16 163 115 91 218 97 143 234 83 47 213 114 184 56 205 175 31 237 54 11 254 229 75 232 35 136 135 43 98 178 141 41 194 89 179 84 224 6 37 147 3 153 217 169 58 209 117 225 230 74 19 94 196 127 42 105 176 193 125 101 145 90 166 180 112 165 241 82 152 250 28 67 151 140 72 24 64 60 202 32 33 52 221 197 128 222 4 199 223 65 61 36 160 132 95 253 77 247 190 228 45 55 86 15 186 38 78 23 150 161 215 119 29 71 137 57 216 46 2 226 22 231 92 203 201 27 49 146 126 9 1 157 251 107 39 25 116 177 240 76 73 120 111 227 123 62 248 220 198 18 53 185 207 138 188 155 255 124 103 242 129 8 63 131 10 191 210 79 30 134 70 168 245 183 192 167 171 88 133 68 21 139 246 148 17 238 149 206 81 118 85 164 50 80 13 189 102 256 106 162 121 87 110 142 130 5 156 7 236 174 173 14 172 113 99 48 69 252 154 233 219 235 122 208 187 200 159 181 204 104 109 158 244 211 
81 214 203 42 251 195 94 196 113 150 249 181 124 146 225 12 172 80 152 13 102 240 29 138 137 256 35 96 38 161 147 234 45 46 40 67 187 99 73 179 125 163 149 245 119 52 106 33 14 60 57 171 221 177 61 120 222 66 180 211 233 70 165 246 104 169 133 36 189 123 167 162 250 141 91 26 242 4 232 176 49 44 186 97 7 145 182 32 59 143 207 20 153 122 134 198 101 118 174 183 76 43 39 56 107 204 244 178 229 85 126 239 1 202 248 71 252 173 93 95 231 103 24 254 131 82 191 84 238 117 226 77 6 83 2 11 65 159 21 208 34 185 194 220 155 224 148 218 115 210 111 74 128 206 28 139 72 158 164 154 87 9 236 142 63 3 54 190 64 121 230 136 31 168 51 247 114 68 19 105 209 156 216 241 157 205 47 219 151 58 69 160 108 37 25 201 217 50 10 243 53 48 15 78 79 255 144 253 237 109 175 75 92 135 22 90 88 8 188 41 27 116 18 192 215 129 166 89 23 110 17 197 100 55 212 199 86 98 227 16 130 223 140 193 30 213 170 200 62 228 5 127 132 235 184 112 
230 32 7 127 119 89 202 136 77 54 21 4 140 253 216 143 205 229 34 12 173 224 9 181 212 139 26 96 73 45 167 221 25 124 208 254 128 242 198 191 149 195 182 232 2 39 154 93 33 58 47 243 37 171 187 255 62 5 109 100 79 8 22 138 146 117 74 18 145 237 219 91 183 69 88 64 105 178 59 194 213 11 84 120 199 43 110 170 51 98 231 41 92 70 226 158 250 151 113 235 65 17 236 38 67 14 125 251 83 80 225 19 214 210 245 104 66 218 13 132 35 193 81 95 29 211 152 197 103 36 133 46 175 86 166 137 106 16 49 233 150 156 163 20 30 141 222 57 248 203 220 75 112 72 240 162 10 61 134 206 60 217 135 15 223 50 23 40 28 97 160 111 118 159 227 31 90 239 55 147 188 102 196 1 185 122 78 71 87 27 161 209 189 42 177 215 155 24 6 129 130 238 228 126 186 180 148 157 168 207 3 169 164 108 115 114 131 246 172 165 48 107 234 99 244 176 85 249 52 256 82 94 192 76 153 174 123 200 44 190 142 241 56 63 116 184 201 144 68 252 179 101 53 247 121 204 
186 109 42 44 182 241 98 221 211 19 20 219 159 131 231 183 171 198 94 205 22 160 24 9 63 86 10 123 61 153 135 121 102 89 218 53 187 115 64 151 225 247 91 87 254 140 65 141 149 6 170 240 249 226 154 204 172 31 209 229 228 128 68 125 233 193 237 251 122 206 8 155 145 152 207 26 120 1 33 99 191 147 85 82 245 51 114 201 30 37 244 165 238 119 199 133 148 166 38 185 56 188 71 138 4 76 156 34 208 196 75 40 179 173 29 132 136 66 210 17 47 110 84 192 69 108 90 58 46 194 74 14 230 158 62 161 81 59 80 35 103 137 146 57 236 250 200 181 203 214 104 118 55 100 97 28 52 2 195 107 21 174 164 144 127 197 23 167 130 220 222 232 256 246 3 112 168 157 223 227 95 13 139 45 180 113 105 143 83 163 177 67 243 11 39 70 16 169 116 41 77 27 49 255 190 78 111 101 242 79 239 25 235 248 7 88 12 43 72 92 96 93 50 106 134 212 48 178 5 253 36 32 142 18 189 129 216 217 126 184 124 162 224 215 117 202 150 175 60 176 15 234 54 73 252 213 
216 240 203 135 22 42 29 218 69 101 142 65 231 32 56 19 241 177 88 176 5 80 153 46 201 34 113 220 197 140 222 118 162 141 10 199 21 94 23 196 246 40 152 96 49 165 35 115 234 53 158 84 38 117 235 30 104 116 24 229 215 205 119 209 230 168 26 242 178 31 75 238 103 9 89 45 108 33 166 93 124 39 110 74 51 244 146 6 164 159 251 87 192 63 128 73 109 52 186 130 111 217 212 86 243 184 221 127 161 250 245 213 99 97 181 156 81 219 182 64 48 112 247 66 68 43 11 37 28 154 214 12 18 190 151 155 202 136 107 20 67 59 61 210 148 194 16 131 195 41 54 70 126 248 254 76 62 2 91 185 227 173 129 183 167 208 225 252 228 171 150 180 253 134 198 132 106 169 137 160 79 187 256 123 92 85 25 7 255 90 95 15 105 44 200 55 100 170 8 82 4 50 139 207 77 27 233 157 224 121 249 72 125 98 102 138 174 143 223 189 133 204 239 237 149 47 145 147 83 122 120 188 114 191 206 17 78 57 172 1 193 13 163 71 36 232 211 14 144 58 226 179 236 3 175 60 
248 105 191 28 41 51 36 147 123 82 140 54 78 87 137 179 161 133 16 231 158 148 194 169 121 251 228 64 93 197 98 24 186 111 246 171 201 15 212 73 32 154 245 125 7 195 25 66 192 203 77 119 173 61 218 221 3 183 69 141 74 144 146 102 47 68 39 155 56 92 115 162 104 46 42 181 23 199 174 50 234 12 4 11 152 210 136 60 176 213 21 106 128 131 34 189 204 58 1 185 184 163 254 215 255 89 219 145 35 118 225 196 70 10 101 81 22 31 108 53 135 164 49 43 236 193 97 37 238 116 226 156 83 40 167 30 170 223 159 177 211 29 79 208 71 249 100 62 13 45 160 112 130 72 18 67 126 17 76 63 222 224 75 240 180 109 198 256 44 216 120 117 143 205 27 232 52 149 127 99 182 55 80 85 59 151 103 200 166 57 90 139 157 178 91 96 113 19 230 237 150 252 88 2 187 206 48 229 175 8 14 138 209 243 227 114 188 129 153 124 217 165 95 9 110 142 253 250 202 20 122 65 26 239 84 6 33 242 5 207 86 132 244 190 214 107 38 172 235 220 233 241 134 247 94 168 
129 251 178 78 8 116 188 176 12 221 34 243 249 105 160 248 145 207 53 151 212 245 170 99 4 117 9 120 253 6 179 183 103 37 48 85 123 63 157 192 246 47 32 109 149 60 40 239 72 68 106 19 142 189 16 11 18 93 190 62 162 234 165 97 143 202 228 112 200 184 241 124 144 33 15 197 181 134 136 133 194 58 122 135 23 71 90 104 49 70 232 138 199 35 56 131 229 101 161 148 36 74 102 41 235 164 25 67 80 100 146 219 140 26 98 119 38 82 128 254 24 94 167 173 158 215 91 87 125 154 108 210 240 1 204 137 223 88 89 27 22 96 242 218 107 214 92 45 171 159 256 205 211 206 227 247 54 64 174 86 7 81 2 39 150 3 230 65 31 29 217 185 209 220 21 126 43 114 169 76 198 152 182 77 115 95 233 44 175 110 177 84 255 163 201 166 250 153 252 10 132 42 5 213 141 51 155 203 118 195 13 231 17 111 69 193 237 225 236 196 59 66 180 208 28 121 73 55 52 61 79 187 50 14 191 224 20 226 172 216 57 83 222 75 113 147 46 130 127 186 139 30 244 156 238 168 
153 72 83 98 152 59 235 218 177 164 145 93 47 111 78 170 184 9 17 191 99 131 107 192 13 198 237 208 139 19 136 233 149 163 202 67 130 215 214 94 224 70 116 75 185 5 239 117 188 87 31 122 238 168 28 35 160 190 92 104 248 91 225 232 20 96 114 10 212 84 97 180 162 142 194 2 151 204 181 244 7 56 109 243 249 158 187 133 90 132 120 37 253 203 156 34 246 178 193 206 81 150 43 255 16 223 147 209 101 182 211 129 71 48 144 227 221 54 252 74 60 58 110 100 169 226 159 1 175 82 68 161 88 105 112 140 44 126 196 197 15 89 121 50 22 23 29 256 57 106 241 38 141 52 216 32 125 176 251 128 119 27 230 154 79 201 213 113 240 69 135 146 127 143 46 183 234 39 254 219 115 186 108 21 195 86 210 231 157 134 228 11 42 76 53 65 26 61 33 4 6 40 14 222 103 200 247 199 174 148 207 123 189 165 12 77 25 36 24 49 95 171 245 51 63 220 85 73 41 45 166 242 179 137 205 102 3 138 250 64 229 155 236 66 55 172 124 62 118 217 167 173 80 18 30 8 
201 155 6 133 240 172 22 44 46 16 81 94 150 50 26 200 152 78 182 61 68 127 154 93 40 56 169 113 4 13 131 54 202 117 29 168 219 23 245 33 1 86 73 12 124 119 87 57 186 103 104 60 2 92 193 17 122 108 51 179 39 102 11 27 20 10 88 91 204 72 171 224 30 206 135 34 116 65 221 7 62 165 236 156 9 129 143 243 32 58 146 178 83 250 222 248 167 151 63 173 106 5 211 227 256 161 218 177 157 41 128 164 210 89 196 242 220 49 97 19 170 158 145 194 138 230 254 123 153 233 147 228 189 187 101 90 115 185 21 184 190 66 55 137 18 255 141 148 144 247 47 109 96 192 199 80 209 216 175 205 214 213 223 110 166 159 241 118 162 112 42 37 76 48 85 231 69 225 246 25 45 38 8 125 198 207 24 35 59 149 232 234 197 181 142 136 203 114 208 82 244 163 191 238 217 134 140 52 53 160 132 75 79 239 36 105 229 31 100 84 111 195 253 226 3 98 188 251 99 237 235 176 215 71 74 64 183 28 67 126 174 43 249 252 120 77 107 180 95 212 139 70 121 14 15 130 
60 127 57 167 216 9 254 111 114 185 91 108 188 133 142 223 16 182 120 118 251 42 202 233 211 32 250 145 38 134 213 151 44 73 55 92 40 241 226 21 135 58 67 33 219 129 192 86 176 173 174 190 197 76 49 4 93 85 79 97 253 168 94 124 154 110 222 126 18 56 80 2 210 181 82 230 152 22 146 112 13 34 205 70 238 170 240 52 69 169 214 59 236 195 50 43 78 17 96 7 184 248 149 172 139 137 141 107 199 46 231 235 212 101 100 54 68 122 65 39 256 218 103 143 171 61 138 148 221 177 31 37 131 220 41 209 150 102 53 36 75 246 89 1 163 116 5 8 225 95 84 45 189 27 249 24 6 25 19 64 156 48 81 227 194 252 206 117 164 229 130 12 178 245 160 144 121 228 244 162 71 157 204 158 198 196 153 72 123 74 119 161 203 104 147 217 90 29 183 175 3 232 136 28 165 187 193 159 99 207 51 234 47 14 208 140 113 66 243 35 200 125 62 155 87 20 239 109 128 255 215 30 10 132 166 179 15 237 83 26 11 63 105 98 77 242 191 224 201 180 106 186 115 247 88 23 
76 90 184 214 24 88 202 64 127 30 231 60 59 248 152 110 239 121 243 125 66 167 40 81 215 183 138 227 256 50 238 71 80 57 14 209 38 177 43 74 114 249 72 207 68 23 39 143 9 228 162 206 99 79 10 244 116 13 58 63 193 173 105 188 151 102 187 56 61 83 230 95 201 159 148 54 119 96 246 101 34 53 226 27 93 247 196 154 182 48 140 73 203 233 12 220 107 18 41 21 192 191 217 166 208 172 103 35 65 16 232 15 237 113 84 146 112 185 70 85 212 199 160 210 186 77 52 163 86 224 6 118 28 235 255 157 134 180 132 25 155 175 190 252 254 89 211 158 115 7 117 147 45 98 129 164 213 111 108 136 222 198 179 200 170 92 124 128 106 234 17 150 241 126 42 144 87 69 67 130 32 20 223 219 11 131 104 236 142 91 82 145 174 55 251 229 195 171 33 137 36 240 4 153 253 47 109 133 197 250 176 178 169 2 189 149 204 97 161 3 31 194 156 49 216 218 46 165 225 22 168 78 94 123 135 120 26 242 181 1 37 245 5 75 62 51 221 44 100 139 141 205 122 19 8 29 
2 111 210 55 138 95 49 162 188 101 229 80 126 39 120 32 140 208 240 241 234 92 107 106 52 185 164 176 195 99 119 25 96 148 15 65 174 69 19 50 156 216 93 244 8 196 23 135 41 137 225 59 27 215 223 245 57 220 226 76 9 193 145 205 73 167 165 189 103 175 154 82 228 236 130 7 218 78 13 212 14 102 211 160 132 129 30 182 121 16 224 35 3 255 247 238 139 133 250 152 186 158 115 105 94 62 192 172 194 108 187 151 221 53 253 242 131 104 217 124 5 213 72 74 18 46 214 254 204 136 150 239 123 64 21 45 58 24 249 1 110 144 36 90 68 128 184 33 231 71 200 6 97 113 60 232 147 161 11 84 79 191 85 227 114 219 222 10 31 43 170 100 70 248 116 67 29 117 197 163 37 83 243 28 125 149 42 66 77 127 177 38 256 48 141 109 54 112 122 246 81 237 155 168 179 75 26 63 252 91 4 181 180 87 17 47 51 143 171 40 20 206 34 86 159 230 233 190 44 157 209 98 235 199 89 251 88 142 169 166 178 12 201 183 22 203 134 198 207 173 146 56 61 118 202 153 
213 182 35 165 87 142 186 128 237 229 2 180 155 83 84 147 153 233 162 255 21 190 94 71 102 48 223 62 111 92 18 112 167 203 136 194 31 174 236 40 37 97 47 27 134 39 109 108 192 197 161 98 15 234 32 8 57 5 124 240 188 113 249 179 164 65 149 114 126 45 238 36 22 34 172 115 103 123 99 202 63 16 59 85 193 198 78 195 66 54 60 13 245 29 100 3 210 118 221 58 76 96 170 28 166 122 227 138 77 204 127 6 244 7 12 148 189 139 181 168 104 110 250 224 46 90 89 121 86 199 187 93 41 33 222 157 10 24 117 215 196 230 88 44 67 175 212 232 247 130 53 154 207 51 151 14 1 241 132 144 43 30 105 160 183 226 217 73 185 211 231 70 208 140 26 178 150 19 17 82 141 201 23 38 228 220 107 145 49 119 252 159 101 68 219 42 75 11 80 176 116 173 56 206 205 254 243 158 129 216 64 152 209 95 55 235 72 239 248 146 52 79 218 131 169 9 163 4 225 20 177 256 61 191 91 137 253 106 25 214 135 171 133 184 81 156 200 125 246 50 74 69 242 120 143 251 
39 229 148 180 40 197 56 77 168 246 4 124 27 193 191 123 96 50 60 82 255 250 85 188 211 122 244 51 38 55 45 113 228 174 12 241 195 140 254 19 86 116 243 163 105 154 162 206 189 210 219 47 125 35 144 112 251 74 234 121 95 1 3 135 159 225 42 215 198 68 70 175 16 126 169 120 160 176 164 64 87 181 102 187 36 43 233 224 217 130 245 170 49 104 208 25 227 118 81 220 61 132 218 52 177 53 94 237 161 84 151 247 65 92 29 204 75 147 100 17 119 6 173 145 11 190 201 182 248 200 59 9 146 253 186 153 14 230 185 106 212 13 167 152 240 71 79 110 216 239 165 91 149 88 58 37 32 5 223 98 138 194 78 171 203 117 155 205 209 69 2 207 235 66 80 111 196 99 115 137 101 34 7 33 90 28 249 73 93 213 63 236 136 134 23 128 150 172 89 31 139 143 72 18 21 54 30 103 107 158 142 114 183 184 46 178 157 252 83 242 26 214 231 62 256 57 8 238 41 192 127 221 109 15 24 22 108 226 67 76 202 141 199 10 20 133 44 48 222 129 97 232 131 156 166 179 
25 200 155 186 177 110 172 29 208 14 221 219 26 33 153 135 34 21 36 39 89 32 97 120 53 159 131 72 23 115 93 252 169 227 10 243 141 165 151 256 71 22 112 235 123 61 127 249 44 245 161 199 194 7 197 45 16 239 118 234 4 77 241 137 154 116 69 55 90 31 174 204 30 247 254 94 68 173 41 122 217 128 202 231 142 52 175 167 60 74 157 40 2 47 138 255 96 134 205 162 184 183 27 18 121 13 224 59 49 75 80 64 62 73 46 181 19 191 230 78 166 17 15 143 20 192 168 185 5 88 83 48 133 215 218 56 105 58 193 195 8 104 178 11 152 38 242 12 149 66 114 6 238 76 244 206 43 176 28 81 190 233 111 207 187 136 124 102 1 109 251 108 225 140 179 132 188 119 106 209 42 203 211 129 170 100 220 79 35 228 51 148 214 201 216 240 101 147 189 113 86 24 237 163 158 182 171 3 212 130 229 125 98 150 54 248 160 99 222 117 84 144 92 126 232 103 250 253 139 145 226 180 9 164 82 213 210 198 67 37 107 236 65 223 246 85 87 91 196 146 50 95 70 63 57 156 
160 243 30 143 139 88 23 231 2 227 50 170 250 20 115 144 206 44 182 165 142 121 113 84 8 66 126 167 198 122 200 246 187 97 102 19 127 123 129 232 233 254 149 249 240 40 248 209 235 93 43 202 186 53 85 150 178 216 183 72 212 164 114 95 225 147 118 99 26 221 71 128 15 5 63 37 32 54 117 172 188 17 134 242 141 55 64 153 112 107 156 10 31 105 51 35 46 208 241 176 4 181 57 68 184 255 229 14 38 252 161 218 177 154 224 108 135 79 138 132 213 67 140 76 151 195 120 251 24 236 6 238 159 56 201 98 185 52 180 191 109 78 9 3 237 220 179 168 124 256 194 155 244 94 174 162 152 86 226 29 205 148 39 253 103 74 119 163 87 239 60 62 210 106 80 207 34 131 166 75 73 247 199 77 36 18 110 81 215 171 42 223 91 173 189 83 204 33 222 27 13 133 190 136 96 41 22 21 11 61 145 245 228 89 193 7 146 16 101 92 137 203 45 197 82 48 47 1 125 157 49 104 100 25 28 211 69 196 65 12 116 214 158 130 219 169 230 192 175 59 70 217 234 90 111 58 
243 232 155 114 111 9 166 75 89 197 112 214 227 171 147 14 27 234 72 138 45 225 88 128 69 145 82 130 81 30 34 175 58 53 239 79 2 246 104 217 237 202 41 44 12 96 22 241 125 71 7 97 213 115 126 102 183 86 8 178 212 56 54 83 93 254 61 229 132 184 51 154 168 165 85 200 136 106 13 182 230 189 153 196 99 77 185 216 92 143 28 35 113 52 244 210 32 5 250 131 116 43 252 134 84 207 235 163 253 157 233 109 156 174 170 148 57 208 105 118 26 146 160 222 95 186 151 193 242 236 195 64 133 98 218 63 198 11 117 129 255 107 172 194 33 39 91 238 248 139 187 137 149 140 215 228 62 37 121 76 108 31 59 188 60 220 162 74 159 103 141 206 36 87 38 127 179 122 73 219 47 245 191 119 23 251 15 68 101 123 20 205 158 226 55 4 221 80 25 201 124 223 152 17 249 190 18 29 211 135 247 161 50 21 199 66 100 6 90 3 120 180 204 192 48 65 164 231 224 24 10 144 256 142 173 49 78 209 169 181 1 67 42 19 46 40 150 110 70 177 16 203 176 240 167 94 
71 149 12 40 183 32 213 128 88 151 231 125 190 78 248 7 246 204 93 58 24 143 120 197 45 63 51 33 191 215 105 130 18 157 95 177 25 74 245 200 21 162 178 214 236 254 141 56 160 250 193 249 67 156 224 205 5 159 85 73 61 55 194 127 187 206 232 173 124 108 35 222 203 46 163 132 189 60 253 168 242 133 161 64 220 20 251 118 112 167 114 217 135 68 218 121 188 235 87 22 72 238 223 147 43 184 179 158 195 137 89 107 96 82 102 129 23 255 4 70 111 166 44 65 196 84 106 86 180 31 42 26 227 165 134 1 198 9 104 243 171 185 80 53 230 38 10 202 172 27 75 170 81 155 131 212 37 174 221 119 210 48 154 97 153 244 186 98 126 234 144 3 79 237 109 103 233 207 175 192 11 169 208 49 6 148 142 152 145 66 115 41 150 77 83 30 140 199 76 101 36 91 62 164 34 138 239 225 29 181 19 219 116 241 123 15 14 59 117 247 139 57 47 110 8 90 216 39 209 54 99 92 182 13 50 146 17 2 16 113 136 122 69 28 211 256 252 52 94 226 228 176 100 229 240 201 
168 114 176 220 147 247 84 237 169 199 144 219 155 14 35 133 83 233 9 75 236 48 100 12 201 33 112 109 32 180 244 194 13 101 4 245 231 126 121 145 104 89 192 254 30 39 256 11 17 81 19 16 136 71 195 173 153 106 197 209 159 53 150 175 170 182 115 78 90 49 70 85 238 189 24 95 157 26 158 96 61 42 66 205 228 191 10 206 23 36 198 185 230 91 223 124 137 20 181 141 193 31 47 129 142 177 171 94 165 98 2 131 146 99 113 204 128 28 37 187 125 65 111 166 76 40 151 251 119 229 62 79 226 160 97 152 250 68 246 45 234 73 174 44 149 127 56 43 21 214 107 102 143 183 1 41 221 3 69 50 7 54 38 227 190 200 103 86 139 164 188 225 77 46 64 163 34 196 87 138 235 224 232 186 29 57 179 242 208 18 172 216 117 207 120 123 203 249 8 241 88 156 222 178 161 15 93 25 6 67 51 255 110 122 239 202 55 52 72 217 211 240 248 60 116 92 215 132 108 210 253 167 130 27 134 135 22 154 105 184 118 218 5 162 82 213 63 212 243 59 252 140 148 58 74 80 
227 143 218 224 87 73 82 84 129 93 231 192 144 91 115 197 255 25 253 96 46 76 173 22 135 202 246 103 198 138 181 170 118 148 48 74 94 112 123 67 154 147 3 42 193 245 72 132 243 23 14 105 64 99 90 53 49 43 5 209 8 106 79 244 127 194 168 80 102 189 78 136 157 81 101 6 175 57 124 21 41 206 100 125 60 111 47 199 238 178 137 68 155 187 50 121 37 83 152 104 59 220 210 33 145 126 4 171 140 131 89 160 120 86 10 236 51 237 20 176 128 134 241 161 234 230 183 216 229 252 242 211 133 249 55 98 38 188 217 75 159 31 213 141 219 186 254 52 200 239 153 212 156 177 163 24 9 95 119 92 208 70 17 63 29 203 204 65 222 201 182 139 191 150 196 240 122 107 184 7 149 130 256 113 108 185 174 180 167 69 39 248 146 32 165 228 110 12 162 169 61 1 109 26 62 18 214 11 232 77 226 158 233 164 36 85 34 247 35 19 116 166 250 142 40 215 235 172 13 16 15 71 205 27 151 225 195 179 28 117 44 2 54 223 251 88 66 114 221 190 30 58 207 45 97 56 
237 224 235 252 8 145 83 35 156 207 105 244 144 93 167 23 118 130 183 12 79 75 185 68 232 140 223 247 241 28 139 59 2 44 190 210 112 245 162 251 61 254 66 209 170 99 255 40 256 90 238 117 10 202 9 150 29 122 32 219 205 39 69 159 138 109 226 161 249 94 236 203 52 154 200 100 191 33 53 131 77 233 173 114 121 180 228 124 96 157 16 41 115 201 74 158 107 89 103 3 151 194 24 177 120 125 243 55 195 37 168 149 91 88 181 71 134 211 225 54 198 218 227 188 50 137 246 193 242 101 166 136 250 212 178 73 186 208 51 4 171 213 146 26 82 111 67 206 42 60 113 106 47 253 152 87 18 176 163 25 20 174 104 116 49 216 147 197 84 214 220 58 169 56 19 172 204 248 65 63 175 184 215 160 38 187 64 5 230 78 6 133 22 119 43 234 142 192 179 81 123 189 1 27 126 155 128 14 240 98 46 11 196 21 199 129 132 110 135 102 143 153 239 164 165 217 45 48 127 17 30 13 95 70 86 148 141 92 31 36 231 57 76 85 182 97 15 7 221 222 72 108 62 34 229 80 
135 52 139 214 20 73 209 16 179 217 81 54 107 161 35 243 38 61 79 150 40 136 177 31 101 96 220 14 133 122 198 123 254 210 188 142 215 159 95 224 86 82 180 8 12 55 36 148 127 70 62 199 2 141 191 97 256 206 120 203 58 60 247 235 33 154 124 251 46 112 88 116 143 25 230 204 242 158 69 117 128 77 168 53 241 41 231 6 23 171 13 225 195 108 185 3 85 24 80 250 129 78 162 126 7 222 184 119 163 182 45 74 87 202 172 145 237 27 218 149 19 66 233 42 102 147 67 146 9 226 92 238 174 39 193 236 151 10 178 94 190 234 212 105 232 113 43 207 205 4 219 228 83 47 50 175 201 32 165 15 64 56 170 166 71 49 152 98 103 197 229 187 114 155 65 118 121 51 157 200 194 75 138 106 63 176 57 93 245 130 21 84 91 249 221 72 248 213 48 186 29 223 196 144 173 104 28 59 192 211 244 208 189 89 227 18 253 164 100 34 90 246 110 181 134 132 44 137 216 22 140 239 30 115 160 5 76 131 156 37 125 17 167 99 240 255 252 183 111 11 109 1 153 26 169 68 
85 166 42 138 232 186 253 133 73 160 103 222 17 97 15 64 127 173 81 112 69 139 123 56 143 223 62 47 129 161 221 230 35 111 165 243 24 185 145 115 229 205 7 23 88 94 184 153 130 96 52 8 244 199 190 1 198 159 3 110 75 54 202 107 128 171 140 13 101 228 224 59 105 255 76 14 58 18 34 175 144 195 2 146 16 216 206 170 26 245 158 167 46 252 249 79 119 100 31 93 235 226 219 207 210 98 177 254 92 188 151 163 61 250 155 182 30 28 193 87 231 238 89 22 126 209 80 200 63 38 43 121 37 27 134 90 179 99 60 152 168 104 237 114 181 5 240 174 204 106 120 77 41 53 84 50 157 57 135 215 227 212 150 136 172 36 66 25 142 21 109 203 29 242 102 39 74 137 148 91 213 217 196 95 141 147 82 45 169 117 156 19 214 239 149 246 70 236 40 83 72 116 180 197 225 247 49 164 201 11 108 234 65 122 55 187 192 132 218 33 256 183 125 220 67 4 189 9 191 241 68 194 154 248 208 162 78 71 51 233 251 10 32 6 118 176 124 12 86 20 44 211 113 131 48 178 
153 185 172 27 201 88 180 12 33 95 94 112 68 148 214 122 92 43 167 134 174 227 169 142 53 19 83 184 157 208 14 87 103 115 179 101 243 20 203 237 205 231 190 39 140 74 246 173 233 32 62 108 55 176 149 16 168 86 50 150 106 238 97 60 223 252 215 91 85 248 26 219 187 127 144 84 151 67 166 234 253 25 171 79 80 117 143 135 102 107 170 178 40 70 181 57 125 199 109 100 82 104 182 210 158 38 226 71 105 8 206 217 161 23 197 131 128 216 245 118 17 124 6 41 29 2 64 250 255 193 212 155 59 30 63 141 126 213 46 89 163 114 77 230 207 13 45 191 111 147 188 78 244 218 194 42 186 209 119 236 56 58 192 47 72 69 51 22 4 240 73 249 121 133 239 129 229 222 154 228 120 146 156 31 90 76 242 137 139 198 202 96 28 24 113 93 220 98 10 160 183 136 18 256 232 152 116 251 75 200 81 21 44 189 221 235 162 3 11 138 211 54 66 204 196 241 145 254 110 132 61 165 52 15 195 130 48 9 99 224 36 159 123 34 175 65 35 5 49 164 247 1 37 177 7 225 
224 62 60 88 132 66 33 223 36 251 243 38 11 255 2 140 181 148 161 216 115 245 59 16 28 114 163 15 57 81 58 85 247 20 249 29 162 35 235 104 211 131 117 199 119 159 13 157 4 48 227 139 107 147 182 171 221 105 100 122 21 164 213 63 118 192 135 61 194 6 70 77 238 130 200 144 53 256 45 145 80 3 121 64 152 40 234 168 93 198 31 184 69 169 7 96 233 46 241 90 189 79 174 205 166 248 150 178 91 185 226 177 167 65 87 42 187 47 151 78 197 225 55 232 126 73 86 204 34 44 101 142 214 165 124 27 138 128 5 76 202 149 231 250 218 229 127 136 37 68 175 18 109 208 228 176 125 39 156 134 112 75 219 186 49 220 22 246 206 252 98 254 173 25 97 26 183 9 108 84 89 43 12 30 50 141 190 129 193 212 209 116 23 51 222 83 239 67 196 94 188 210 82 158 52 71 242 17 180 32 123 191 111 74 110 240 195 8 19 153 160 230 215 155 92 14 133 10 113 172 72 102 143 201 1 217 244 106 56 203 95 24 253 99 103 41 146 170 154 207 120 236 54 237 179 137 
69 155 16 197 169 120 33 113 249 248 208 71 122 156 226 206 178 108 194 209 159 140 250 245 90 165 223 47 117 94 104 149 68 247 8 72 227 79 182 35 204 12 111 5 65 203 60 143 101 164 20 7 218 157 110 158 19 168 125 17 199 85 73 233 236 114 167 13 98 175 142 151 119 138 234 128 239 58 31 3 188 251 186 25 219 238 105 121 132 82 246 205 147 115 220 52 253 256 32 109 202 1 28 139 41 212 127 64 89 230 221 213 40 129 153 62 2 48 177 45 172 187 195 244 185 162 78 39 100 83 38 37 70 36 43 97 46 152 91 224 87 145 21 124 77 76 118 133 95 54 174 75 179 102 92 67 49 201 222 214 215 148 196 255 216 130 181 136 200 74 217 134 231 9 99 126 30 88 15 81 27 96 59 106 42 163 176 237 26 150 50 24 190 112 228 193 11 154 254 66 229 116 225 146 14 107 22 80 241 6 184 63 183 10 18 235 161 93 173 198 135 141 123 137 171 210 51 242 207 180 211 44 61 103 192 57 232 55 86 252 191 29 23 34 160 84 53 170 56 189 131 166 4 243 240 144 
69 42 60 208 254 165 166 113 169 120 186 167 63 97 48 103 1 221 215 37 14 92 218 171 193 217 43 100 131 108 2 50 78 89 197 72 8 148 205 251 30 45 138 200 229 25 174 164 245 214 3 181 85 22 55 194 91 24 192 90 231 88 183 64 212 141 83 17 9 247 161 12 52 99 255 160 11 157 175 244 101 230 149 173 144 201 20 47 237 96 211 156 77 140 33 159 31 15 16 32 199 107 220 238 182 59 21 207 225 233 150 210 68 128 66 180 241 236 7 235 18 44 172 35 145 135 67 188 56 243 151 28 6 213 203 240 122 112 133 117 226 125 209 146 87 95 61 190 4 196 184 36 252 86 109 65 34 246 170 256 248 27 5 40 121 185 179 26 49 39 98 136 249 176 114 132 58 118 105 71 13 223 54 162 129 250 204 76 134 74 115 139 168 102 202 94 222 10 75 53 198 153 41 123 154 242 143 152 163 23 116 93 82 158 70 177 111 130 227 62 73 104 216 253 119 142 232 127 155 124 57 187 126 206 195 46 80 81 51 137 234 84 106 110 228 178 38 191 239 79 19 29 224 147 219 189 
111 49 108 13 212 45 109 248 209 129 136 124 26 235 171 105 61 197 250 104 137 143 155 23 229 33 56 211 213 199 205 164 62 106 253 125 25 40 149 239 191 51 153 20 133 69 103 5 180 44 144 224 123 115 55 110 52 138 177 240 252 36 210 122 8 47 234 183 22 189 251 185 203 74 95 156 118 160 84 132 207 18 7 68 11 121 24 82 141 187 102 60 90 163 80 249 89 157 85 254 158 96 243 135 64 184 237 142 188 179 48 233 3 71 227 219 161 190 10 70 28 83 58 128 151 154 245 140 216 139 57 231 222 218 100 27 214 101 37 91 14 6 147 193 87 150 98 159 93 230 15 175 119 4 198 97 186 145 127 73 107 247 221 112 162 19 42 166 204 217 88 148 176 17 246 228 226 244 50 9 208 38 130 131 75 194 1 41 34 168 225 94 31 78 46 236 53 86 66 206 201 192 232 220 200 120 223 35 256 134 76 242 65 215 174 21 113 32 202 181 241 99 116 126 170 114 16 195 196 255 67 30 59 29 79 146 43 2 54 173 81 77 152 39 238 178 72 169 63 92 167 165 182 172 117 12 
53 18 30 84 111 14 147 172 121 28 38 128 174 106 134 75 213 101 143 129 207 29 48 94 98 151 54 36 112 195 11 96 68 35 194 239 154 72 87 64 131 10 8 226 12 57 167 249 119 104 171 37 130 140 20 238 254 86 197 218 5 141 9 250 200 150 251 78 193 93 179 114 7 149 233 79 3 139 117 21 244 91 113 116 65 132 220 125 253 163 165 55 46 81 44 156 32 204 25 95 58 152 209 52 180 51 49 241 227 153 168 169 202 71 42 6 175 182 123 118 237 224 63 89 62 59 33 231 159 161 146 228 34 23 212 247 245 115 73 256 127 208 135 2 246 217 76 185 221 110 184 56 126 61 144 1 210 196 107 232 162 88 16 136 77 255 92 211 205 243 178 19 170 17 236 50 120 187 219 201 43 60 234 85 142 252 103 102 31 138 66 80 186 67 74 230 155 229 192 158 13 40 242 216 181 190 97 22 235 223 45 160 39 4 137 225 122 124 100 27 109 41 198 99 203 177 70 108 82 83 133 176 69 215 222 183 90 47 188 166 157 191 164 173 248 26 145 199 214 148 240 15 189 24 105 206 
99 135 243 38 225 153 77 213 220 246 162 206 244 72 36 157 43 5 186 54 214 194 67 122 166 22 191 45 110 232 179 85 177 182 104 116 241 91 71 180 200 136 73 24 46 255 161 212 90 248 171 15 26 98 23 167 103 78 3 79 158 30 89 227 233 155 107 197 101 117 163 8 221 57 217 6 201 100 114 28 189 253 205 208 178 63 187 181 216 242 48 86 2 199 185 109 68 249 168 80 149 4 123 236 145 209 70 96 66 138 256 7 59 188 13 219 44 41 245 10 229 60 58 196 165 251 82 222 234 210 218 228 144 132 207 128 173 193 84 29 108 87 235 183 202 143 49 75 32 230 50 172 31 74 97 94 231 25 20 27 56 252 175 106 95 83 174 137 247 148 69 223 64 140 254 52 152 118 111 159 170 112 224 88 130 113 14 18 133 37 238 190 141 93 81 160 184 12 102 203 151 62 156 92 9 124 164 226 204 198 121 127 129 195 250 39 119 55 192 17 134 42 237 61 147 139 131 47 19 240 51 11 53 16 35 40 76 1 115 146 239 34 150 120 215 154 126 21 125 33 176 211 169 105 65 142 
12 139 82 213 90 191 237 48 252 142 140 5 167 245 122 128 129 78 64 117 27 65 241 116 69 170 38 174 182 205 59 125 43 144 130 73 35 198 135 150 40 123 108 111 239 217 227 186 224 62 179 133 207 118 242 200 185 110 6 84 254 22 51 214 77 85 168 136 124 137 9 102 23 190 3 96 247 103 115 148 16 20 249 49 120 25 71 233 7 76 72 10 196 13 127 193 57 199 210 175 61 55 17 46 126 143 4 41 177 114 11 24 180 97 98 26 147 160 31 225 34 218 172 229 192 131 80 220 219 45 155 201 171 52 100 47 87 14 161 234 39 149 70 238 158 206 88 250 215 181 204 230 74 106 30 184 91 32 138 67 163 183 153 232 188 178 19 75 157 28 244 54 235 95 211 119 145 60 202 66 151 243 18 81 222 79 50 113 195 99 212 21 63 209 89 253 216 236 134 169 15 132 94 203 231 53 164 104 92 121 109 141 112 1 228 56 166 29 83 197 226 159 37 44 146 251 86 42 36 105 256 189 154 240 33 156 101 152 246 173 187 223 68 176 255 107 194 162 165 2 221 208 93 58 248 8 
88 127 121 151 83 1 54 45 79 5 74 217 228 111 39 105 14 165 11 129 124 211 30 164 3 38 26 254 65 43 93 242 173 7 69 229 181 102 215 122 182 176 72 175 143 125 27 248 8 119 35 183 37 245 236 202 113 57 158 221 6 63 230 104 161 233 253 46 60 32 187 139 180 36 177 67 172 12 190 240 223 108 47 89 232 222 255 206 13 224 195 210 141 204 134 91 117 247 82 256 226 76 140 174 166 135 150 156 21 17 198 115 51 68 225 208 149 194 155 75 132 235 231 189 168 163 29 16 246 191 81 56 114 192 212 126 131 28 218 44 250 20 216 66 184 58 128 239 50 118 55 133 2 73 95 249 31 179 237 167 148 203 48 244 153 170 171 197 107 59 209 160 238 110 64 251 199 200 188 96 219 33 227 214 61 120 84 109 234 42 106 34 80 144 86 154 15 70 137 145 243 41 92 99 116 112 123 103 90 94 241 142 62 87 159 169 252 152 4 71 52 207 85 22 77 220 193 138 146 24 23 49 9 186 98 25 196 136 97 18 19 162 10 185 213 130 78 40 53 157 101 205 147 201 100 178 
1 233 20 83 195 161 227 184 60 126 164 198 78 19 122 250 59 142 190 243 8 63 137 143 197 67 151 85 209 194 71 14 99 102 6 131 117 210 200 50 77 127 2 236 116 212 152 148 7 153 124 150 30 98 219 163 192 26 187 24 57 114 234 186 224 251 134 223 11 123 94 35 159 207 144 235 157 244 130 128 115 158 80 155 105 27 208 82 64 221 32 199 90 15 91 146 228 34 172 175 179 17 40 120 125 171 249 86 43 56 4 225 21 22 231 109 145 149 62 28 215 229 9 88 232 70 112 177 42 12 53 252 106 52 156 239 193 245 141 93 75 256 185 96 165 230 202 13 189 31 118 213 241 214 69 74 247 100 183 73 89 51 242 139 206 55 107 211 204 110 45 66 44 48 181 203 37 220 103 169 255 240 218 108 201 81 41 167 182 238 138 191 176 170 174 136 47 61 29 25 38 5 133 54 253 226 168 16 18 180 46 140 135 79 23 65 147 188 254 101 246 196 217 160 92 237 205 121 154 84 129 216 111 173 104 95 162 58 49 72 39 87 3 68 36 178 248 113 132 76 97 166 33 222 10 119 
137 37 25 18 47 41 11 236 70 44 164 118 75 207 230 65 171 63 194 13 184 114 17 169 215 36 76 176 71 208 14 155 116 238 96 154 189 252 255 109 119 1 149 216 51 94 21 146 85 5 60 72 48 205 97 106 150 43 135 68 121 38 90 104 240 9 235 253 79 200 107 219 227 212 168 15 144 193 73 209 10 33 54 166 233 231 158 249 50 218 12 139 55 217 223 69 161 241 4 210 132 91 31 220 87 134 188 214 165 172 147 19 124 78 39 101 99 195 66 29 20 22 110 201 6 81 190 89 23 34 234 222 127 88 28 225 167 98 80 84 151 131 203 61 108 93 162 182 133 2 74 130 138 141 129 92 59 126 95 122 8 86 100 57 40 221 242 237 191 177 42 103 52 56 16 35 243 142 173 156 58 46 196 62 53 185 82 170 123 251 192 157 206 30 7 128 239 197 67 247 232 187 159 183 199 125 32 179 153 181 148 202 24 229 113 226 204 163 254 140 160 178 83 143 228 136 77 45 152 175 211 112 248 244 64 256 120 3 186 180 174 224 102 105 115 49 145 198 111 26 245 246 27 250 213 117 
108 37 182 8 207 38 77 90 4 60 168 146 25 27 236 16 40 69 98 128 15 66 247 122 5 86 123 89 172 150 181 92 54 36 32 51 103 250 222 106 104 169 158 196 216 135 201 177 193 164 144 34 205 185 246 163 100 248 137 76 74 210 203 87 178 154 2 251 186 41 136 191 133 149 241 192 157 199 254 50 57 95 116 190 10 156 84 30 39 102 159 70 80 231 97 160 61 235 6 64 184 176 3 131 209 195 197 56 82 228 7 20 73 174 88 204 110 238 59 130 253 220 221 180 225 165 65 129 114 43 245 189 24 229 13 141 53 252 223 119 45 58 187 249 167 166 217 26 171 19 48 111 237 35 44 170 1 230 109 62 71 147 239 22 91 256 72 52 14 179 55 140 49 255 227 11 18 117 173 124 12 234 215 242 21 120 243 139 31 240 218 162 208 148 63 33 67 83 152 42 214 151 211 161 134 23 153 29 175 81 202 194 138 118 188 206 142 46 105 101 107 143 127 145 113 212 233 68 93 78 79 244 125 75 28 155 121 96 213 115 99 232 94 47 17 9 126 226 198 224 85 132 183 219 200 112 
54 154 57 167 222 107 116 176 65 124 129 20 9 236 230 210 174 21 189 70 171 95 201 15 242 109 126 81 196 86 156 251 136 180 106 186 98 192 131 96 209 99 42 159 238 63 169 155 68 2 7 218 74 163 118 237 195 34 85 10 199 144 1 140 47 212 234 28 166 105 235 108 198 178 223 117 158 164 137 119 94 160 202 4 77 244 168 190 76 123 249 245 79 23 152 18 64 32 56 225 172 49 50 181 188 75 89 205 135 141 122 40 145 127 90 26 134 147 243 191 187 227 182 215 151 252 130 193 83 27 114 239 146 3 194 66 255 82 247 14 133 231 148 39 216 217 78 59 203 104 253 226 229 25 43 71 30 67 80 206 214 173 233 197 72 110 219 240 142 12 157 207 17 8 45 37 6 11 41 29 125 55 53 22 220 91 84 184 132 46 138 61 93 19 60 87 213 165 51 31 149 248 112 113 208 221 128 52 139 35 13 62 175 224 58 120 170 73 200 143 48 161 204 33 153 183 92 97 162 88 38 185 177 69 150 115 246 121 102 44 16 5 24 228 100 36 103 211 256 254 250 232 179 111 101 241 
100 99 111 105 85 236 219 185 157 169 175 184 201 80 207 197 94 183 172 63 179 209 178 42 191 174 49 242 31 72 239 135 228 220 91 176 193 106 70 62 199 26 125 210 189 12 192 133 132 200 127 255 148 223 168 10 38 3 212 248 186 137 153 166 114 154 170 235 48 213 104 34 110 244 19 44 97 180 251 224 81 29 1 11 16 39 253 84 28 76 152 118 231 120 14 41 58 221 52 138 4 198 56 181 139 130 216 171 211 190 45 32 141 36 119 195 88 102 151 249 43 7 6 109 129 53 164 67 158 40 237 115 64 17 150 160 126 173 55 47 143 101 123 86 124 214 37 59 98 46 22 165 79 155 69 240 140 177 50 108 107 215 163 142 233 252 196 227 146 205 68 162 188 147 30 15 2 232 230 206 241 149 226 27 96 65 156 93 20 250 21 203 117 238 113 225 208 222 92 128 187 66 78 145 245 82 54 77 218 204 9 159 229 254 5 24 161 74 136 8 35 87 89 51 144 246 243 131 121 116 90 217 122 13 95 73 134 18 202 60 234 25 247 57 182 33 61 75 167 194 112 23 71 256 103 83 
93 7 184 35 48 204 173 232 70 186 228 26 256 123 162 240 223 76 104 135 127 157 185 202 168 19 147 53 129 182 152 15 50 49 31 29 59 145 176 112 98 252 94 255 250 61 148 90 134 247 249 170 238 88 51 60 161 217 2 179 210 196 89 95 39 183 55 222 5 164 10 136 254 177 166 30 1 205 197 25 109 105 72 120 78 63 38 44 133 233 144 3 117 248 142 208 199 156 187 81 190 200 69 106 54 159 236 191 237 8 172 154 193 74 83 64 100 224 23 103 28 151 122 91 66 211 216 43 206 108 9 118 219 77 18 132 80 171 139 41 229 46 126 85 212 165 167 119 111 14 21 188 92 4 6 84 37 115 221 75 107 220 143 114 234 125 180 225 128 226 207 244 97 62 209 174 160 169 141 146 32 36 131 215 99 137 57 87 155 16 13 246 189 243 116 102 195 124 214 194 42 40 45 58 20 181 213 163 73 47 218 27 12 203 65 175 110 56 245 241 192 178 71 130 22 150 231 101 96 33 24 68 230 235 149 67 198 227 52 86 253 34 158 153 121 138 17 251 79 201 239 140 113 11 242 82 
189 158 11 252 208 148 59 130 162 78 6 150 224 53 163 140 34 223 99 67 170 201 146 174 202 65 192 42 132 235 133 79 15 37 185 196 112 168 198 142 152 97 120 14 124 16 85 50 40 239 131 213 205 82 156 155 64 17 56 249 241 5 212 89 166 145 58 230 246 72 28 100 95 169 71 226 182 108 197 127 52 240 54 188 125 165 33 13 203 211 106 219 55 176 147 171 253 233 29 138 103 134 207 12 69 206 237 45 250 66 41 248 101 121 111 23 93 229 141 117 222 254 200 9 167 175 220 90 116 231 80 122 31 256 87 2 38 39 232 107 210 63 244 227 193 1 109 243 217 144 68 164 136 22 30 209 218 70 238 21 26 32 77 20 154 173 46 36 25 118 74 96 8 236 18 194 214 204 177 81 92 10 181 195 123 104 187 245 48 247 160 234 255 180 43 47 105 75 179 242 3 183 225 94 178 186 199 86 51 129 228 221 153 35 161 49 126 91 44 135 115 84 4 159 7 191 102 88 216 62 114 27 184 157 76 139 190 137 57 24 60 61 251 73 172 151 83 128 98 149 110 19 119 143 215 113 
95 228 128 81 234 137 14 100 98 16 13 236 113 93 225 45 136 208 20 140 132 253 104 58 72 103 111 231 178 27 66 149 112 190 223 159 156 56 182 78 209 176 99 9 131 47 10 33 230 91 172 17 169 248 232 255 194 233 23 162 143 65 186 41 69 222 75 150 25 219 151 227 124 102 2 110 87 191 213 161 24 71 145 3 90 142 59 166 139 212 39 134 238 199 30 163 210 157 216 92 97 177 84 252 195 218 184 217 154 203 46 174 44 155 122 133 244 109 180 48 35 26 144 57 188 196 171 4 32 141 68 85 221 207 173 235 245 76 165 179 53 88 129 106 160 211 114 43 153 226 201 164 189 125 7 215 77 158 117 206 67 193 251 40 126 220 38 119 138 19 254 83 1 241 18 167 51 237 185 55 49 118 152 192 21 214 120 183 116 127 115 94 63 34 204 200 42 240 82 146 205 130 239 170 249 60 168 247 31 12 181 107 36 147 62 28 70 86 96 29 8 175 101 11 6 89 37 108 61 187 148 15 50 135 250 198 243 229 79 123 52 224 246 105 74 54 22 197 256 5 202 80 242 64 73 121 
184 202 215 141 76 119 227 128 11 201 9 216 162 240 85 198 169 228 176 235 130 217 114 157 104 15 124 249 159 208 95 148 69 61 250 231 140 233 131 39 72 230 252 224 129 73 29 30 135 113 152 163 125 185 20 24 127 1 164 139 50 197 126 106 204 43 146 7 209 181 180 193 62 101 199 41 54 45 174 34 52 171 212 58 107 245 238 222 59 87 116 177 220 68 91 154 221 117 196 206 5 229 26 65 243 175 92 67 182 165 27 90 79 256 121 178 66 172 56 170 166 236 167 21 86 55 111 251 219 18 51 25 81 118 234 74 84 160 102 64 38 122 3 207 151 186 133 247 195 33 200 71 105 57 103 168 112 150 70 36 109 191 161 136 192 183 77 49 14 244 137 246 138 19 149 35 187 28 98 83 48 40 218 10 142 4 6 80 134 22 12 132 60 213 241 115 214 47 78 237 239 173 232 145 75 255 2 108 123 37 226 16 210 153 205 96 143 190 44 63 31 53 89 211 189 147 253 223 88 188 13 254 120 100 110 94 82 225 248 179 99 156 158 32 93 144 23 17 242 8 46 155 194 42 203 97 
31 124 210 79 39 110 3 122 7 84 177 179 55 160 206 106 181 108 139 222 44 212 41 164 21 16 217 74 126 153 42 216 40 135 129 101 91 123 114 187 193 68 227 121 80 9 18 248 56 49 190 165 103 14 215 223 194 11 253 213 209 62 54 191 156 72 180 53 20 35 246 230 240 234 137 96 143 15 251 1 48 87 47 149 236 36 221 25 59 119 115 138 120 61 77 167 241 200 105 12 69 33 132 204 82 99 207 45 218 93 231 249 163 237 81 125 78 113 43 141 2 66 38 58 97 158 239 128 88 243 29 198 224 70 140 6 131 173 136 94 71 202 10 255 226 148 142 17 57 242 24 22 52 134 192 166 146 186 185 151 184 219 75 159 174 182 64 208 244 147 118 172 168 27 154 238 145 247 178 205 95 256 157 127 34 170 13 109 51 233 254 211 100 169 150 130 225 188 235 76 171 63 201 37 8 65 73 83 214 5 175 85 152 196 197 176 183 252 19 67 46 229 104 60 203 107 26 155 32 220 50 111 117 195 98 144 199 102 28 92 250 4 90 161 89 116 189 228 30 245 133 232 162 112 23 86 
230 69 246 200 84 50 82 13 4 34 189 52 48 226 165 250 224 178 247 164 66 134 212 53 249 220 121 70 204 92 136 252 16 111 210 187 109 217 81 234 110 245 170 235 116 123 251 125 71 22 100 232 37 113 255 174 102 124 40 203 186 120 194 72 97 10 42 154 147 115 36 242 207 167 172 181 60 190 185 176 89 156 157 129 18 216 239 45 135 95 149 150 51 108 213 225 41 12 196 20 24 19 26 240 35 202 241 126 237 248 193 206 143 103 163 209 88 188 105 96 166 38 3 77 49 158 205 256 29 91 83 39 67 65 8 218 106 2 132 7 1 56 15 9 21 33 179 228 199 183 139 182 138 168 219 145 14 6 55 236 137 117 160 44 47 130 144 118 31 184 57 142 79 227 28 76 30 162 85 73 222 63 104 180 233 11 253 61 191 127 171 159 173 25 93 90 86 119 148 192 153 151 141 238 43 244 208 54 146 214 231 140 161 195 131 17 177 101 78 23 128 58 107 122 198 133 201 99 175 94 215 243 211 221 74 169 64 5 152 27 32 98 80 62 87 75 114 112 197 59 254 155 223 46 229 68 
46 27 143 55 159 68 99 38 94 239 47 254 153 87 80 108 149 230 168 160 21 84 85 36 197 96 138 32 60 190 40 16 28 110 66 101 89 64 43 234 3 201 222 24 213 217 200 229 41 123 5 133 82 121 173 33 17 118 232 181 102 78 182 195 39 44 52 187 6 191 72 207 23 141 227 248 249 127 49 56 11 198 91 93 124 189 228 204 95 223 186 35 221 86 179 177 126 74 57 242 79 192 42 111 237 251 4 240 54 256 193 156 163 216 139 235 90 104 243 51 203 180 185 81 165 219 246 19 172 146 106 144 164 50 145 196 250 129 218 65 175 61 92 178 183 162 73 211 53 34 147 154 120 2 69 75 150 205 59 215 132 208 70 152 255 88 155 206 113 252 188 247 100 236 103 48 30 76 157 122 140 224 83 97 62 7 231 209 37 71 142 1 105 119 233 137 115 14 199 161 241 128 134 67 130 109 158 171 202 176 13 20 174 31 170 58 22 29 98 226 136 151 184 117 9 26 166 245 148 238 135 194 167 77 112 253 212 12 63 169 114 244 131 10 225 45 116 210 107 125 18 15 25 220 8 214 
158 214 23 4 96 8 162 94 84 37 246 79 69 231 222 227 97 15 131 2 144 206 155 177 93 154 117 31 1 59 52 95 109 195 24 126 120 250 230 9 170 47 204 200 20 62 91 29 182 254 85 199 251 51 7 218 87 135 98 36 149 33 248 169 44 255 53 74 233 12 89 219 186 124 148 46 196 92 205 197 163 236 17 211 77 26 142 81 150 160 190 226 145 249 70 153 112 39 6 161 253 88 82 171 168 49 256 188 78 220 57 66 223 175 104 217 245 180 75 22 201 128 146 239 184 16 73 187 215 183 103 152 178 76 194 11 252 238 5 43 173 247 114 232 133 14 207 243 10 106 42 45 64 147 28 25 34 216 203 32 60 172 143 101 132 61 118 228 115 119 176 67 65 137 165 40 48 134 99 139 225 130 21 122 156 80 90 83 121 151 35 240 58 129 125 138 244 102 209 3 181 157 202 212 72 164 110 140 221 235 54 229 19 55 234 193 56 213 127 208 108 41 113 237 241 111 86 30 179 191 100 167 27 105 50 123 185 159 107 224 136 38 71 198 174 13 166 189 141 116 210 68 242 192 18 63 
7 142 191 21 111 190 255 116 165 216 86 187 8 140 97 76 27 148 82 124 158 225 23 182 253 62 83 49 220 244 91 189 139 109 29 223 256 248 169 235 99 80 42 59 95 226 246 233 201 114 136 105 217 207 224 47 202 20 196 175 206 36 1 254 54 205 212 221 78 46 77 123 213 41 33 234 159 30 87 2 230 75 58 188 222 145 19 147 153 186 112 172 138 3 25 117 16 219 176 17 157 50 164 231 240 113 40 181 209 66 163 127 168 84 96 250 72 160 65 92 208 55 81 120 249 73 70 129 173 166 193 31 141 115 215 119 100 203 236 67 60 110 12 56 183 35 210 149 133 150 6 146 45 57 242 71 98 121 108 156 9 238 177 179 132 137 37 130 61 192 53 229 184 11 102 204 152 69 34 85 237 239 131 199 101 63 68 143 232 107 14 22 126 32 134 144 51 198 171 13 162 154 4 197 18 89 118 26 180 214 218 228 52 90 122 44 185 167 227 24 64 10 241 151 104 170 251 39 135 106 128 125 79 43 252 93 195 178 94 155 200 211 28 88 5 15 103 161 245 74 247 48 194 174 38 243 
181 218 27 208 210 112 186 67 60 5 30 158 193 40 12 87 245 93 254 190 48 116 163 156 135 197 61 172 250 177 180 131 142 240 80 11 212 170 162 139 1 237 235 4 141 51 13 188 215 173 36 90 34 56 114 148 84 44 167 206 18 37 184 77 204 108 2 174 109 106 122 59 233 145 198 216 147 79 103 164 169 207 223 25 249 68 62 153 118 86 111 16 256 65 224 133 97 64 121 14 128 151 119 226 246 89 166 57 182 55 138 252 239 31 165 234 123 66 120 92 115 58 194 146 228 185 243 71 101 26 225 10 82 70 211 154 85 117 248 227 178 63 231 219 3 98 8 232 33 21 43 23 78 209 105 41 203 214 83 196 104 54 28 201 217 157 136 45 189 38 200 183 129 94 192 52 221 72 137 99 144 202 69 255 159 195 238 132 222 19 241 253 91 126 247 220 127 152 73 7 229 76 102 53 244 107 81 213 175 140 171 24 143 187 168 95 20 161 42 22 100 150 39 191 17 242 251 96 47 134 205 155 32 6 46 88 230 50 113 110 160 15 149 74 35 29 49 236 130 9 176 125 199 179 75 124 
233 124 249 25 216 181 252 131 250 175 150 110 66 10 15 203 236 94 69 188 119 162 238 87 80 187 171 148 117 254 173 71 220 47 52 143 227 27 200 106 228 202 98 89 62 90 198 30 116 1 201 151 211 174 118 22 133 100 104 167 146 179 193 180 213 72 77 163 158 168 20 93 12 135 31 55 223 164 26 240 56 251 214 183 141 156 184 82 212 67 14 235 208 140 2 160 147 243 177 149 145 225 95 105 68 24 111 86 221 155 144 255 99 108 60 244 136 195 91 138 16 61 230 17 33 169 190 127 45 97 13 102 32 121 73 70 29 42 128 49 63 79 113 88 41 172 53 232 65 176 58 74 130 137 129 222 196 239 59 44 92 84 76 159 204 83 122 85 101 103 57 242 170 43 51 191 218 247 226 205 142 115 78 197 194 152 8 215 186 125 81 39 54 154 11 21 199 157 75 161 46 107 234 38 123 246 35 241 34 166 96 231 19 18 120 4 5 36 229 134 114 217 132 3 206 253 109 178 210 207 112 248 182 192 37 219 153 40 256 48 245 165 7 224 28 189 209 9 237 23 6 64 126 185 50 139 
146 254 29 119 25 105 80 161 116 221 31 167 54 245 215 170 232 87 67 57 181 187 69 51 128 250 53 72 192 50 252 204 75 169 212 4 149 32 10 159 7 178 156 218 140 77 36 164 171 94 33 239 1 191 76 135 222 162 46 251 5 219 49 98 255 157 165 108 13 179 61 172 16 224 246 207 60 199 37 130 114 158 110 142 97 168 66 28 256 185 123 100 182 247 58 109 244 229 175 22 213 242 56 197 88 107 59 68 23 30 183 174 103 96 18 150 177 236 115 2 81 101 226 20 186 152 9 63 45 42 151 113 166 91 203 21 14 64 235 38 223 104 217 73 127 228 202 85 189 129 208 24 198 227 216 188 147 102 125 193 40 176 74 190 210 93 15 8 233 160 153 134 144 43 253 148 118 240 99 154 19 27 194 95 138 143 120 126 34 145 83 79 55 90 6 35 70 230 26 220 180 82 214 201 11 131 106 41 121 3 132 243 195 139 237 12 52 117 141 163 205 122 124 47 89 248 211 196 65 241 71 84 231 225 111 133 238 78 39 112 92 155 234 206 62 184 17 86 44 209 200 173 249 48 137 136 
142 121 189 66 38 238 164 100 202 133 213 191 147 209 118 144 146 185 233 34 89 40 52 173 215 126 47 16 46 35 243 155 208 226 117 220 229 175 181 130 174 145 14 183 119 37 141 88 73 221 255 13 98 149 166 217 219 162 138 55 247 178 68 53 57 170 86 249 18 72 49 78 211 111 196 84 195 125 82 150 225 29 48 187 212 165 90 234 61 93 253 102 148 15 107 25 184 85 129 20 179 201 252 36 69 131 76 103 203 171 228 104 250 200 31 216 60 157 115 74 137 105 56 136 127 43 17 242 10 45 110 244 169 27 152 188 21 54 81 205 194 241 182 223 30 26 94 50 5 64 6 91 206 161 240 158 12 99 114 32 58 24 19 128 245 2 192 239 193 256 224 41 236 106 232 39 139 62 22 143 134 172 123 248 199 92 80 154 109 132 254 168 204 186 95 51 135 122 113 59 140 177 167 163 124 44 227 96 214 63 230 197 97 180 101 190 176 237 71 28 11 7 65 120 8 156 67 33 231 151 159 9 207 75 70 218 210 153 77 83 112 23 108 116 222 1 4 42 235 3 79 160 246 198 251 87 
240 72 232 173 227 57 182 224 114 70 117 205 120 147 230 177 83 86 129 109 64 87 104 45 197 216 139 10 222 254 239 169 78 127 151 246 137 235 58 248 198 93 165 89 138 155 42 4 252 187 32 34 50 132 255 167 121 243 100 164 146 35 251 170 200 238 107 134 75 123 99 191 31 135 136 226 236 80 256 51 211 113 153 219 102 111 90 225 171 124 119 9 233 234 5 11 220 46 63 115 215 61 101 142 59 161 22 66 131 56 154 96 241 24 133 62 185 30 36 77 183 110 122 174 244 73 229 40 29 175 27 47 201 39 195 209 217 91 166 172 20 199 250 85 204 176 48 192 6 49 160 12 19 128 159 23 69 21 130 193 145 188 97 168 231 71 152 143 189 207 18 242 94 81 74 13 17 162 221 253 52 65 196 55 223 237 208 202 1 190 76 26 194 28 218 178 98 112 60 150 8 14 41 95 105 157 108 163 38 186 213 140 37 247 79 206 184 68 25 141 214 144 82 92 44 125 106 181 88 3 2 180 203 53 210 16 33 43 103 212 148 116 118 156 158 7 15 126 245 54 149 179 67 228 249 84 
78 98 172 123 146 245 180 159 22 9 103 155 21 214 134 156 93 183 228 85 250 232 79 173 42 3 230 51 117 120 225 163 237 194 97 10 138 46 142 188 209 206 118 90 220 91 70 44 48 144 210 101 226 19 87 208 219 124 35 119 73 189 56 92 55 236 181 242 72 109 8 192 108 157 200 147 143 82 248 16 129 5 253 140 137 66 57 81 115 114 64 247 241 52 182 252 133 224 202 199 122 74 83 222 151 195 77 191 94 161 128 201 25 75 12 71 45 116 112 88 158 104 13 23 39 185 102 33 231 24 107 198 29 246 166 32 26 36 20 14 205 80 37 193 47 243 255 141 34 110 76 215 99 178 61 256 86 84 167 62 28 105 165 95 223 6 212 40 218 139 11 69 145 227 162 152 15 136 197 179 111 176 132 238 41 154 204 235 203 164 1 65 174 229 150 168 211 106 38 121 63 135 60 217 186 239 175 89 149 177 96 169 196 187 4 53 249 130 251 43 244 49 148 125 240 207 27 221 2 100 54 190 67 234 153 213 68 171 59 160 254 7 170 17 30 233 184 216 127 126 50 18 113 31 58 131 
121 164 229 58 198 19 29 178 59 132 189 125 51 68 52 80 186 205 190 13 102 151 252 64 240 196 192 43 221 246 199 24 239 216 15 11 31 69 14 41 168 231 232 202 62 150 10 226 251 248 99 101 234 4 225 143 156 85 207 176 253 195 184 107 163 219 18 173 139 115 242 142 122 138 153 165 149 126 71 130 23 175 185 244 254 95 123 170 42 97 223 84 70 25 206 76 8 83 169 72 171 217 227 148 93 137 118 39 87 79 158 111 220 48 1 183 120 188 67 27 179 33 91 194 50 177 161 162 75 96 247 12 100 94 241 9 45 53 73 103 40 30 230 212 135 38 108 256 46 61 201 66 181 77 22 224 146 57 114 6 193 55 34 197 155 147 218 134 89 255 78 129 20 167 82 222 191 16 157 215 203 124 112 208 44 204 47 211 28 249 110 180 36 74 131 144 127 238 172 113 98 187 35 3 60 136 117 214 128 106 90 92 160 37 209 54 32 210 7 2 140 233 159 141 5 235 166 213 237 65 243 174 116 228 250 104 86 182 200 154 56 119 21 63 105 145 26 245 88 49 133 17 81 152 236 109 
113 74 242 30 116 118 106 188 245 222 237 176 7 211 123 244 152 22 91 167 127 31 144 203 215 62 39 185 90 149 157 108 87 97 6 129 38 126 10 92 15 63 145 51 130 85 217 119 218 56 26 88 168 142 151 12 223 93 161 178 124 83 146 228 122 99 199 241 24 172 255 239 200 139 89 48 154 2 94 65 75 70 105 204 182 247 72 193 19 13 37 171 8 229 35 158 238 187 25 163 76 170 29 104 186 23 27 195 79 41 216 207 253 148 58 224 1 208 174 169 114 68 192 9 36 209 156 155 132 55 134 17 46 5 43 120 256 52 107 78 45 137 135 18 196 162 20 165 164 73 235 61 109 16 214 233 112 69 181 190 103 140 3 82 84 111 221 110 160 159 66 210 250 128 220 226 14 213 47 136 183 232 80 115 230 125 95 53 86 206 249 184 202 60 54 34 96 102 42 212 77 248 44 4 252 234 143 100 147 133 59 175 141 179 240 225 32 98 246 138 177 81 28 71 166 40 64 117 153 33 231 67 254 191 198 150 219 131 194 50 173 251 201 180 21 11 189 101 243 121 49 205 227 236 197 57 
53 187 33 238 120 71 236 220 212 168 109 179 81 68 43 93 191 189 141 217 36 1 66 72 17 175 37 165 134 148 111 119 65 166 101 163 145 49 55 51 67 12 240 147 170 139 210 30 235 142 230 7 243 222 131 88 89 253 85 121 174 34 180 214 83 172 108 215 59 227 152 237 135 47 190 137 74 130 18 218 54 69 19 77 116 80 103 57 39 171 161 216 102 40 245 127 46 225 16 87 192 251 48 84 52 205 158 97 114 104 176 24 143 73 194 122 78 138 229 159 248 232 128 199 44 113 126 2 10 96 14 20 246 118 70 181 146 196 157 188 25 228 169 58 28 162 198 231 4 239 155 91 123 173 221 197 200 125 5 252 183 213 242 76 31 195 206 226 178 254 6 203 124 41 132 9 202 151 90 15 153 184 129 45 62 22 182 150 23 247 29 92 94 26 224 75 193 27 223 249 99 167 3 64 61 211 154 241 115 185 207 117 95 164 233 86 79 21 112 100 156 63 204 136 201 177 160 38 56 144 13 209 250 11 50 133 234 186 140 8 256 107 105 244 60 255 32 208 219 106 82 149 98 110 42 35 
34 20 46 8 106 239 15 165 213 58 247 113 118 32 209 205 97 221 30 126 214 137 167 244 138 166 1 218 49 182 241 121 181 55 129 139 152 186 212 74 148 142 157 149 37 70 243 75 23 230 235 146 108 69 105 133 67 169 199 153 184 25 68 253 87 175 248 10 116 161 120 238 92 38 62 81 127 57 174 156 164 80 110 224 192 21 27 200 114 36 134 135 53 251 64 94 194 52 168 40 43 11 86 220 115 125 82 61 102 176 83 41 233 103 171 203 79 31 202 93 29 219 99 104 85 242 191 42 172 28 211 95 151 124 59 215 155 60 39 54 254 226 231 84 237 5 77 89 162 131 44 16 198 154 236 183 14 33 240 228 170 3 206 222 122 189 250 163 2 141 72 143 26 252 178 158 234 109 98 101 71 50 150 232 4 185 18 6 132 207 51 159 123 24 7 177 217 76 128 91 255 13 201 190 63 227 12 112 35 144 245 145 216 136 9 173 223 65 48 208 17 187 195 111 107 193 179 66 45 229 180 160 197 147 96 210 117 78 119 88 204 225 47 196 130 246 140 22 188 256 56 90 100 19 73 249 
40 144 205 83 80 138 202 238 215 28 76 149 58 62 15 139 223 45 203 35 105 46 34 199 128 173 16 228 154 194 32 246 225 124 167 102 44 208 247 176 54 179 130 90 67 240 37 155 112 162 233 134 219 49 95 165 123 235 204 119 100 177 164 88 218 117 171 23 14 210 36 26 178 250 74 170 175 73 59 61 174 8 163 120 206 145 39 60 166 85 252 241 191 27 106 17 181 193 133 212 104 160 48 141 187 251 42 172 152 71 13 147 114 150 185 137 169 214 38 184 4 192 188 30 101 148 51 135 236 200 41 92 132 53 22 157 50 229 168 224 12 82 255 20 9 29 6 99 47 156 118 116 220 103 87 248 113 72 110 70 227 93 111 94 33 197 230 196 84 18 52 216 81 64 91 186 242 222 21 10 69 231 108 63 75 25 183 98 151 31 153 182 129 68 146 211 96 43 2 232 143 66 1 249 65 56 19 109 97 195 237 86 209 234 125 189 221 77 158 115 89 79 24 161 136 256 213 198 239 57 159 126 55 201 5 3 127 254 140 107 244 121 78 122 190 180 243 142 226 217 7 207 11 245 253 131 
28 144 254 111 20 40 19 10 147 232 252 216 190 58 214 65 203 18 228 61 41 126 27 14 3 67 21 152 117 179 115 72 215 170 212 222 226 177 191 31 125 13 173 208 39 133 34 236 7 193 248 42 73 87 75 160 48 207 230 198 101 221 201 164 218 229 89 220 55 103 243 231 53 2 224 63 131 205 60 182 250 88 249 70 121 32 141 210 102 213 176 24 122 91 83 17 255 11 186 172 79 118 78 187 110 168 242 128 159 105 195 189 175 184 181 25 16 124 100 188 22 246 43 136 35 113 239 219 69 51 59 185 37 30 158 123 165 171 237 47 68 71 127 197 23 154 225 108 49 234 64 36 104 66 244 33 251 209 97 77 161 52 45 143 93 26 138 149 94 241 151 62 238 148 119 29 15 140 116 74 99 194 178 4 50 247 192 6 150 256 142 223 240 167 206 86 38 146 112 114 134 84 82 132 135 54 96 199 163 153 235 155 130 120 137 12 8 145 183 174 169 217 76 109 253 95 129 157 5 162 196 81 245 46 180 166 202 200 44 56 233 57 227 85 139 106 204 1 211 9 107 156 90 98 92 80 
127 128 113 149 101 185 37 142 151 94 196 114 82 83 133 91 105 189 43 32 177 255 170 10 79 180 9 172 106 212 55 52 248 231 68 85 193 76 208 173 129 31 93 48 57 17 155 223 15 150 202 102 115 132 126 70 236 153 178 181 20 252 159 187 97 54 160 214 92 36 81 39 232 103 77 245 162 161 194 98 186 62 14 89 250 35 125 50 158 192 210 143 123 206 84 240 111 209 205 80 175 224 67 140 168 247 99 207 16 69 122 117 61 38 66 63 120 254 138 104 227 96 246 75 184 134 1 191 73 124 156 239 237 27 163 2 118 49 213 21 64 154 238 46 51 230 34 200 88 53 41 235 216 22 33 256 199 174 74 145 215 225 141 56 8 18 190 139 244 219 26 112 152 58 169 44 136 217 241 148 195 28 146 5 71 131 65 29 242 135 107 6 220 251 204 3 45 176 197 109 119 228 30 166 23 42 130 222 137 221 59 243 13 121 179 165 234 211 144 87 198 116 147 188 86 249 90 7 171 110 167 25 19 40 218 78 233 24 229 157 108 95 100 4 164 183 182 201 47 203 253 226 12 60 11 72 
113 91 255 166 123 62 196 227 131 233 252 89 203 188 225 150 79 48 175 31 68 154 118 216 29 171 26 195 247 49 206 95 228 152 211 99 17 112 207 251 213 236 33 75 76 149 144 229 121 37 61 145 7 162 19 197 108 182 141 148 22 94 172 35 158 239 59 238 192 27 13 137 24 78 218 70 181 122 170 138 47 177 157 46 64 179 253 109 165 71 100 128 250 42 105 226 153 194 244 85 54 217 10 136 143 132 164 223 57 83 156 234 96 16 202 215 237 60 220 117 12 241 2 4 41 9 155 1 174 25 245 146 140 110 73 34 168 81 98 55 40 199 242 178 92 190 124 30 222 38 126 240 103 66 107 130 147 129 11 56 28 183 14 82 74 3 205 97 44 53 20 67 106 231 127 186 6 45 189 254 21 5 87 224 209 86 191 43 69 198 159 163 88 246 39 243 134 201 133 249 58 80 214 210 65 84 248 161 102 36 72 125 180 208 173 135 15 114 256 204 50 219 151 193 235 142 187 115 184 169 111 32 18 116 77 101 52 221 176 93 185 230 200 104 51 167 160 8 212 232 90 119 139 120 23 63 
151 251 65 1 20 21 185 187 102 153 87 228 97 47 133 26 51 211 174 236 190 223 120 124 82 140 60 119 110 141 193 212 192 194 180 93 30 136 128 130 40 241 86 233 162 8 250 10 169 109 74 230 48 127 197 85 244 123 3 69 179 232 106 189 176 83 72 62 5 142 148 118 125 225 195 235 199 38 221 126 67 66 145 202 158 172 171 12 37 121 27 2 98 144 170 78 89 201 23 239 31 7 178 182 249 154 24 71 200 79 108 52 152 9 112 155 117 143 49 146 256 163 80 28 113 209 11 122 46 191 103 208 50 167 219 247 188 64 227 92 216 210 70 165 186 39 101 33 99 95 104 94 175 90 215 81 213 139 58 105 254 114 226 237 252 131 231 137 207 253 161 204 43 111 91 246 242 42 198 129 100 147 206 25 77 35 160 218 32 15 205 168 36 76 116 18 149 177 41 203 29 6 13 135 88 184 238 217 61 44 173 75 134 166 229 243 220 214 132 224 55 73 150 115 107 34 222 57 234 17 4 19 245 16 96 68 14 240 56 45 138 181 22 84 157 196 183 248 63 164 156 255 54 59 53 159 
150 100 213 176 181 161 34 239 10 94 225 253 57 32 120 82 189 126 121 64 60 134 51 210 191 18 92 55 235 141 85 152 107 182 170 69 224 228 205 175 215 40 249 53 155 219 61 111 241 23 112 186 248 244 137 33 127 236 38 27 237 238 80 132 183 3 197 25 52 140 247 114 39 184 67 45 202 187 78 166 163 105 208 29 101 108 86 97 15 98 146 229 115 190 185 44 194 72 88 118 66 206 201 76 68 158 243 91 144 254 250 128 14 59 148 71 24 212 232 173 119 233 223 130 65 116 251 217 17 46 77 230 89 218 5 70 252 179 75 125 198 22 151 110 12 13 199 195 109 74 234 41 96 50 6 99 164 221 123 63 209 216 1 19 16 20 93 138 220 242 79 8 231 172 174 31 4 42 36 113 204 196 48 177 37 246 90 2 95 49 7 62 153 145 103 122 222 160 245 169 156 131 157 162 87 255 165 142 256 214 171 147 117 203 136 9 193 43 81 30 207 192 129 83 211 188 227 135 167 73 139 226 47 180 133 21 11 200 168 28 56 143 54 149 84 26 178 35 104 240 159 58 106 154 102 124 
95 160 220 239 181 44 138 76 96 45 53 165 86 194 218 208 118 110 140 255 114 199 142 188 213 229 173 93 85 28 247 70 51 62 235 221 3 156 33 157 58 223 64 23 90 108 123 232 226 121 46 186 57 21 34 171 214 104 92 117 233 225 32 246 132 190 231 37 127 242 112 211 161 195 47 184 174 15 175 158 31 101 59 11 238 163 98 240 1 250 241 115 50 99 168 66 167 222 153 9 73 179 2 202 145 75 166 78 198 17 191 6 217 154 185 212 77 100 169 60 107 201 150 170 144 25 42 151 18 87 216 219 13 88 256 141 162 61 197 43 111 35 81 128 183 209 30 8 149 106 38 39 29 56 36 192 137 80 40 125 126 200 245 176 206 119 139 230 133 182 55 135 72 234 52 68 172 164 49 105 109 129 120 244 20 124 248 14 5 178 94 155 131 63 236 69 215 210 253 227 103 83 4 228 24 136 148 113 252 243 54 19 122 146 203 89 196 65 27 237 189 134 224 254 84 177 67 10 251 143 12 71 204 26 205 7 16 82 41 97 48 180 79 102 130 116 159 207 249 91 22 187 147 193 74 152 
127 207 2 104 219 248 29 117 87 221 171 174 122 102 21 218 164 92 140 4 108 214 192 72 245 133 154 144 153 163 196 97 35 226 83 225 227 43 71 203 33 197 123 217 118 139 109 241 22 190 111 114 211 156 120 98 132 27 121 240 176 6 91 143 28 223 26 67 7 209 25 149 15 42 20 184 195 45 18 84 250 30 89 37 152 243 56 252 99 229 115 239 231 137 100 10 160 16 55 36 38 175 57 73 48 113 130 12 51 233 173 177 32 146 39 61 125 181 62 110 157 213 93 199 172 54 9 198 8 19 40 162 244 205 3 86 186 96 128 95 255 247 90 237 1 131 161 81 66 24 135 94 101 80 49 167 170 148 34 65 169 151 200 103 234 201 188 46 224 41 14 236 82 182 180 220 230 23 138 124 50 75 155 253 147 216 254 129 107 222 77 74 70 232 228 59 88 134 189 58 5 191 13 69 78 106 53 11 246 204 85 183 136 238 150 235 44 145 68 178 142 251 141 193 194 116 119 210 185 76 165 179 208 187 63 202 158 112 215 168 206 126 212 166 52 79 60 64 256 31 105 17 242 159 47 249 
44 64 32 209 53 251 208 245 42 131 113 197 235 51 10 140 40 28 19 145 176 255 9 223 158 138 96 226 88 13 211 112 55 84 155 117 129 150 239 48 130 106 59 154 82 11 190 73 109 45 103 216 228 92 214 144 85 204 146 75 60 217 126 120 14 3 198 252 111 212 153 119 56 8 137 91 36 50 220 81 205 199 21 231 167 41 202 54 196 6 179 233 166 250 175 89 123 180 46 218 163 168 188 157 133 253 249 16 52 68 110 183 98 29 227 172 95 22 229 151 102 7 78 125 38 206 246 31 177 33 47 94 27 65 139 25 121 160 80 49 71 77 142 116 161 118 207 99 238 256 57 105 189 149 24 74 69 182 162 1 18 132 191 170 242 15 241 124 135 159 34 194 62 12 254 156 30 221 187 134 90 240 213 222 83 108 66 164 219 225 193 79 26 174 237 165 122 171 224 4 215 104 76 39 248 247 230 236 87 58 35 67 173 232 61 97 147 2 70 203 93 200 20 152 72 195 37 128 184 115 23 114 192 148 141 181 186 210 17 43 169 178 101 185 107 86 244 143 100 136 63 234 127 243 201 5 
90 32 236 244 213 250 112 21 44 92 20 35 191 139 194 186 243 135 14 91 4 221 97 120 192 146 39 94 180 182 136 2 55 60 205 142 25 190 37 208 16 96 66 118 248 47 103 11 198 132 24 88 189 159 130 50 252 219 36 227 62 100 195 178 147 52 183 238 218 175 99 27 201 203 89 45 76 174 128 109 123 134 48 234 33 196 173 61 40 31 85 155 229 7 71 49 119 54 172 207 63 115 152 26 200 168 72 121 140 117 240 125 19 137 251 158 171 181 110 149 170 30 64 150 108 116 184 256 188 1 84 129 157 86 169 161 241 163 223 228 98 23 237 81 53 133 154 226 6 42 253 232 246 5 233 67 59 43 210 17 235 74 28 202 80 82 131 216 10 160 83 167 162 239 38 242 220 179 127 151 15 255 104 102 69 193 101 126 225 13 165 211 197 204 199 143 209 122 166 247 145 107 79 3 214 111 185 144 217 224 68 58 70 153 95 22 57 231 156 176 141 114 87 206 51 177 113 249 41 73 75 46 254 124 187 222 34 29 148 18 106 65 105 9 138 8 93 215 12 164 212 78 56 77 230 245 
132 110 201 44 218 104 118 31 56 101 52 25 229 48 230 61 15 173 151 4 95 40 109 59 28 135 143 154 29 190 66 141 234 254 210 9 117 34 11 167 127 36 183 74 252 248 211 140 35 174 216 246 207 23 163 62 213 103 232 250 22 175 256 106 179 205 18 193 192 126 186 177 243 69 33 89 116 153 138 208 142 45 42 47 195 212 58 92 68 220 107 221 131 172 54 124 46 187 194 49 214 168 178 161 162 206 43 176 217 90 227 55 152 209 108 88 83 13 148 91 38 133 6 204 96 251 170 189 241 24 41 136 123 155 184 120 12 236 240 159 97 67 100 134 165 150 77 87 75 94 226 17 115 5 129 203 196 8 57 249 215 111 171 180 112 147 81 137 222 99 26 79 114 73 70 166 113 121 60 164 181 158 238 20 76 185 10 51 237 93 146 71 160 50 224 144 245 202 233 63 231 98 85 65 225 27 2 139 156 197 219 1 14 119 78 72 105 30 19 239 169 37 21 149 130 255 199 3 200 102 191 247 145 32 125 16 198 84 80 228 244 253 235 157 182 39 223 86 82 64 188 53 128 7 242 122 
198 223 9 27 76 185 140 23 10 65 77 234 224 15 50 101 88 136 119 221 108 41 160 194 95 147 98 232 210 239 20 86 72 187 144 97 49 151 82 81 196 138 62 218 199 179 184 52 182 4 192 58 94 162 34 171 244 200 66 157 28 206 159 6 131 227 142 57 158 175 127 96 53 134 214 51 177 29 110 229 75 212 117 118 55 208 238 12 2 233 225 149 79 130 150 133 176 17 14 161 231 170 36 219 44 47 124 137 195 18 148 63 174 5 111 169 213 243 188 215 167 254 228 247 230 209 163 164 84 250 30 45 253 26 245 143 93 22 67 126 112 61 3 39 56 1 48 145 205 252 100 125 122 153 190 60 104 105 240 249 40 16 203 33 165 106 71 207 38 24 183 217 181 139 115 13 91 78 114 241 31 35 173 135 246 152 37 255 99 21 120 226 191 256 141 128 11 220 80 251 68 116 180 103 32 92 54 197 186 83 73 19 59 85 42 90 146 202 156 248 64 113 121 193 216 43 69 211 87 46 70 7 132 25 74 107 8 155 204 166 109 222 168 201 189 154 129 237 172 102 123 236 242 89 235 178 
216 139 58 67 159 68 104 178 40 113 210 162 21 168 81 23 249 78 189 199 50 218 204 166 170 179 183 156 250 202 240 252 207 71 167 190 17 14 194 213 144 192 160 176 180 193 82 119 182 107 30 157 254 122 142 228 241 26 10 117 77 145 177 149 153 128 242 84 29 64 214 175 127 134 147 238 230 53 208 206 223 246 123 83 56 105 74 99 13 133 2 76 61 205 62 7 33 172 91 36 234 75 221 185 140 181 237 196 152 143 96 191 111 65 161 8 227 174 45 115 226 129 135 66 55 236 137 52 88 22 95 25 89 200 256 126 47 1 222 248 255 173 197 155 48 20 87 163 231 79 46 151 11 120 93 224 158 37 219 101 146 80 215 150 43 217 108 201 35 72 90 186 18 27 85 232 51 188 211 16 233 195 106 15 225 154 141 220 86 49 5 69 109 4 19 203 103 131 39 6 70 130 114 24 98 44 212 184 187 244 121 102 3 239 138 57 235 169 148 112 34 229 92 97 251 38 171 125 136 165 118 63 28 42 124 100 31 41 132 94 59 247 32 198 253 209 110 116 245 164 9 243 60 73 12 54 
239 221 255 35 37 209 3 142 101 243 48 230 79 240 106 59 164 74 51 91 232 20 250 58 234 77 98 110 229 6 177 13 140 23 223 53 88 185 14 246 21 93 125 62 203 224 123 235 126 90 89 166 104 249 34 188 158 70 95 231 153 179 182 36 132 97 61 217 120 254 43 186 227 65 117 219 156 199 155 183 233 47 39 122 116 191 55 119 17 201 84 50 78 29 213 52 108 205 9 11 63 137 114 168 131 237 214 146 10 92 195 184 18 16 56 198 152 163 238 12 57 73 149 7 151 76 45 109 100 181 174 44 118 251 46 68 72 129 2 180 105 83 150 160 33 197 212 218 210 69 169 171 252 102 248 194 242 86 60 15 22 220 8 256 148 175 159 99 31 82 27 41 138 139 112 196 26 189 40 54 202 64 107 115 206 228 165 244 85 128 245 154 111 226 143 173 135 25 225 5 247 113 134 161 124 200 71 80 167 144 253 241 127 30 94 67 141 121 147 75 208 178 133 38 176 157 19 215 66 42 49 190 192 145 216 28 81 24 130 187 222 1 162 172 193 96 236 87 4 136 170 211 207 204 103 32 
7 127 233 43 26 221 205 204 21 187 186 148 255 112 168 128 12 248 98 122 47 86 77 33 120 206 24 13 20 203 97 80 165 177 195 150 208 44 56 216 185 35 166 100 27 171 232 9 151 188 218 192 236 28 74 198 130 243 75 223 11 180 146 53 141 230 138 136 126 183 173 1 172 34 61 121 81 249 52 161 142 234 89 147 253 125 174 176 239 133 215 162 104 197 29 90 38 83 92 94 175 16 2 116 181 191 39 25 252 254 103 213 37 8 113 159 106 99 72 227 139 57 212 245 101 169 157 102 247 32 189 149 237 225 244 31 246 201 143 40 155 5 36 256 145 88 78 76 19 115 59 229 87 23 14 238 95 51 107 241 4 118 55 119 158 110 108 167 179 18 231 240 17 131 209 65 96 82 156 207 67 64 182 202 163 85 144 79 170 48 93 49 117 70 235 134 164 190 251 91 217 50 41 228 135 129 58 46 123 15 111 199 250 62 178 132 60 22 69 3 200 63 124 210 71 42 222 105 153 10 184 211 154 30 193 73 214 54 219 66 152 220 45 84 140 137 226 194 196 114 160 68 242 224 6 109 
227 155 57 70 248 213 163 2 4 53 152 99 223 140 42 68 241 116 83 27 36 136 178 197 167 64 176 200 211 255 205 15 74 101 54 117 222 43 49 175 162 242 254 89 30 203 104 24 52 96 119 41 20 130 215 188 91 62 253 148 13 153 31 7 121 56 209 40 39 212 11 32 237 180 66 219 107 144 23 55 229 85 145 210 44 239 139 246 87 196 67 9 69 79 105 8 195 98 228 126 115 179 216 3 147 5 236 22 252 78 186 169 88 207 33 76 161 93 243 151 184 123 235 86 142 110 250 129 19 82 132 72 232 95 256 50 133 137 168 181 154 112 77 127 251 233 194 29 185 174 45 157 193 173 111 199 48 131 100 234 198 189 90 150 97 102 238 103 165 28 135 10 106 244 190 71 120 156 183 63 73 146 249 59 182 81 158 192 14 141 26 247 225 208 124 80 25 17 245 108 58 37 164 171 226 18 60 160 65 75 113 47 12 240 134 202 16 114 1 46 109 166 34 218 122 21 38 118 220 143 204 231 149 125 6 92 201 138 177 94 214 206 84 61 191 187 221 128 170 172 51 35 217 159 224 230 
209 211 184 207 132 237 128 238 33 182 220 160 91 133 5 8 106 153 32 201 181 212 204 14 48 217 81 141 244 145 208 179 42 9 245 22 140 54 235 170 76 172 125 56 79 50 223 110 131 175 176 117 250 195 218 226 159 167 249 253 89 49 256 240 41 78 221 75 61 92 101 58 118 157 225 227 120 236 115 151 174 202 149 248 189 20 137 165 177 72 24 86 18 210 88 93 241 194 251 11 116 63 104 60 57 130 55 224 98 74 43 39 138 94 168 136 108 180 219 109 152 123 85 171 144 28 71 100 148 119 107 233 146 1 38 99 199 156 25 139 183 193 129 164 216 21 206 155 65 215 34 69 142 158 3 205 203 255 62 214 44 231 7 188 30 70 222 29 112 80 161 15 36 169 239 111 254 31 154 197 95 247 113 187 26 16 114 198 230 46 124 13 97 90 68 19 196 126 17 163 2 147 66 162 82 59 191 83 10 73 127 242 27 102 228 243 77 166 252 185 178 53 12 64 35 47 84 150 229 173 121 246 105 96 67 200 87 135 103 45 51 186 234 134 213 52 37 190 4 40 23 6 232 122 143 192 
2 80 145 150 60 89 142 197 214 162 121 193 254 179 244 36 231 182 181 147 203 190 126 76 51 44 35 222 245 87 206 152 166 141 226 28 212 8 224 82 168 239 148 98 94 65 133 12 83 34 52 242 67 195 93 194 86 112 146 38 119 64 155 136 247 47 149 122 221 96 125 187 211 198 43 19 24 173 174 72 134 128 16 191 107 151 219 192 176 116 175 229 91 20 253 69 85 144 223 22 74 84 188 55 185 58 129 204 251 110 124 135 32 88 68 189 235 25 46 167 70 95 130 106 4 160 61 202 154 177 73 241 14 114 236 37 7 78 252 15 56 54 216 213 153 249 123 248 140 246 21 27 131 57 169 172 39 161 250 209 199 207 103 77 143 163 171 11 117 3 100 49 6 240 215 10 33 186 31 108 183 99 115 111 5 104 238 232 105 62 165 170 45 90 205 180 218 118 71 50 81 255 233 220 102 92 132 48 158 196 138 200 201 109 227 13 113 217 210 230 184 75 243 256 127 234 101 137 225 9 157 79 159 139 120 156 26 30 237 164 40 29 17 1 208 41 42 18 178 53 63 59 66 97 23 228 
61 36 12 192 194 138 198 190 252 250 7 51 249 109 136 236 43 189 240 205 239 100 111 115 243 98 78 55 95 58 207 245 10 222 2 86 228 93 181 35 46 94 229 81 101 253 238 158 251 219 105 71 114 44 5 237 54 11 90 139 70 9 8 153 216 117 82 191 186 59 92 25 215 210 242 223 83 141 184 183 41 201 30 112 135 106 33 22 217 72 15 199 16 212 148 104 170 255 142 160 64 48 154 171 27 45 37 172 231 174 164 233 200 62 52 84 218 31 225 23 134 248 162 68 156 80 165 146 6 18 226 14 211 49 108 124 1 166 178 241 256 38 85 103 202 88 13 75 176 182 29 89 63 132 20 113 32 197 24 157 195 227 143 209 120 159 60 119 214 28 129 66 39 133 161 40 155 163 140 180 57 130 65 150 213 67 204 203 193 247 220 73 179 107 246 116 50 42 196 127 169 177 102 74 53 128 188 254 232 230 19 187 145 3 118 21 17 168 152 87 122 4 47 149 144 137 34 185 221 77 126 96 244 99 125 175 97 234 76 110 79 123 131 26 69 56 235 147 151 206 208 91 173 224 121 167 
142 192 14 85 5 154 238 24 94 191 75 247 81 248 135 64 51 241 131 105 97 221 25 118 86 204 164 229 4 80 233 21 169 179 251 166 132 127 69 226 20 208 41 47 88 167 89 112 244 136 145 67 217 201 183 189 83 87 163 172 199 29 205 78 42 255 253 153 171 128 175 100 188 152 216 144 65 218 90 62 168 141 138 237 33 35 102 111 10 200 211 16 156 139 133 155 173 44 245 32 61 2 92 187 157 207 120 182 72 151 242 96 58 134 103 149 174 107 59 115 15 31 210 19 219 147 180 95 246 66 181 34 13 190 148 38 17 196 236 54 206 146 213 222 194 98 36 140 143 76 28 256 9 239 185 224 240 27 53 198 99 161 43 48 178 137 108 159 184 176 125 73 40 122 119 60 104 250 63 113 117 109 214 212 22 7 130 84 39 193 55 235 116 11 26 70 106 74 68 45 121 160 228 232 79 101 77 243 82 18 1 252 37 110 165 124 3 227 30 197 91 57 162 230 158 6 215 220 195 49 223 50 52 203 150 249 234 231 209 23 202 56 12 71 254 170 225 129 186 8 123 177 126 114 46 93 
143 141 236 127 113 228 40 63 69 160 85 161 74 121 137 125 194 122 179 222 173 136 188 95 41 124 247 158 76 27 149 86 126 202 177 238 197 233 60 239 199 183 218 226 29 55 66 52 167 64 8 50 6 237 214 100 112 195 105 70 227 114 210 19 117 26 139 57 138 17 208 252 54 166 43 186 155 30 79 204 255 22 109 215 142 145 205 11 132 47 68 153 164 184 72 83 33 42 135 13 174 150 65 94 185 4 38 250 235 2 165 23 200 207 256 176 48 96 168 67 249 131 62 169 157 78 171 98 230 128 116 110 90 190 162 119 31 254 82 156 28 61 14 224 93 34 196 88 71 146 234 104 241 159 212 187 111 44 201 92 172 245 193 106 211 123 7 107 103 25 140 178 246 189 223 56 151 36 221 130 147 225 163 16 75 216 242 243 181 59 134 229 39 97 1 91 213 51 220 81 133 232 21 240 80 89 244 120 12 20 209 231 99 15 102 87 203 198 206 180 84 73 251 115 248 58 32 9 101 219 53 49 118 10 253 35 152 144 45 37 148 46 170 108 182 129 77 175 192 24 3 217 154 5 18 191 
107 90 65 173 224 76 131 28 137 232 33 29 190 43 10 67 213 248 146 244 72 11 238 149 53 116 155 134 1 221 16 223 162 110 35 5 246 206 241 26 256 103 112 23 124 161 101 63 24 57 62 187 226 159 185 30 253 176 151 212 95 48 247 2 180 126 147 74 97 142 89 220 216 130 143 41 140 34 252 58 199 104 88 157 153 165 128 22 78 98 6 191 150 242 20 71 218 120 236 40 39 14 188 49 31 32 158 115 85 113 198 154 84 132 207 73 27 145 215 25 13 183 217 230 195 179 99 12 193 87 141 160 125 189 235 211 163 222 55 166 56 64 119 44 3 202 231 59 171 111 204 42 121 96 86 233 254 50 164 108 239 79 167 182 54 61 184 68 38 9 106 93 209 135 178 227 123 4 133 197 52 77 251 175 70 169 18 66 203 19 243 117 60 240 192 234 75 249 225 80 69 255 81 47 83 181 82 122 8 127 138 105 228 7 201 118 144 94 51 114 148 15 177 36 139 45 152 205 102 100 17 136 229 92 245 174 210 200 156 46 170 37 196 21 168 129 219 250 172 194 214 208 109 91 237 186 
83 5 49 252 215 103 33 18 35 54 239 55 104 247 242 184 164 97 44 168 256 142 99 131 115 47 151 90 93 232 38 220 126 223 221 111 150 76 19 234 45 120 141 144 71 173 41 59 66 134 188 95 1 200 197 162 107 180 79 171 15 26 109 203 195 128 100 89 233 62 98 140 216 77 112 161 248 178 29 101 51 192 121 118 94 187 229 135 175 132 230 181 226 58 46 114 39 212 28 191 243 9 196 110 123 240 78 48 82 122 225 190 81 146 37 127 186 153 145 30 136 129 43 241 166 88 10 160 74 177 20 255 148 206 6 60 251 163 8 193 159 199 7 64 227 53 211 125 102 70 124 231 218 84 154 213 185 157 116 75 68 105 73 31 182 155 202 246 253 117 86 50 235 205 56 210 12 194 219 174 65 4 254 236 80 3 13 244 133 143 34 228 42 25 36 21 137 113 237 61 222 24 72 22 91 169 204 209 156 207 189 119 87 139 27 147 245 214 92 96 198 16 208 179 176 152 17 32 11 130 238 149 217 85 170 158 23 167 106 249 40 69 250 165 224 138 2 63 183 108 201 67 172 52 57 14 
19 65 10 96 207 247 80 147 240 204 195 2 75 104 235 148 83 161 76 142 79 248 12 50 70 37 223 87 129 124 141 227 167 66 163 212 30 25 43 67 157 253 236 246 95 190 78 47 183 44 13 72 3 173 125 123 74 216 255 82 131 145 63 199 120 143 115 56 242 117 73 110 91 41 146 187 144 21 94 152 62 220 194 35 132 164 69 55 150 138 254 166 233 188 111 154 182 29 217 61 231 1 139 84 46 133 77 36 7 92 205 224 17 179 209 213 156 180 86 232 155 200 127 229 116 126 130 239 225 121 149 23 158 31 137 9 58 218 20 42 85 54 89 256 186 249 99 118 68 198 64 151 208 81 107 162 219 114 168 101 251 26 243 193 196 98 48 252 140 39 100 241 38 97 59 185 230 32 153 181 34 197 27 234 119 169 245 250 210 93 221 237 109 103 4 174 214 191 45 215 165 135 228 5 88 177 90 203 136 175 24 11 16 33 28 60 53 52 122 106 112 105 8 211 15 184 226 202 134 40 160 14 170 22 113 128 159 102 71 57 108 238 18 172 6 171 244 192 201 176 189 222 51 206 178 49 
22 4 37 182 146 36 111 5 159 248 247 192 70 13 220 226 231 71 202 31 124 44 207 148 74 209 218 243 156 133 97 2 136 125 170 15 117 228 122 116 235 99 138 20 215 67 38 232 107 193 100 180 216 88 45 129 62 98 204 40 176 24 196 203 184 84 155 85 163 14 166 57 128 94 249 12 3 250 240 214 234 230 134 222 120 41 185 164 114 48 52 198 139 8 39 238 63 189 54 103 72 53 23 115 27 34 168 199 26 68 200 197 87 47 236 1 165 241 252 221 160 123 51 141 80 25 75 95 242 83 79 201 161 179 118 172 64 175 17 233 76 9 21 149 162 153 173 110 152 157 92 217 178 167 158 127 223 73 18 219 190 119 126 208 213 224 255 194 135 181 253 140 59 58 101 42 131 28 147 206 55 6 177 188 245 65 254 171 89 137 32 102 96 239 43 251 33 35 50 229 145 237 130 246 227 93 113 10 49 29 244 225 11 144 150 143 7 183 210 195 86 186 142 19 121 61 90 78 151 212 211 77 104 108 187 91 205 112 191 16 60 105 66 132 109 82 30 56 256 46 106 174 169 154 69 81 
184 165 220 5 25 153 170 126 42 106 159 37 180 29 83 219 69 136 76 154 18 212 183 207 160 78 87 138 125 237 234 217 48 227 175 221 161 253 130 102 211 123 166 105 196 209 38 45 108 250 67 97 241 182 189 254 239 79 216 95 7 22 71 230 54 155 233 226 190 12 4 103 80 112 49 58 144 133 206 30 82 192 109 104 148 68 188 15 57 150 127 171 228 203 210 117 56 94 59 9 139 75 215 100 85 157 101 141 32 236 247 179 99 86 84 156 41 20 44 238 66 1 199 128 98 47 173 245 243 107 164 232 208 53 213 137 60 134 46 116 163 81 145 14 129 70 74 187 51 96 177 8 152 11 191 120 229 185 65 140 64 92 242 202 121 147 93 119 142 52 256 218 223 6 168 178 77 194 10 113 167 176 43 225 72 181 251 13 224 169 246 158 135 174 172 21 204 131 31 111 198 201 248 162 91 244 16 222 33 124 193 90 231 88 2 55 249 73 39 23 36 110 114 19 3 61 118 89 63 240 205 122 115 34 132 24 235 255 143 62 40 200 149 50 35 214 27 195 146 26 28 197 186 151 17 252 
176 99 107 204 84 21 251 27 161 131 9 253 137 1 231 108 128 123 186 240 48 86 250 71 3 214 58 38 225 95 96 153 138 152 69 120 245 8 106 235 171 32 134 20 30 221 43 200 74 244 156 185 133 121 179 150 100 4 211 102 177 238 254 252 237 57 205 122 178 83 92 114 22 61 65 249 166 219 115 14 233 64 72 181 212 217 135 127 10 183 143 224 116 45 256 180 52 158 60 195 55 167 41 194 169 63 68 93 155 25 47 49 66 33 216 255 91 50 173 228 29 110 172 59 223 118 13 54 88 101 80 78 248 98 53 94 140 89 46 70 23 192 124 188 210 222 227 174 5 215 111 24 201 40 208 246 234 141 62 165 87 213 67 229 193 151 239 199 35 105 132 2 26 146 196 39 75 148 139 184 190 209 113 36 220 147 170 19 142 230 129 191 104 90 112 117 130 17 145 197 103 18 182 241 28 160 218 175 73 149 164 12 243 7 79 85 242 56 168 206 51 207 187 226 76 97 189 159 82 16 37 126 144 34 162 77 232 154 125 119 247 163 109 42 44 236 6 202 203 81 11 157 31 198 136 15 
19 80 71 41 59 237 137 209 220 96 227 147 130 38 243 230 42 140 228 225 246 160 100 110 105 145 107 5 28 12 184 25 213 26 2 128 18 86 69 200 83 183 29 205 82 35 75 32 111 247 226 7 74 180 99 198 87 85 4 166 208 92 152 39 242 101 102 109 197 49 20 217 23 179 116 79 76 52 188 14 153 199 192 84 16 24 77 43 120 122 253 131 123 224 47 124 245 34 254 189 256 51 239 21 203 148 135 50 202 68 63 218 211 210 201 214 11 30 27 170 36 126 216 125 98 171 129 187 233 132 40 55 94 139 193 1 17 232 89 61 167 177 174 54 9 173 95 141 252 250 78 53 156 164 136 161 62 72 46 90 186 241 248 133 113 154 195 117 206 138 56 64 97 44 165 196 142 194 119 222 6 231 235 73 176 223 221 175 181 65 112 191 182 15 57 255 149 134 48 104 22 103 236 144 108 60 234 185 114 151 33 106 146 159 8 219 178 172 150 163 168 67 10 251 13 190 118 158 58 127 238 244 45 93 212 31 143 70 121 155 37 215 240 162 91 249 81 115 207 88 204 229 66 169 3 157 
227 193 169 129 181 202 37 14 114 132 180 54 199 224 219 203 256 1 106 173 27 198 95 123 167 179 197 96 66 214 100 34 185 9 159 91 119 83 120 210 104 194 46 136 144 76 43 38 222 140 241 115 80 30 71 188 59 231 36 98 88 223 187 195 157 81 229 151 94 248 41 230 143 5 196 150 90 165 23 87 149 145 52 44 162 6 190 130 182 133 48 26 137 39 99 107 236 217 212 146 239 78 82 134 97 204 147 11 177 33 249 168 200 178 62 141 19 171 126 101 244 109 183 86 13 32 125 103 89 42 121 35 55 85 84 245 72 233 211 170 131 228 189 111 15 215 64 68 7 60 128 163 247 2 184 4 29 255 160 45 74 232 51 108 246 238 17 166 47 112 75 92 253 206 207 18 192 58 56 234 186 105 61 250 50 122 174 155 158 225 77 142 22 3 252 16 161 221 242 172 191 117 154 20 118 124 49 218 12 240 93 110 226 40 53 148 164 216 175 113 135 209 28 208 152 79 156 254 25 21 65 63 10 213 138 237 127 70 69 116 205 31 139 176 102 251 67 57 24 243 201 8 73 153 235 220 
102 118 182 251 248 127 157 152 221 175 2 24 85 180 128 169 9 218 222 32 40 39 246 233 125 86 34 90 6 26 159 254 77 121 138 74 165 237 109 141 10 161 168 108 66 104 13 147 190 241 167 211 18 230 215 98 139 244 35 7 44 51 117 70 12 84 119 160 96 81 31 252 231 143 107 148 166 92 83 242 203 59 19 80 171 207 140 195 47 69 49 250 153 155 214 256 29 217 116 144 112 89 184 181 130 213 186 187 61 235 28 162 4 99 199 245 95 219 156 137 20 42 198 21 220 192 234 172 103 151 123 196 133 110 53 72 71 67 210 87 1 73 232 142 41 126 38 91 189 216 176 178 158 75 114 25 78 154 201 33 226 48 174 82 65 58 11 247 50 30 212 79 225 64 239 113 205 43 100 129 228 253 194 164 16 52 68 122 76 93 193 132 17 120 197 54 105 62 97 224 236 136 185 200 45 46 229 94 22 36 14 209 63 5 179 170 15 238 150 131 111 57 204 55 188 223 208 145 23 146 88 37 101 60 134 240 115 255 8 191 106 56 183 163 177 135 27 3 149 124 206 243 227 249 202 173 
70 213 239 228 253 42 60 7 156 135 10 50 226 128 235 90 34 53 64 116 143 163 160 149 159 168 96 158 222 155 123 215 24 19 238 77 35 69 207 189 14 142 255 198 63 114 86 44 113 208 68 144 79 193 218 82 101 232 106 130 46 176 88 117 27 71 38 194 21 127 15 118 109 87 84 174 120 58 256 9 181 93 190 36 234 29 202 237 221 110 122 203 242 30 230 175 167 136 247 150 157 1 151 180 20 41 133 125 47 214 173 54 170 100 65 146 147 225 236 23 177 206 254 26 108 224 251 40 94 249 17 204 185 98 66 169 5 111 107 95 75 49 182 140 162 231 240 119 131 102 137 81 126 39 200 153 80 161 243 178 13 227 33 25 37 233 199 55 145 187 248 99 148 4 43 241 186 8 6 2 3 121 83 250 197 196 48 104 152 91 191 97 171 62 56 154 192 32 201 223 31 52 72 216 212 112 115 22 74 209 211 179 219 205 217 16 105 51 89 73 252 61 129 165 166 138 67 85 124 45 188 210 76 18 244 103 229 195 28 184 134 11 12 57 132 141 246 220 183 78 92 59 245 139 172 164 
148 220 90 84 47 78 241 45 229 182 132 224 210 160 196 81 233 236 107 172 24 85 136 206 105 23 252 53 138 254 231 200 86 126 208 165 10 181 152 159 202 97 95 133 16 33 49 223 164 20 179 228 149 111 92 194 245 9 50 62 25 175 218 87 137 73 2 247 180 167 222 74 89 244 116 240 195 41 83 48 177 108 64 209 120 230 197 250 163 75 162 91 12 103 115 192 128 242 158 96 117 54 135 60 98 184 243 178 213 52 15 204 36 4 189 27 190 188 42 121 5 71 143 39 82 122 153 161 134 150 69 199 141 37 221 251 253 198 68 185 79 58 17 238 219 123 57 43 38 186 130 99 248 6 28 216 80 109 110 19 35 225 187 11 34 88 193 246 46 26 40 157 174 249 3 215 32 205 112 256 22 51 140 94 155 211 171 146 235 14 145 113 67 61 55 7 77 166 30 106 201 127 144 217 104 183 131 76 255 100 227 65 226 125 239 101 93 59 18 170 203 72 13 156 237 169 124 70 176 1 212 31 119 56 151 191 168 102 21 44 114 63 118 66 232 142 29 234 173 207 154 147 214 129 139 8 
27 85 173 139 77 45 193 155 174 205 120 34 176 203 178 200 191 168 7 149 256 10 8 12 215 39 234 161 235 56 170 16 216 26 109 70 190 129 238 93 156 30 124 62 160 222 9 29 255 169 249 195 159 187 24 241 132 247 198 137 134 166 97 21 254 171 201 127 74 101 66 106 250 89 240 231 75 217 87 17 122 69 115 186 221 183 102 154 98 233 185 244 6 58 90 213 253 188 245 179 197 32 206 153 228 20 246 71 48 162 92 18 177 135 150 237 116 204 61 152 212 131 138 33 59 225 96 37 210 78 163 11 22 158 36 31 243 82 252 165 46 242 52 4 226 209 51 15 175 194 40 54 35 144 42 133 23 99 184 47 232 67 119 55 223 41 248 192 60 167 1 5 230 136 148 95 100 211 103 146 43 105 227 118 199 141 108 81 140 207 80 123 19 107 114 112 76 219 130 44 218 145 189 68 229 121 113 88 38 151 72 63 143 117 14 251 28 180 2 126 86 214 181 147 3 91 73 57 50 142 104 53 220 25 239 49 164 94 202 172 224 83 208 13 196 110 64 111 236 157 182 125 84 128 65 79 
144 210 26 81 245 204 157 37 174 32 165 48 201 155 188 175 227 238 219 164 12 97 59 27 170 35 136 62 89 125 130 255 24 256 119 63 166 135 203 121 85 84 200 149 93 189 215 254 207 220 107 82 197 237 147 196 53 2 191 86 1 21 225 46 150 193 91 140 51 25 61 172 250 216 223 211 190 115 131 71 151 18 218 152 138 4 57 69 217 45 127 173 116 31 34 214 75 43 15 126 92 153 209 187 156 10 145 58 168 242 133 55 99 141 253 109 221 247 246 118 248 72 132 222 148 13 137 74 104 228 40 158 239 41 117 54 241 167 134 87 176 22 184 234 146 169 202 142 17 179 181 88 70 162 66 159 50 129 3 5 39 180 6 95 79 206 205 77 213 182 106 49 68 38 7 65 139 123 177 124 233 208 80 235 171 94 102 231 67 244 30 78 230 199 44 161 105 47 83 112 100 14 90 178 194 163 76 143 56 16 98 9 20 36 236 108 8 252 229 198 120 114 243 96 23 122 183 249 110 33 224 11 29 42 192 195 60 232 52 28 160 64 251 128 103 19 101 154 212 73 240 185 186 226 113 111 
68 151 65 152 15 53 76 43 160 254 253 67 114 55 42 255 189 170 58 224 217 2 24 225 57 1 235 188 101 178 154 19 140 21 103 16 241 84 229 66 219 234 242 105 125 185 18 212 240 86 49 195 172 146 236 38 239 35 168 158 131 27 34 62 132 143 208 80 70 61 59 198 96 179 79 88 117 3 176 89 47 246 197 227 218 138 186 175 161 199 63 98 193 249 121 32 141 107 247 147 228 116 215 100 130 30 139 120 222 46 124 221 156 40 173 251 115 87 174 134 181 90 83 10 191 74 159 149 211 150 29 137 82 91 206 37 95 64 233 136 169 204 14 22 182 50 213 248 203 166 48 12 77 192 110 216 93 142 26 109 119 214 51 45 7 56 145 69 39 112 71 102 17 28 243 165 250 226 20 123 157 25 194 133 148 97 9 81 155 13 196 118 31 184 11 23 135 99 52 231 60 72 232 92 201 4 104 78 153 238 33 144 73 190 111 44 41 223 187 252 54 200 36 237 108 122 202 85 180 5 164 220 210 129 113 8 244 167 6 163 128 205 126 75 94 245 171 162 209 106 207 256 127 177 230 183 
126 20 58 120 193 141 55 147 139 216 161 244 7 238 158 172 101 184 85 187 6 228 30 131 190 189 13 24 155 2 241 72 247 252 48 174 231 65 173 134 214 225 223 156 103 196 70 44 105 175 166 117 177 38 163 60 250 124 59 79 249 201 151 115 182 219 254 129 47 197 157 34 33 230 202 36 43 154 107 148 19 86 226 94 239 29 165 68 176 16 208 181 25 137 63 128 28 229 21 49 87 256 64 146 195 121 237 150 235 178 127 18 205 71 217 204 89 62 222 140 91 41 149 207 4 22 76 1 57 84 227 180 162 69 130 8 11 46 100 23 169 83 188 111 132 52 31 17 61 97 12 206 53 82 168 54 45 14 123 66 51 191 88 104 135 212 209 251 80 119 192 35 81 39 15 136 3 10 255 200 185 144 138 9 99 198 210 194 93 50 74 77 73 145 186 248 37 42 240 67 218 221 78 92 142 211 167 75 32 232 224 246 153 40 113 26 112 143 118 243 96 102 199 220 253 233 133 215 183 203 106 160 110 27 236 164 159 234 108 122 98 114 125 245 109 5 170 56 116 152 171 95 179 90 213 242 
137 191 149 110 84 19 218 127 80 186 107 46 2 3 64 173 237 170 14 76 182 179 227 207 246 69 114 87 215 189 115 8 212 221 133 205 45 219 147 94 151 4 144 36 51 109 192 24 167 242 124 176 198 240 213 141 5 236 210 211 180 105 12 208 166 199 172 226 47 255 217 254 38 112 13 125 238 251 23 160 231 175 155 103 30 82 85 40 225 86 196 193 42 200 58 81 150 96 134 63 1 156 44 33 20 21 90 7 41 29 62 129 102 34 248 53 91 229 241 78 165 52 18 164 28 243 15 222 68 146 233 153 79 49 111 89 32 247 162 228 245 187 60 138 118 119 71 108 83 194 256 216 122 97 177 143 169 140 48 22 73 88 9 27 206 253 174 161 145 239 26 171 235 95 250 39 123 184 234 188 142 204 100 224 43 128 117 183 75 70 113 203 121 10 99 16 31 181 120 136 130 37 168 214 56 201 98 223 132 72 190 116 54 74 154 93 104 185 195 50 92 209 101 67 249 61 135 139 57 232 35 197 11 25 158 230 126 159 55 66 65 131 252 152 244 202 6 106 220 77 157 148 178 163 59 17 
20 159 124 194 169 213 171 28 117 57 97 208 256 146 132 247 38 5 127 77 243 137 52 9 46 49 122 136 73 37 114 185 165 70 71 224 87 245 161 145 207 118 116 108 202 144 2 13 81 115 130 50 236 103 133 92 175 1 120 157 218 18 112 240 15 62 179 242 181 139 6 184 248 210 80 246 72 41 197 27 163 148 188 83 229 249 135 113 104 166 98 203 215 158 241 44 212 31 91 153 110 109 45 129 162 138 30 225 190 142 254 176 253 8 111 84 231 25 35 58 107 94 235 201 217 238 204 143 152 187 156 48 7 100 227 220 65 19 21 216 189 39 192 206 17 101 4 151 22 78 195 172 14 53 24 42 106 186 222 23 76 85 56 29 250 167 75 54 66 178 36 226 183 198 196 93 147 252 180 32 154 79 86 60 214 26 3 105 191 219 55 11 233 239 232 149 221 96 12 160 164 69 61 177 141 64 102 211 170 74 155 168 16 67 68 99 131 88 234 255 90 223 40 173 182 43 134 205 126 34 59 125 209 140 33 121 63 82 174 228 95 237 128 47 244 123 10 230 199 119 251 193 150 89 200 51 
83 182 195 166 132 27 143 211 147 81 196 111 61 1 28 243 43 226 212 34 129 159 201 57 163 148 139 54 142 233 229 94 88 49 199 67 186 160 19 256 242 72 245 225 109 62 114 236 112 60 7 136 2 135 206 145 86 95 210 254 18 155 204 70 238 42 47 20 150 115 84 207 16 14 40 66 215 53 203 41 152 167 125 156 12 97 177 78 191 113 93 101 190 230 35 205 121 75 56 240 200 120 251 169 44 154 9 10 213 250 123 92 25 248 52 128 3 222 217 118 221 149 107 140 110 255 124 102 68 96 179 89 17 82 119 8 71 85 100 227 144 237 216 218 193 178 228 194 6 126 189 235 174 214 48 98 130 91 51 76 170 116 185 32 59 63 224 184 209 202 55 105 30 74 138 161 197 64 220 246 244 103 247 181 77 232 99 26 108 165 173 5 239 153 234 249 146 36 134 151 80 122 22 90 183 13 15 219 133 162 192 180 106 168 198 171 137 131 45 4 127 172 69 46 208 252 157 104 50 79 33 175 87 73 65 38 223 141 231 21 158 188 253 241 164 187 176 23 58 39 24 37 117 31 11 29 
213 187 27 200 64 122 77 221 233 244 71 98 18 248 247 190 224 54 125 131 149 210 227 205 67 165 253 17 251 223 136 124 116 132 30 156 24 155 207 164 52 89 178 150 39 119 201 92 180 175 220 133 167 242 135 38 188 105 88 63 76 184 3 57 209 126 58 74 199 219 218 160 34 128 154 228 145 61 217 153 86 48 243 120 117 9 216 174 85 10 140 161 194 138 62 72 144 169 114 91 22 44 173 222 193 191 229 112 20 238 45 254 237 121 186 245 81 158 97 29 96 14 33 163 40 235 234 134 1 152 101 249 240 100 95 239 75 139 197 141 255 130 168 26 36 214 232 183 43 11 172 56 94 80 159 189 212 146 7 250 51 53 46 110 170 151 204 15 171 107 225 4 215 60 129 127 35 32 82 6 185 12 115 192 113 41 68 179 177 196 21 93 79 47 8 181 182 59 206 208 236 211 166 252 70 198 104 137 73 28 195 83 106 42 246 241 147 143 84 148 19 162 69 49 230 102 25 202 142 65 23 13 50 256 111 90 203 231 55 118 123 31 66 157 37 2 99 226 109 103 176 16 5 108 87 78 
201 74 29 186 35 118 80 95 173 135 188 40 109 32 46 81 175 98 73 243 249 157 63 70 101 24 121 202 140 1 136 253 120 36 219 37 248 227 122 147 75 218 178 232 154 151 110 208 187 196 61 23 213 131 2 160 214 145 230 234 203 182 184 183 195 27 169 162 12 194 244 189 185 116 107 57 52 250 126 137 211 18 91 128 49 69 146 125 239 11 45 226 210 254 38 168 245 150 25 124 111 181 174 76 55 96 30 64 172 93 198 190 113 7 3 41 192 117 170 153 94 8 99 224 149 233 77 176 193 48 19 179 105 206 28 4 108 86 33 16 167 209 10 134 207 141 6 237 223 177 54 106 229 251 66 164 102 191 87 119 225 138 215 42 78 114 92 15 148 58 127 90 82 199 242 166 22 241 44 216 238 79 197 240 84 155 85 129 56 103 39 132 220 72 123 13 68 71 180 5 156 104 204 142 144 47 205 88 20 252 51 212 222 67 217 50 159 171 115 100 97 256 14 143 246 236 60 247 165 221 21 31 228 59 17 26 130 200 43 34 231 62 83 235 65 152 112 139 161 255 89 158 133 9 163 53 
122 231 89 107 255 45 85 196 52 206 215 32 6 235 156 137 161 188 65 253 218 154 128 27 104 1 232 141 49 56 20 168 71 99 31 62 244 33 151 171 241 15 132 60 111 224 116 39 242 252 203 112 47 77 29 48 119 254 34 97 80 185 66 133 233 142 249 57 146 93 82 114 246 129 136 73 216 184 148 115 140 5 236 183 41 157 158 207 108 79 16 130 176 226 243 95 149 120 58 67 43 70 213 44 131 164 197 125 186 217 124 210 219 105 228 239 211 84 121 92 163 134 7 22 91 25 240 113 118 247 238 110 208 40 100 109 222 144 145 135 28 21 117 237 14 223 90 181 178 106 74 88 230 205 53 189 195 147 3 86 63 54 68 2 64 150 75 152 30 83 173 204 172 61 38 192 214 220 12 190 177 143 138 169 251 46 179 248 11 101 76 221 199 139 191 19 209 175 245 4 102 94 103 182 127 202 165 9 167 198 69 24 81 13 174 225 229 180 256 250 59 155 26 23 166 36 96 160 200 50 17 153 201 162 234 212 87 35 18 10 193 42 123 37 8 159 187 51 72 55 126 194 227 98 170 78 
194 134 21 180 39 119 201 38 239 250 85 165 74 175 29 123 251 73 37 8 197 19 12 23 76 104 172 7 50 152 179 47 187 103 169 31 126 87 56 252 176 75 182 188 254 255 196 219 131 208 145 15 215 124 223 2 13 186 246 229 69 191 211 163 209 153 115 221 3 133 151 77 202 204 190 14 32 231 95 199 248 79 158 116 213 249 129 147 41 139 222 65 86 137 148 120 212 156 195 155 68 146 183 207 238 203 52 25 110 144 113 140 55 27 78 218 80 46 20 98 234 44 226 141 26 171 132 91 227 225 242 245 114 70 247 4 112 177 9 130 193 232 88 122 173 36 178 45 18 228 24 106 66 63 51 117 84 253 244 28 220 164 200 128 99 62 233 192 82 100 150 35 34 54 71 107 42 59 235 30 210 157 49 236 67 64 11 5 159 216 105 240 224 127 109 16 174 205 1 83 90 96 237 17 58 243 217 111 184 97 161 53 170 160 81 135 108 6 40 241 167 154 48 136 185 142 72 181 138 206 60 149 89 93 10 143 92 198 256 214 230 94 118 102 189 121 101 125 33 61 162 168 166 43 22 57 
210 90 13 44 41 194 132 88 114 101 63 30 158 62 190 57 108 109 126 119 196 195 91 157 17 115 93 160 8 25 56 6 12 49 24 120 15 156 47 125 84 230 238 220 232 59 38 166 10 226 162 144 202 199 70 189 201 43 148 46 227 45 74 66 209 251 233 224 191 249 22 48 213 103 133 143 255 104 134 252 150 173 203 235 142 211 169 187 178 193 174 40 256 73 176 159 168 192 208 248 212 69 154 113 138 68 214 61 116 85 72 83 79 152 29 7 51 111 153 246 221 35 78 188 155 60 145 234 237 219 102 147 31 139 42 18 50 244 36 129 64 100 19 32 216 241 55 3 223 175 16 140 92 4 122 118 65 247 165 128 54 58 75 170 123 200 181 117 185 106 141 34 14 149 167 112 77 231 146 180 80 163 135 28 130 217 218 52 124 131 243 5 95 71 99 97 87 151 21 96 164 39 206 197 161 105 207 254 27 11 76 186 179 171 110 225 137 1 53 236 172 26 240 82 228 245 107 67 136 81 250 37 205 177 183 253 89 198 242 20 86 23 2 215 33 229 9 182 121 127 98 94 204 239 222 184 
5 193 52 68 165 126 103 163 216 53 89 114 3 203 127 183 22 171 174 58 46 122 13 236 101 81 231 180 32 64 234 158 254 79 177 20 94 59 217 244 211 153 38 225 191 54 10 151 195 199 202 156 4 85 33 24 242 62 115 207 246 161 40 2 228 238 132 233 173 125 15 186 172 14 185 25 121 237 78 117 90 210 223 189 55 48 226 113 50 82 154 248 102 28 119 239 109 247 9 175 16 67 37 95 150 75 111 209 166 43 23 133 196 27 11 42 60 105 31 106 167 61 92 77 182 45 51 197 65 143 224 7 100 41 147 138 112 178 141 212 176 243 98 169 148 30 215 76 170 160 139 131 232 1 164 137 134 91 17 152 168 149 230 159 206 204 213 249 80 6 187 129 190 208 69 110 99 146 240 72 97 218 200 245 29 205 181 157 70 229 256 221 135 124 44 198 142 118 88 144 251 71 84 63 253 128 93 145 179 108 235 241 155 66 96 227 123 8 12 222 39 162 57 214 34 219 87 73 19 104 56 120 49 252 107 140 188 36 47 116 192 201 83 21 35 74 136 26 220 184 86 194 130 255 18 250 
93 1 227 9 240 217 51 158 247 234 250 239 47 117 86 198 22 14 197 255 110 232 194 204 36 178 33 88 100 55 62 254 126 74 244 10 34 146 83 95 77 223 149 225 75 21 94 2 188 152 26 118 202 215 99 212 245 169 157 233 71 241 123 249 84 161 127 68 44 103 236 252 101 37 182 167 151 57 144 222 156 125 143 82 46 17 67 79 90 150 138 220 135 171 43 98 52 120 142 20 48 164 172 105 230 109 113 200 221 211 106 154 218 128 124 174 18 87 201 53 253 228 13 231 56 122 251 54 112 130 177 119 183 170 58 191 15 89 131 141 147 226 97 32 209 224 179 219 16 132 187 114 116 35 176 216 229 27 8 73 165 29 23 92 91 80 81 76 60 19 61 155 248 102 115 24 243 180 137 96 168 108 140 69 11 153 42 25 186 7 12 193 70 184 40 78 3 199 196 192 139 208 107 237 173 6 63 41 133 238 163 31 50 160 190 64 205 166 175 136 148 121 145 45 235 195 181 185 206 30 134 210 129 162 203 85 207 65 246 4 5 66 159 59 39 104 28 256 38 111 213 214 49 72 242 189 
28 74 44 46 105 38 64 104 193 178 237 12 156 250 139 4 188 154 226 110 13 103 247 43 61 176 208 56 225 100 1 127 199 122 200 62 76 186 124 66 202 159 79 132 55 68 241 158 255 195 203 31 37 248 88 236 228 65 106 51 179 160 180 172 86 148 93 41 242 9 73 219 90 117 150 48 163 204 98 136 77 63 227 54 109 26 34 8 162 115 232 120 39 181 141 50 214 140 81 239 75 10 170 69 256 244 251 249 19 91 114 223 111 22 189 145 53 84 108 235 52 187 82 168 5 11 216 169 133 185 2 94 196 102 42 165 80 67 118 146 47 20 151 234 183 201 134 18 206 164 14 143 27 78 184 222 177 197 137 155 49 36 17 113 252 220 213 6 92 32 212 15 96 123 224 23 175 161 131 144 60 58 97 87 221 194 152 211 245 16 198 192 157 126 107 101 128 191 142 129 166 30 205 240 119 246 35 138 149 209 116 112 253 71 21 89 254 40 217 174 147 24 33 171 230 57 72 173 215 153 70 167 182 238 231 85 83 229 125 233 190 29 243 45 7 218 95 130 121 207 59 25 135 210 99 3 
240 77 98 125 211 62 19 78 214 221 13 30 190 174 71 12 118 176 76 61 27 66 208 88 36 253 104 81 41 39 203 252 53 108 187 10 144 175 200 119 70 59 256 206 23 193 163 189 100 165 11 15 224 7 94 146 149 192 112 26 17 1 122 238 142 241 133 191 198 90 116 34 25 93 50 216 128 254 114 160 168 115 161 171 74 185 4 164 43 6 20 75 117 126 33 213 202 14 182 69 141 134 167 46 52 95 157 181 58 159 226 65 223 220 29 178 147 152 129 107 236 222 158 123 136 135 219 228 109 227 55 64 8 103 230 251 255 138 44 80 212 139 37 124 130 84 63 68 54 101 169 21 49 82 155 207 209 231 79 105 199 35 188 137 87 145 150 179 186 73 204 120 225 106 86 243 47 210 218 28 232 99 42 22 148 3 111 173 97 102 9 245 235 156 184 248 60 51 31 162 246 48 121 154 40 132 244 217 170 237 180 83 89 45 205 72 110 140 113 18 177 196 127 56 194 195 183 166 229 96 172 32 197 250 5 247 239 233 67 234 91 57 215 85 242 16 131 2 143 92 38 249 153 24 201 151 
159 39 60 67 198 22 47 201 130 156 76 3 181 10 110 180 176 196 98 220 15 141 224 244 189 103 44 217 73 100 251 135 253 97 23 238 120 82 236 99 252 182 200 51 94 194 45 118 219 21 199 12 143 226 6 133 119 145 19 56 240 78 187 215 1 8 87 106 107 64 148 209 114 43 174 101 211 207 234 95 185 204 90 150 40 169 153 178 247 132 57 58 66 26 121 188 70 184 38 131 190 192 250 177 246 7 126 231 160 84 86 242 205 162 113 210 74 109 157 16 186 29 229 33 25 256 237 4 206 35 65 108 222 137 255 235 245 146 193 172 37 164 221 30 149 123 170 81 129 5 161 112 243 179 18 31 233 249 71 61 134 115 168 89 197 50 88 59 75 183 228 158 175 105 165 248 2 216 152 127 92 191 24 218 93 68 155 232 11 167 147 62 117 34 241 83 41 54 55 213 69 128 138 79 102 52 9 202 124 49 48 144 91 171 166 63 42 163 195 154 116 214 28 142 85 173 208 27 53 46 14 125 80 212 122 36 225 72 254 17 151 203 96 13 32 239 20 227 140 104 223 230 77 136 139 111 
49 79 127 52 149 82 113 167 200 66 254 235 178 106 158 42 168 184 180 248 10 203 198 161 215 99 245 35 169 239 195 126 208 181 222 136 70 143 8 43 240 27 95 226 151 201 118 25 75 63 247 120 134 46 30 153 33 1 18 31 205 45 211 218 199 187 81 24 204 145 213 164 172 58 219 216 209 252 57 54 114 249 9 182 36 229 2 129 15 179 220 206 185 101 217 253 26 51 135 80 241 12 125 3 16 171 225 28 159 210 73 137 23 37 256 119 69 146 112 154 21 227 117 132 188 140 138 17 53 32 39 130 67 122 14 194 162 232 107 231 238 144 41 19 148 90 234 160 64 123 224 11 152 96 233 103 139 60 77 55 20 56 105 13 124 190 175 44 78 98 85 110 193 68 40 72 65 86 71 104 121 38 100 74 142 255 7 243 83 173 47 48 174 223 177 186 221 165 202 133 91 250 131 116 157 156 163 22 242 94 89 191 59 192 166 102 87 236 109 115 62 251 76 108 212 6 88 230 170 246 207 244 155 29 50 228 147 61 92 84 141 97 197 176 5 237 128 214 196 150 93 183 111 34 189 4 
144 240 4 25 110 88 21 66 68 132 209 85 57 124 175 176 242 89 58 71 152 215 75 202 174 26 42 55 199 186 111 231 90 189 28 195 93 256 40 129 204 207 165 212 177 172 104 2 114 63 221 154 1 131 219 197 161 217 182 122 96 41 236 113 112 238 5 241 139 166 170 227 116 27 65 105 164 95 37 188 6 78 248 252 233 103 142 15 61 210 100 239 137 134 249 22 69 109 3 198 255 168 213 39 99 56 187 163 128 92 36 151 216 158 141 98 135 30 138 155 80 229 126 62 244 74 115 237 223 118 77 127 19 83 102 76 234 119 245 254 125 46 171 45 205 228 50 117 140 162 143 179 94 101 232 149 60 251 235 136 120 193 73 97 218 47 64 31 72 48 52 44 150 18 153 145 13 160 17 185 49 53 59 12 34 225 226 14 224 81 11 70 43 10 180 121 211 206 183 220 214 79 146 133 24 250 35 107 108 181 87 16 33 51 222 23 184 86 8 106 84 190 91 32 38 253 178 157 54 156 208 200 196 123 169 20 130 173 246 192 148 201 203 230 9 82 247 191 147 243 159 7 194 67 167 29 
241 254 154 105 17 5 136 71 209 140 253 90 102 78 1 30 48 11 222 152 227 55 133 157 3 141 203 85 208 91 210 246 98 148 244 196 135 12 86 116 223 114 82 75 15 80 132 10 159 163 64 47 62 60 243 33 8 26 107 22 63 93 27 100 192 52 149 221 238 110 137 34 142 235 121 146 68 229 130 247 122 88 95 72 245 103 104 200 173 171 67 174 9 28 156 32 53 77 39 144 256 219 234 232 119 74 165 139 24 211 214 166 197 217 226 176 185 117 186 240 118 201 14 124 45 7 38 169 182 191 160 190 97 194 239 42 2 106 180 123 158 99 127 172 216 195 170 252 207 198 120 81 236 199 16 69 228 248 51 212 164 44 92 134 111 145 183 84 19 109 18 205 147 41 58 94 13 151 49 230 108 138 220 249 168 184 155 231 153 162 59 178 129 237 36 242 43 6 70 112 125 213 215 29 150 224 4 54 61 101 187 83 66 89 188 206 57 56 167 115 233 65 193 21 50 73 250 218 23 40 202 179 31 37 161 181 143 126 225 113 25 20 128 177 255 76 79 251 189 175 204 35 96 46 87 131 
222 79 31 214 128 74 39 236 4 10 113 25 217 203 17 248 62 194 245 65 89 233 182 205 221 95 163 153 155 22 102 116 229 38 114 241 137 177 170 184 175 234 45 174 132 82 16 225 219 254 29 223 207 246 216 169 172 189 19 77 33 173 150 179 226 92 190 135 55 127 54 105 14 247 197 108 90 7 81 256 240 76 119 97 201 200 121 250 48 100 180 238 157 106 60 32 215 167 58 142 252 56 98 40 178 5 134 160 232 96 104 6 237 51 196 176 41 94 130 212 136 11 204 129 53 251 3 118 43 112 139 12 220 35 122 199 9 159 198 15 87 2 191 255 231 27 86 80 70 210 99 209 115 202 146 243 67 109 59 36 75 166 24 161 111 131 253 165 195 103 61 140 44 144 181 78 50 158 218 141 68 192 162 30 188 235 52 145 120 110 57 21 73 26 227 133 8 213 85 1 23 91 123 13 147 183 164 64 117 125 249 83 88 187 63 28 152 149 224 148 138 228 37 193 154 66 72 126 71 239 143 69 206 20 185 49 242 84 34 186 208 230 107 42 46 244 93 101 211 156 168 171 124 47 151 18 
131 80 37 165 148 56 196 252 21 251 167 133 75 191 19 153 84 229 204 94 126 104 115 177 249 42 158 53 36 161 197 224 176 13 62 198 231 48 220 4 116 200 212 235 85 142 156 135 188 65 95 124 154 87 35 174 12 28 207 44 192 118 128 233 121 155 55 241 256 26 228 43 117 223 134 17 105 136 247 11 60 23 175 72 137 214 83 41 145 248 122 76 169 69 187 120 88 58 210 172 193 227 51 205 150 144 30 201 245 189 184 34 54 8 90 178 31 32 236 127 71 78 164 103 24 81 57 213 140 211 203 1 225 242 66 40 222 194 93 159 96 14 180 182 39 73 216 70 226 125 59 111 149 143 230 68 91 195 20 74 179 168 86 221 79 123 18 5 157 243 208 244 238 160 112 234 163 108 240 151 171 47 119 110 255 254 217 186 139 101 132 246 67 113 89 6 9 199 215 33 50 22 141 27 183 107 15 185 102 29 63 25 170 162 218 100 253 92 237 232 45 109 129 16 7 77 166 250 10 52 190 106 97 181 209 46 173 98 2 99 206 3 138 147 152 239 82 146 61 219 202 114 38 130 64 49 
70 8 141 149 235 241 44 26 15 27 138 242 46 7 144 48 146 73 164 50 125 67 39 219 57 99 33 137 129 54 182 136 105 175 216 43 200 209 168 12 68 172 165 220 116 24 252 238 226 147 255 17 74 19 101 183 3 42 153 53 231 240 133 193 124 77 16 201 187 139 142 80 188 30 225 158 36 159 62 118 64 150 237 92 37 236 145 151 40 169 191 29 14 205 110 18 222 78 66 249 233 180 93 108 177 109 119 224 41 9 31 162 83 107 103 76 94 174 82 6 155 85 35 65 55 140 184 203 227 197 120 245 215 194 250 254 246 190 214 79 34 56 114 113 130 51 75 163 84 25 87 49 229 96 243 232 59 244 22 176 117 5 1 148 23 4 88 126 210 58 221 207 20 95 90 179 213 131 204 157 10 72 127 32 134 170 11 186 152 81 63 102 208 97 230 21 173 111 251 161 123 181 228 61 122 160 52 69 167 104 171 234 86 166 128 239 192 253 89 45 202 38 135 60 47 199 154 106 189 28 91 112 185 211 212 13 178 156 2 218 256 217 196 247 198 100 98 115 143 195 71 206 248 121 132 223 
240 115 177 102 134 2 58 57 194 3 117 50 156 213 26 88 30 23 81 169 146 174 234 62 71 28 160 12 145 24 159 39 212 191 164 182 149 104 256 231 66 232 217 56 238 167 219 54 31 77 17 173 171 247 183 251 36 38 18 42 249 242 63 82 202 250 125 78 141 184 60 189 99 1 83 21 98 255 8 124 214 93 254 46 86 53 29 103 152 130 157 223 220 243 16 178 22 225 224 79 163 73 80 45 222 128 121 111 33 65 9 135 129 138 237 20 131 245 228 5 144 127 153 64 196 211 186 140 176 47 158 244 168 133 48 96 248 201 199 11 41 190 155 137 195 92 106 230 68 142 165 84 126 179 4 112 204 193 229 85 161 114 150 209 7 49 139 180 55 75 197 74 107 69 123 91 100 181 198 132 241 37 207 94 216 210 76 170 136 43 10 108 221 116 101 175 105 40 19 185 205 187 162 113 188 154 110 151 59 172 218 246 87 25 35 215 147 67 148 6 252 206 119 233 120 122 200 61 227 27 44 143 236 32 95 52 226 192 253 90 72 89 97 239 70 118 235 14 208 13 34 15 51 166 203 109 
189 116 71 111 147 254 88 112 79 187 122 141 236 128 157 108 51 93 230 11 75 32 37 104 131 219 195 139 35 161 121 192 170 234 113 61 53 66 223 134 250 164 240 107 80 1 28 44 199 249 231 146 120 8 9 149 49 235 256 40 202 52 57 98 181 76 41 89 96 90 56 23 209 68 114 153 43 2 74 242 194 155 69 83 18 212 132 241 81 232 126 36 156 133 183 178 211 233 180 124 135 248 225 243 227 151 246 213 34 87 184 221 115 200 162 39 29 182 204 201 216 166 173 100 47 55 253 97 46 82 123 19 73 136 144 168 140 238 24 58 86 214 91 179 252 10 193 174 118 72 152 176 239 237 222 4 172 143 84 220 70 218 215 60 38 45 42 154 229 16 148 103 228 150 14 110 185 92 109 137 95 50 203 62 208 210 25 145 224 63 198 217 244 247 77 21 186 6 138 106 78 191 196 31 205 33 17 59 102 27 48 188 190 20 197 158 117 167 177 5 251 207 125 3 165 94 160 127 245 7 22 85 171 169 255 64 142 163 206 13 130 129 119 12 26 105 54 175 99 30 67 15 65 159 101 226 
223 235 138 242 10 124 194 197 163 25 69 186 208 212 81 249 74 154 113 91 75 18 229 158 137 136 60 169 73 65 106 122 206 40 2 207 219 112 253 116 166 246 100 27 201 1 126 15 168 255 47 117 68 103 151 203 233 83 41 237 58 227 139 164 143 36 84 61 97 34 140 176 127 3 156 12 70 205 182 52 93 162 11 43 134 224 146 132 49 16 48 13 175 57 107 114 95 33 108 157 94 72 236 228 63 213 187 192 240 55 173 51 71 119 99 189 35 7 191 241 19 6 142 38 5 110 87 226 214 243 8 131 149 155 216 88 62 144 120 220 180 196 153 232 148 30 86 20 28 195 128 37 245 217 178 22 102 50 21 185 244 170 105 231 101 90 159 251 221 200 218 234 44 46 225 121 39 256 177 66 79 32 160 59 85 141 190 239 29 104 215 129 31 165 209 211 109 123 14 181 161 80 125 188 247 183 77 118 111 222 254 45 174 56 24 198 4 92 171 250 96 179 17 9 204 202 54 150 115 42 172 199 76 238 135 167 67 82 130 210 64 248 145 78 23 252 184 89 98 147 26 133 193 152 230 53 
8 102 38 185 173 143 98 34 67 26 218 60 62 51 174 114 162 100 165 123 41 159 208 92 136 255 108 11 55 119 24 79 221 118 170 49 219 160 153 115 9 31 187 152 209 27 183 197 150 90 182 224 104 84 48 130 213 216 215 23 53 181 13 59 103 135 64 251 196 253 244 30 5 142 96 145 105 157 72 227 29 80 180 81 166 230 10 241 226 127 161 25 214 176 211 194 200 76 249 242 37 14 203 175 73 68 171 134 250 74 43 234 223 254 85 231 177 86 12 236 243 110 131 126 78 56 94 186 232 191 40 124 117 156 212 139 2 44 33 217 99 137 111 189 228 144 238 22 113 140 164 121 77 188 169 106 95 66 116 240 202 233 206 58 237 184 195 190 167 235 50 210 146 179 17 69 125 16 132 147 192 83 52 112 149 35 32 222 46 148 15 1 248 178 61 154 20 87 225 245 21 252 229 18 71 88 4 204 163 97 39 151 65 7 205 128 141 3 129 28 101 138 109 198 54 75 207 256 89 133 220 93 57 91 246 168 63 107 172 82 122 155 120 158 42 47 239 19 199 45 36 6 201 70 193 247 
66 110 187 12 131 203 86 206 247 183 188 153 99 127 112 114 245 167 15 14 139 254 89 191 251 115 144 162 242 60 161 138 164 85 49 135 84 217 219 40 2 143 70 35 71 120 248 46 223 64 166 185 227 119 174 156 179 58 41 198 201 213 83 69 117 107 17 26 105 123 65 186 228 239 91 27 94 175 1 216 50 36 157 125 39 255 11 150 93 244 77 241 172 52 202 87 19 226 90 118 62 113 129 218 101 126 214 180 137 44 88 48 100 55 155 145 79 193 104 109 197 32 61 165 47 96 151 130 34 82 215 37 4 221 195 190 132 78 163 200 122 194 72 63 73 22 159 128 136 207 102 68 146 57 250 28 10 74 170 23 92 7 30 252 231 76 29 232 230 97 43 16 6 240 75 42 238 212 106 171 31 45 9 229 53 253 140 249 210 20 196 189 158 222 181 204 225 160 173 98 237 5 142 103 8 177 147 192 81 154 168 121 152 108 220 176 236 224 3 149 211 67 51 25 54 246 169 80 134 111 209 243 178 116 59 184 38 205 182 33 234 124 233 141 95 199 24 256 13 18 56 148 235 21 133 208 
170 124 2 114 26 117 195 110 72 99 46 123 60 137 158 10 50 1 196 155 233 70 77 42 89 57 75 56 165 245 247 82 93 180 136 59 175 141 207 160 58 163 49 105 227 127 115 168 224 188 238 116 12 254 148 179 41 108 198 106 234 157 24 149 185 210 119 128 200 178 47 125 91 230 132 22 36 225 51 199 45 74 20 176 154 31 16 139 204 83 217 66 55 131 122 39 216 76 52 173 28 88 244 235 64 62 86 48 162 152 144 142 94 192 7 205 206 220 166 215 193 65 103 150 153 44 140 68 256 226 38 236 23 87 118 159 37 231 69 187 84 219 8 183 95 111 14 79 34 104 172 171 212 15 252 145 255 29 218 135 214 43 85 190 71 203 194 147 9 98 109 182 17 253 169 5 80 191 243 32 177 167 208 202 232 120 248 102 61 181 237 11 251 246 223 73 242 211 100 27 4 213 138 113 101 228 250 35 174 146 96 134 143 21 239 54 107 221 201 197 129 209 78 151 25 13 33 90 126 81 189 121 184 92 186 40 97 18 112 67 133 229 53 241 30 156 3 222 240 19 6 164 63 249 130 161 
102 216 230 140 106 182 17 64 40 249 205 150 253 243 137 252 142 219 51 209 46 69 170 161 151 19 31 234 87 224 169 62 59 231 136 67 238 39 35 104 126 68 187 2 22 211 175 213 159 10 149 229 254 180 181 217 71 222 84 141 61 1 148 167 117 72 100 57 58 250 76 160 95 47 152 38 94 119 247 144 85 8 24 164 9 215 145 63 18 220 184 107 237 248 108 186 97 113 195 21 15 93 221 6 228 123 153 118 176 255 29 55 197 80 139 89 143 146 239 226 156 245 36 208 110 33 99 201 233 171 96 66 163 92 88 98 41 134 200 130 240 192 101 112 147 86 124 256 115 3 210 109 246 43 199 191 232 129 42 189 157 172 103 121 236 65 177 212 162 4 214 81 83 132 204 79 27 203 173 91 77 82 185 14 75 190 32 168 70 218 193 133 20 194 251 120 105 242 138 207 56 73 45 227 114 122 11 223 165 206 90 25 135 16 44 183 128 12 244 48 78 131 7 28 188 23 30 127 13 26 116 34 154 174 179 50 225 235 158 155 74 52 54 198 196 5 53 241 37 202 60 166 178 125 111 49 
71 197 191 20 84 109 194 219 180 72 141 236 173 170 214 31 115 123 134 111 119 171 150 216 245 90 154 169 181 41 229 78 190 50 94 240 131 227 223 163 70 9 2 28 254 149 220 79 160 159 37 209 58 200 161 54 103 255 147 256 68 127 126 93 61 66 239 157 8 46 135 153 30 69 196 73 114 96 195 38 108 5 55 26 120 3 234 164 206 167 212 13 39 143 207 165 4 226 100 53 81 98 42 122 75 211 48 118 249 237 125 218 83 136 139 74 24 140 91 158 105 34 201 87 168 17 177 222 253 29 10 210 107 27 241 129 117 89 184 6 172 152 146 60 7 21 40 95 51 116 192 185 12 215 15 193 174 238 62 156 36 76 104 208 113 243 217 137 1 221 22 47 121 213 92 106 130 102 11 64 128 175 251 77 166 198 244 101 59 88 25 65 199 132 23 142 178 19 63 235 33 85 247 56 250 112 45 35 97 248 231 202 49 16 162 155 224 187 145 14 189 80 204 124 205 99 183 233 232 230 32 186 52 43 225 67 18 182 242 179 86 176 151 188 133 228 138 252 57 144 148 110 44 246 203 82 
249 195 212 209 242 28 224 19 251 104 111 55 33 149 166 47 183 200 254 85 142 126 24 191 250 50 30 187 188 198 246 35 210 108 83 214 112 219 244 238 127 91 69 38 93 67 169 94 54 159 134 145 80 171 220 206 72 229 156 213 52 131 138 58 151 167 130 234 125 140 44 185 211 186 48 221 97 232 32 248 181 4 79 82 120 124 11 99 76 189 41 196 208 70 22 57 51 132 5 31 121 26 68 128 223 61 37 21 117 144 65 20 123 34 49 217 174 6 252 84 1 107 106 118 230 66 89 88 160 96 247 116 177 240 7 215 105 10 158 216 136 179 162 25 110 182 2 3 155 202 75 119 103 161 71 207 63 77 152 115 95 8 180 241 227 46 27 133 143 253 218 225 231 204 237 199 226 129 163 178 245 18 81 16 165 62 14 175 90 101 235 100 256 233 228 190 172 193 141 23 109 197 164 139 98 135 60 13 176 43 170 192 184 201 45 53 39 74 87 148 92 42 154 146 56 40 205 15 168 243 122 137 59 239 173 9 147 113 255 222 17 203 12 102 153 236 36 78 29 86 194 73 64 114 157 150 
1 21 2 127 19 14 226 142 231 20 155 227 245 234 87 122 102 156 255 235 11 80 85 256 86 96 63 162 123 134 75 23 219 139 110 145 204 175 174 147 77 69 254 73 100 137 94 146 224 241 183 101 191 143 239 47 198 201 238 37 53 222 167 153 4 216 130 199 136 13 98 178 193 179 159 3 176 243 117 76 247 252 242 89 95 68 91 99 126 250 233 16 10 104 60 83 249 33 49 84 188 97 32 211 61 30 67 26 230 212 15 141 207 140 90 225 160 41 171 200 236 133 9 253 82 59 169 105 81 35 190 51 12 44 70 34 208 214 125 78 215 132 31 232 116 240 217 108 27 120 17 150 74 196 135 154 157 165 131 79 42 71 213 28 58 7 18 218 152 65 138 106 164 186 43 148 52 206 251 170 45 185 228 151 168 192 163 129 197 184 121 220 244 158 149 195 172 56 5 203 40 115 22 205 92 39 50 180 119 202 161 144 109 209 24 25 38 223 118 93 8 112 189 177 46 166 114 128 210 48 66 57 182 221 88 36 29 229 54 113 111 62 6 173 237 64 107 248 181 246 194 72 55 103 124 187 
243 244 87 98 219 132 38 58 97 72 117 142 41 201 155 27 187 36 231 184 78 109 165 25 161 150 23 156 30 13 68 3 172 180 65 45 224 152 151 47 162 240 40 168 24 170 153 105 111 85 64 189 141 171 118 77 96 176 205 239 4 191 63 169 230 249 234 102 140 89 93 123 209 159 33 37 22 174 127 18 213 51 242 122 226 128 129 34 178 241 91 223 55 182 236 48 196 100 94 212 108 113 92 10 114 53 26 61 95 81 2 228 154 136 221 101 32 255 9 126 46 20 208 69 42 79 52 60 6 199 207 73 112 17 194 104 67 195 70 43 8 218 186 163 256 119 225 121 253 216 116 198 215 19 220 181 110 29 16 206 214 157 7 103 56 148 82 238 250 86 107 167 131 138 229 99 120 235 210 31 11 15 251 88 183 139 237 125 14 39 179 144 197 44 35 146 193 188 137 233 227 177 57 90 74 217 84 158 247 190 54 202 133 252 203 66 62 124 80 211 134 248 149 115 1 204 192 135 83 160 59 200 76 5 145 75 130 21 71 222 175 12 143 147 173 166 49 185 246 254 50 164 28 245 106 232 
130 255 225 184 36 163 87 143 197 58 151 86 226 68 230 59 164 5 238 188 251 16 37 42 18 101 203 40 148 241 22 85 9 193 168 169 12 243 223 49 246 92 94 10 112 126 124 64 204 4 90 132 196 21 89 114 67 73 233 62 174 72 145 172 214 106 183 181 136 205 107 248 212 180 29 1 137 160 192 54 156 215 135 245 222 157 93 216 56 39 50 11 219 60 17 44 79 242 202 161 191 239 229 95 159 178 167 182 210 144 236 78 189 186 20 249 175 122 47 201 84 250 24 252 80 149 121 61 254 129 119 244 117 75 82 211 227 173 220 69 52 116 63 177 140 147 237 8 194 53 199 228 206 146 155 198 231 76 99 27 213 142 23 256 104 165 138 13 115 131 133 66 240 71 43 108 185 88 110 96 2 218 14 102 209 38 3 162 221 81 33 83 32 166 247 125 31 48 100 77 139 65 6 190 253 170 217 224 34 30 187 134 41 195 55 109 200 176 150 234 208 98 113 152 7 207 120 235 15 70 127 51 91 153 105 158 118 26 232 97 123 45 179 74 28 154 35 25 46 171 128 19 57 141 111 103 
174 238 25 90 113 99 202 16 241 162 232 160 213 24 100 72 50 78 248 19 216 170 194 109 168 133 111 156 42 164 33 98 110 179 4 105 94 175 52 59 34 88 62 134 171 152 106 82 198 86 91 254 161 255 22 93 256 227 231 144 37 66 247 222 226 242 9 167 150 112 191 146 7 218 18 114 89 130 224 97 75 103 80 21 68 83 5 154 36 212 239 136 11 20 32 158 40 166 108 124 149 13 184 181 12 237 95 69 51 131 209 245 190 27 87 115 126 251 119 200 116 138 81 63 39 44 177 225 145 29 201 31 54 192 139 15 211 128 55 159 205 180 165 135 219 252 214 172 153 215 74 221 92 57 104 118 129 210 67 125 185 249 101 240 253 122 64 204 220 141 155 79 178 223 56 107 76 163 45 151 189 127 41 182 48 244 197 169 183 176 38 132 195 102 120 173 49 123 148 229 121 142 2 117 30 157 203 70 10 206 73 217 243 17 60 236 207 186 35 23 26 234 233 96 143 235 6 46 3 28 85 71 1 196 8 65 14 43 250 53 230 246 77 147 140 47 208 199 58 61 228 84 137 188 193 187 
202 81 50 15 71 34 253 126 252 209 42 244 85 20 88 4 99 27 234 230 58 130 77 19 178 184 229 131 128 63 100 129 28 172 163 203 221 104 225 205 207 110 108 51 132 56 200 192 170 219 220 195 148 160 53 188 249 94 33 169 145 44 32 13 190 138 61 248 134 179 111 161 25 47 255 31 23 80 24 197 89 233 246 18 201 9 154 103 122 82 43 113 90 79 37 109 46 98 213 187 69 166 48 22 168 118 240 141 107 146 223 176 177 74 228 226 21 83 8 238 5 123 256 49 185 102 10 136 62 55 86 115 183 142 116 236 36 158 165 70 237 84 186 245 210 180 106 181 38 75 30 54 152 254 87 171 2 12 144 151 127 231 143 137 119 235 68 242 164 45 72 114 251 125 29 198 139 196 199 120 3 156 121 208 26 14 105 65 1 224 6 64 216 39 194 93 92 175 217 97 243 73 212 232 7 214 133 211 150 40 167 135 76 206 204 162 191 96 247 101 174 149 11 124 155 222 250 218 95 157 173 78 59 147 112 227 239 91 57 60 159 52 241 35 182 153 193 215 66 67 189 140 16 41 17 117 
143 110 53 255 188 182 13 33 155 129 145 140 168 52 103 37 87 253 23 249 95 119 19 113 90 6 243 139 191 106 180 57 50 114 196 169 219 205 43 9 46 127 105 102 34 247 112 157 230 181 248 252 256 235 125 93 132 148 215 7 51 78 66 27 213 175 62 40 136 68 26 185 138 96 98 242 84 142 75 124 214 2 100 200 21 83 81 160 189 208 29 224 204 70 153 149 144 164 20 192 74 178 211 72 234 193 222 25 109 217 65 184 227 11 225 54 10 241 38 76 99 152 159 221 15 158 162 42 206 123 250 229 174 56 60 17 94 4 115 18 12 137 128 231 108 171 28 97 35 245 107 161 64 240 111 190 216 48 212 49 47 226 89 251 118 45 61 197 116 31 146 39 220 165 176 207 179 22 177 122 14 166 130 163 58 55 92 63 30 36 187 198 244 151 131 218 59 154 183 236 71 237 67 203 120 44 135 228 170 3 147 173 172 156 150 239 201 210 69 246 41 195 232 238 91 79 141 85 254 5 101 194 133 32 167 117 126 80 1 134 24 186 202 88 104 121 199 73 16 223 82 77 8 233 86 209 
209 253 148 99 111 154 108 32 121 144 204 242 197 113 239 60 245 224 49 226 190 231 65 10 57 203 151 132 31 17 68 186 219 170 150 21 199 145 250 25 87 81 58 110 96 43 45 46 194 217 105 118 106 78 137 37 86 30 131 70 234 146 91 55 76 126 61 2 254 26 169 52 187 205 20 12 59 77 80 69 175 179 251 18 152 34 117 90 236 147 3 184 7 66 156 102 153 210 94 237 249 255 82 191 139 19 168 22 142 180 240 193 140 167 228 135 161 178 112 50 54 212 56 9 207 74 155 223 75 63 157 201 122 62 79 48 247 53 64 72 13 185 215 163 183 85 11 116 233 89 47 104 202 238 171 192 44 196 198 35 40 189 230 16 123 107 129 114 149 256 172 159 141 71 243 109 125 95 28 120 195 227 158 244 39 93 160 200 124 24 220 4 206 248 225 173 88 101 133 51 84 182 164 14 221 134 136 36 176 128 73 92 27 241 165 218 100 174 41 67 42 127 138 5 98 213 214 232 8 208 130 23 33 181 38 211 1 15 162 115 83 246 188 252 143 235 103 177 166 119 216 29 97 222 229 6 
63 221 78 94 114 52 252 136 206 111 178 207 201 77 56 165 45 204 168 22 16 230 1 100 162 125 89 80 218 81 235 177 222 217 209 159 160 33 117 15 9 224 220 255 228 103 236 199 29 92 176 95 133 242 172 189 151 42 247 232 250 97 88 127 90 184 226 243 187 8 214 7 144 113 75 116 248 210 87 163 138 108 79 6 72 27 154 254 101 147 50 112 197 98 241 149 106 200 219 249 175 84 141 202 64 211 32 60 31 122 170 123 145 61 10 194 190 196 225 135 70 57 143 54 4 216 119 167 19 128 148 109 120 115 186 182 158 25 246 99 150 164 34 239 244 102 110 169 67 192 36 203 129 156 28 46 245 215 166 237 13 171 59 53 93 39 107 126 131 40 55 49 185 26 142 183 58 17 198 41 118 121 130 62 155 180 82 181 68 240 23 48 3 251 11 253 76 43 73 223 134 104 71 231 51 69 74 152 132 85 66 157 174 35 195 233 12 30 47 227 137 161 38 91 208 213 205 83 24 14 256 5 21 37 139 234 173 86 238 188 146 44 212 124 105 229 193 18 191 20 179 2 96 65 140 153 
256 134 208 188 228 83 143 246 214 44 24 202 147 5 69 13 198 58 170 104 74 71 245 56 2 253 126 247 53 34 11 55 244 96 159 150 201 175 102 157 59 109 114 89 129 28 41 9 88 167 146 51 185 148 153 22 223 94 132 218 98 106 249 239 226 33 73 180 75 63 210 80 103 183 61 206 65 235 230 238 164 76 194 142 171 46 137 191 138 19 149 178 12 117 54 252 169 14 177 32 116 49 60 15 92 193 66 233 43 95 186 251 47 30 100 205 133 166 101 86 111 27 20 52 110 21 254 124 105 234 57 48 203 140 187 232 36 139 93 62 39 35 123 250 173 213 163 211 128 82 78 184 241 7 158 122 219 42 64 196 190 127 161 68 199 217 90 224 45 10 174 227 152 155 209 16 40 156 131 204 248 113 119 85 31 37 229 216 3 25 240 189 200 145 168 17 112 115 81 91 221 8 160 225 87 197 4 1 23 130 176 220 195 121 97 215 77 255 107 125 6 29 231 18 212 84 242 154 172 50 108 222 243 192 162 118 182 135 38 72 144 67 181 141 207 236 26 237 120 70 179 99 79 136 165 151 
85 253 144 137 43 201 117 211 155 217 9 20 219 222 101 107 151 24 167 29 185 113 98 56 210 181 236 126 200 124 179 149 249 54 197 243 21 156 140 171 116 93 63 172 109 97 86 73 91 161 141 99 223 221 136 88 11 58 72 67 134 50 14 241 59 71 202 4 255 240 96 94 139 39 218 183 152 114 33 191 64 168 111 199 66 220 55 212 182 165 186 233 128 166 62 87 256 79 77 251 231 104 122 7 81 232 75 103 69 106 118 13 142 246 206 215 70 235 209 121 36 95 78 176 180 52 17 119 23 112 195 27 230 82 35 143 41 53 47 1 203 170 120 110 32 131 92 254 65 192 187 162 189 150 42 26 207 175 123 74 159 194 138 48 89 49 163 130 184 205 229 237 80 188 115 22 148 8 147 204 129 6 190 61 19 242 15 3 245 18 164 216 145 157 100 177 125 105 31 37 178 10 169 239 2 247 193 84 51 38 153 40 102 224 160 90 57 16 135 196 34 154 28 68 132 30 227 133 173 214 46 234 146 208 252 174 108 198 12 44 45 127 158 250 83 248 244 76 228 213 5 225 226 25 238 60 
142 20 37 147 73 24 178 93 190 117 34 236 233 118 169 231 162 31 238 53 62 194 237 51 82 179 188 242 227 181 255 123 234 109 174 76 40 171 209 256 22 113 211 230 32 192 176 180 125 41 249 141 252 218 152 111 1 23 97 222 59 164 138 94 30 79 186 80 60 121 223 170 19 195 163 77 228 207 100 81 235 213 101 151 214 27 12 203 28 74 253 226 89 95 215 219 187 204 135 58 224 247 196 132 177 55 183 130 185 7 14 33 155 91 129 43 8 127 87 96 2 220 139 208 250 119 64 10 156 248 217 71 131 110 47 140 48 52 240 193 78 143 4 146 161 157 154 63 184 69 83 42 124 84 172 85 116 158 72 50 160 122 206 107 166 106 98 201 243 35 115 65 112 44 168 75 245 244 68 205 159 134 144 239 88 251 149 70 11 165 108 137 56 202 39 25 29 254 9 38 5 61 46 54 173 189 198 133 145 191 120 104 26 86 199 229 241 92 15 167 90 18 3 103 21 246 114 57 150 153 197 17 6 210 66 36 16 128 102 148 45 67 200 13 175 225 105 126 182 99 49 212 216 221 232 136 
192 120 176 72 138 8 142 109 83 4 173 44 208 97 49 240 34 21 39 181 23 62 114 80 244 127 179 248 9 77 118 238 47 90 71 43 149 74 20 84 204 205 229 186 79 10 61 75 171 38 36 224 239 141 66 197 7 11 213 210 16 221 231 19 100 67 234 202 51 112 126 182 113 117 170 136 5 150 139 15 222 92 76 78 227 81 25 64 60 128 251 68 54 89 129 29 140 255 185 237 105 108 48 6 223 53 95 236 167 123 166 41 111 145 69 187 200 134 37 163 164 219 178 103 27 146 14 94 157 50 93 125 168 2 233 215 161 160 130 190 65 12 59 216 101 230 110 40 42 151 70 193 124 152 220 194 22 189 207 226 246 180 116 144 3 203 121 147 85 106 177 188 17 45 158 245 86 32 98 115 191 199 91 218 211 148 155 52 46 35 73 253 88 206 87 198 63 58 56 1 241 195 119 162 209 107 217 242 154 156 256 99 153 250 104 159 55 214 102 201 96 169 13 175 31 252 232 132 26 82 57 174 24 18 172 133 165 122 212 243 247 196 225 235 137 135 30 143 131 28 249 254 184 33 183 228 
186 130 100 137 123 219 197 182 226 8 58 66 222 208 214 86 26 104 60 151 17 115 41 205 143 144 103 183 225 23 175 44 109 146 111 195 10 140 39 65 241 235 181 236 166 56 157 141 16 51 193 251 188 160 3 57 89 83 243 203 6 55 224 185 79 132 1 85 202 216 32 34 161 95 218 28 102 122 228 78 187 75 99 14 77 53 74 52 84 21 76 11 154 237 174 22 73 217 242 92 229 256 20 133 170 101 33 177 19 168 156 63 215 40 93 94 139 207 252 117 253 81 112 200 121 191 230 50 220 163 232 153 127 221 7 206 72 201 49 124 227 164 13 196 120 150 71 5 158 48 70 119 233 105 129 107 176 240 135 106 169 239 180 159 128 45 98 37 4 212 80 116 15 245 113 2 43 254 255 246 194 36 199 249 38 248 12 165 145 134 9 62 234 59 46 110 61 108 238 18 87 30 82 250 24 29 213 88 118 97 35 167 148 125 247 54 152 155 47 173 198 172 91 64 126 90 179 147 42 209 178 27 184 204 190 223 162 114 211 149 131 189 68 31 210 171 142 136 138 25 67 192 244 96 69 231 
172 186 206 80 212 17 64 124 192 221 180 82 11 156 203 33 70 157 46 250 218 216 171 68 151 150 88 158 74 185 38 20 211 96 29 202 248 120 237 201 105 200 24 90 233 30 183 141 42 97 52 114 54 127 176 247 235 255 89 230 135 58 128 210 84 36 161 167 106 73 239 43 63 173 104 95 55 12 4 110 111 226 10 48 99 195 147 113 170 205 81 181 18 13 245 102 198 160 190 101 149 44 91 134 85 154 131 179 223 132 34 152 197 86 251 229 145 25 112 193 71 165 159 143 220 162 26 49 92 14 208 163 76 215 169 228 31 39 184 249 79 241 93 78 53 253 108 168 231 119 87 125 16 242 136 94 123 50 9 61 139 177 209 204 19 6 236 148 214 166 238 83 196 199 107 75 246 256 100 21 45 41 191 254 155 140 2 51 15 60 244 56 222 227 174 126 182 65 133 72 22 189 138 103 130 164 8 118 243 23 40 5 122 175 67 32 69 213 115 116 7 3 117 178 252 142 146 98 59 37 137 129 121 62 109 47 219 187 144 35 234 77 57 66 207 232 27 240 194 224 28 153 188 1 225 217 
159 114 148 23 238 201 137 52 156 36 142 105 44 65 93 151 71 228 129 101 173 150 75 100 22 176 158 123 241 215 237 96 256 98 6 19 243 171 203 213 152 3 223 47 78 14 149 50 183 125 240 166 11 168 16 38 133 154 41 212 163 27 30 155 255 247 165 244 130 49 13 141 55 62 106 178 4 239 214 61 53 5 132 8 229 111 157 224 208 174 143 216 73 37 69 191 227 86 60 127 25 233 67 35 110 83 10 234 164 74 20 185 7 253 58 231 43 220 117 230 118 31 188 249 218 202 252 198 124 140 153 144 26 177 226 182 89 209 107 95 145 131 70 90 104 119 42 18 72 248 51 32 139 112 28 17 172 225 170 91 102 56 34 245 194 79 1 94 84 186 250 63 195 206 180 54 254 88 66 15 193 134 242 39 128 147 232 161 59 181 167 122 126 120 68 57 184 219 108 76 246 80 204 81 29 136 235 146 197 162 179 116 24 113 251 187 175 135 97 190 217 103 205 199 236 2 109 40 9 21 45 12 207 92 77 189 115 33 46 221 200 121 64 192 222 160 169 196 138 99 210 82 48 211 87 85 
80 182 168 79 137 230 43 219 19 27 105 191 154 214 58 89 134 107 25 121 106 239 35 60 228 141 146 92 130 64 7 218 212 37 50 21 151 170 85 15 41 23 145 149 2 231 49 255 215 126 87 108 237 18 167 128 20 62 244 250 197 48 16 162 186 232 221 181 113 125 40 225 119 223 180 224 120 213 66 169 150 155 127 184 252 124 210 65 143 201 129 206 211 88 176 136 69 153 205 147 52 144 91 17 208 178 67 77 160 193 248 161 256 61 253 196 115 140 4 246 82 6 84 159 51 187 63 10 194 122 234 70 242 222 94 3 75 104 114 111 200 118 188 249 227 93 90 42 28 174 177 203 86 39 99 54 26 14 97 192 109 254 207 243 133 172 198 30 238 156 123 220 56 204 13 53 217 236 247 72 102 135 22 34 38 96 117 78 164 101 139 166 152 55 175 83 183 226 74 185 116 8 33 95 190 73 131 209 100 216 59 76 45 229 240 103 112 195 46 189 179 132 32 235 148 157 241 1 171 158 98 68 29 36 199 163 9 251 71 165 142 5 24 202 57 11 47 12 233 110 138 44 173 31 81 245 
90 255 88 239 204 143 220 80 53 47 199 236 5 49 232 248 132 184 240 7 6 125 158 36 165 62 69 126 147 67 110 39 77 182 51 104 201 22 21 192 102 146 26 64 168 205 166 189 219 246 227 46 122 223 50 60 124 173 162 179 243 216 68 86 128 250 152 237 139 27 96 97 169 153 129 181 112 23 215 121 163 43 44 148 99 119 256 101 87 176 214 65 251 222 138 117 150 70 82 198 144 133 79 89 75 170 48 78 127 56 84 233 34 24 106 100 66 252 8 149 229 116 161 155 74 167 183 11 254 130 151 186 141 178 225 91 105 25 231 76 213 157 221 140 109 98 1 226 137 253 59 16 180 195 17 19 160 210 72 93 241 247 206 114 244 196 207 13 249 134 14 12 217 42 52 85 190 32 37 63 194 224 83 131 107 111 164 200 197 38 172 174 3 188 4 193 118 61 234 211 28 9 203 228 218 73 95 115 208 123 108 41 2 191 18 103 171 31 238 177 81 136 202 33 242 35 45 145 57 212 55 30 15 209 29 10 156 71 92 245 235 142 20 54 94 175 230 40 185 135 58 159 113 187 120 154 
248 97 146 99 75 206 191 48 228 63 230 256 193 68 195 219 74 60 25 185 174 168 144 209 23 158 34 103 117 56 26 50 205 11 231 59 149 247 109 220 14 1 170 132 172 250 152 160 143 69 131 156 173 221 182 21 37 85 27 19 169 80 114 223 55 203 51 52 33 78 90 42 246 177 211 29 113 84 96 104 125 44 200 243 183 255 54 107 86 4 15 53 5 38 92 122 141 10 140 12 20 192 64 150 67 133 194 30 167 238 76 112 180 7 45 145 79 108 82 249 65 115 163 39 212 36 58 71 129 28 139 116 181 18 159 234 239 41 13 254 70 88 72 124 199 91 121 237 127 242 136 9 252 32 148 233 8 94 240 43 66 218 226 222 111 153 190 126 201 81 138 46 208 106 142 110 179 16 225 6 62 161 83 137 164 123 184 31 95 235 244 217 204 187 120 188 151 165 155 118 105 236 24 245 35 40 89 147 207 216 189 57 2 198 61 253 98 93 49 171 178 229 215 22 210 77 154 224 241 102 176 119 162 202 47 134 135 128 175 186 232 17 87 196 3 197 101 166 73 130 227 214 251 213 100 157 
188 151 58 15 56 185 55 233 126 22 136 250 229 245 239 54 160 80 142 110 4 231 186 168 30 94 50 144 137 38 97 100 10 27 23 51 147 140 249 145 248 181 72 172 111 49 74 256 90 108 183 3 128 85 93 16 150 159 101 31 28 66 197 138 177 173 62 91 146 171 219 116 206 68 73 203 225 82 254 79 65 178 13 9 166 224 240 194 119 135 199 152 52 24 53 99 167 43 12 193 187 243 155 104 234 92 123 244 75 169 207 78 230 35 34 118 251 37 98 11 223 121 222 83 184 189 1 238 71 212 196 115 220 96 88 133 131 5 109 132 141 36 190 211 122 247 174 226 255 76 252 232 215 242 182 157 208 210 14 2 42 102 112 253 195 228 19 120 107 218 124 61 89 84 57 103 125 134 158 227 246 180 32 106 39 129 214 221 235 200 237 17 86 77 18 63 205 149 191 48 217 143 213 45 165 162 46 33 163 87 60 40 113 202 216 69 21 41 8 67 241 81 170 44 201 29 25 161 47 153 198 164 114 176 95 209 130 64 192 179 127 26 59 139 70 236 175 148 105 156 154 7 20 6 204 117 
143 126 12 182 20 56 123 141 161 63 58 231 108 243 37 235 130 140 57 76 213 238 256 198 144 197 135 44 34 236 223 74 250 32 38 81 245 86 151 165 120 139 84 246 106 253 30 216 217 247 244 97 173 68 221 99 7 5 199 254 214 89 96 219 47 3 105 66 149 150 222 190 103 237 160 18 70 125 170 119 207 137 129 156 31 41 115 53 45 13 107 255 88 78 19 172 178 212 228 35 117 148 249 152 157 42 104 112 233 22 40 67 75 242 4 55 21 205 209 224 229 23 2 191 80 210 171 33 202 179 51 162 220 16 187 251 183 127 10 159 208 133 153 59 46 64 109 100 83 128 48 124 121 132 218 227 102 181 186 240 201 73 17 52 92 226 116 69 193 29 142 154 60 147 134 6 79 39 185 15 176 114 146 206 26 28 43 87 24 188 36 158 111 169 184 177 155 50 101 189 180 25 203 145 232 49 65 27 94 54 98 14 166 167 211 11 82 118 131 136 194 195 61 230 174 196 200 163 8 77 91 168 85 225 1 175 122 164 215 239 93 110 204 62 72 71 9 241 95 113 234 252 248 192 138 90 
84 23 174 213 14 215 17 89 69 60 173 201 57 161 24 26 160 162 22 15 178 141 190 102 53 138 214 243 66 67 8 170 229 236 156 176 239 59 83 110 5 79 139 175 240 48 1 248 211 46 118 3 64 125 123 126 113 119 13 202 34 2 251 196 227 82 36 43 4 88 111 71 193 29 91 205 90 172 6 127 70 207 210 80 219 254 31 198 133 146 166 241 18 159 224 19 163 246 199 226 86 62 230 128 33 37 136 212 180 107 116 225 208 191 50 122 108 184 195 186 256 65 20 233 183 28 135 187 130 41 45 78 182 221 204 200 242 21 32 61 95 109 152 167 56 148 16 252 94 209 49 81 105 72 153 9 96 132 44 171 101 206 11 155 25 228 73 38 63 234 169 168 131 177 55 220 115 97 99 181 93 98 35 92 85 188 121 222 103 143 124 42 250 197 231 27 245 30 247 68 106 74 100 235 244 134 157 137 154 150 129 112 87 194 47 114 223 218 164 40 238 120 12 77 253 51 52 117 165 255 142 185 217 104 75 145 149 54 216 189 144 58 76 203 192 249 7 39 158 140 232 10 147 151 237 179 
256 133 76 85 182 196 92 41 110 11 227 240 200 104 19 25 8 173 238 204 87 24 221 38 48 97 42 64 140 65 213 239 156 158 55 124 119 36 99 95 20 82 98 13 176 2 32 212 94 195 111 211 39 81 208 117 44 251 91 112 191 249 162 217 184 6 248 236 128 188 15 70 205 246 151 93 143 233 77 174 14 219 210 130 75 192 185 203 166 144 132 225 118 149 22 245 194 216 68 250 120 27 209 71 180 102 147 242 83 146 134 103 105 40 69 9 197 247 29 10 60 43 159 31 183 189 4 135 115 252 169 113 86 129 155 45 90 49 58 106 63 33 67 214 53 160 72 232 73 235 61 253 201 179 46 21 171 161 100 1 80 228 157 230 26 107 177 116 164 17 241 170 154 84 229 244 96 30 139 89 152 131 186 163 215 88 141 18 127 54 16 231 57 190 79 193 28 59 237 114 243 187 206 109 165 123 52 50 148 35 168 142 126 137 47 101 254 138 223 153 172 145 136 5 51 175 3 220 7 255 150 56 34 178 66 23 202 121 122 74 198 218 167 199 222 62 125 37 181 78 234 12 224 108 226 207 
139 157 144 8 199 116 185 9 186 147 214 248 174 48 219 13 31 37 62 92 160 198 24 36 207 135 41 254 223 156 225 173 72 163 196 34 249 222 178 80 180 202 217 20 216 183 242 86 7 79 32 88 104 220 55 190 90 149 113 96 101 40 4 131 161 247 201 189 128 130 110 81 206 10 73 210 230 187 122 167 43 29 224 205 227 74 159 152 195 229 22 226 102 145 211 83 127 46 47 164 166 132 105 193 233 203 221 56 255 200 2 165 1 239 49 123 5 99 6 38 118 54 177 53 71 64 241 26 44 18 94 125 61 109 232 27 237 78 35 231 112 77 98 158 154 67 148 179 89 103 141 245 212 153 150 176 3 63 208 250 151 142 213 155 240 42 75 23 182 218 91 65 140 33 184 85 51 60 175 28 120 246 115 25 236 209 228 204 14 21 192 66 50 134 124 58 234 235 197 108 117 107 168 181 93 172 238 69 114 30 39 19 146 169 215 126 87 97 137 52 133 16 171 194 121 170 11 95 17 82 15 243 100 252 136 111 106 119 191 70 57 253 256 59 12 162 244 76 68 138 188 45 251 84 129 143 
32 234 148 240 131 28 9 166 14 173 146 129 255 155 6 59 62 231 117 232 202 81 133 210 195 152 41 89 82 132 94 127 214 196 149 162 218 235 250 101 4 3 1 197 52 223 50 39 48 167 76 108 29 179 206 247 205 126 243 79 244 71 26 56 125 17 221 51 23 22 239 19 8 143 175 142 141 91 170 90 241 49 140 111 44 74 78 139 191 153 107 251 208 147 72 199 248 165 87 168 20 207 92 80 212 158 45 115 144 40 172 123 95 180 122 161 220 252 25 99 77 245 216 57 67 193 200 224 98 83 128 215 33 69 37 226 198 109 103 164 46 84 105 163 38 113 112 7 60 21 187 217 106 246 43 238 34 88 178 249 96 209 211 192 171 186 188 182 118 233 204 120 222 18 169 11 242 225 121 229 135 203 181 42 134 219 10 184 36 236 227 70 102 68 189 16 55 63 151 64 85 237 174 65 66 35 137 145 15 53 100 253 228 104 150 230 58 177 136 156 5 47 130 183 2 116 27 73 154 124 30 213 157 190 97 176 119 114 13 138 159 201 86 254 185 54 110 93 194 24 31 75 12 61 256 160 
40 105 179 46 144 190 112 213 2 21 23 116 24 162 155 198 26 237 16 143 114 75 159 158 220 205 252 156 68 204 226 48 83 193 123 101 66 148 147 56 176 84 17 52 141 163 25 181 202 34 74 230 255 223 138 207 99 10 79 248 161 92 256 88 29 90 33 49 142 28 234 87 189 86 135 166 27 125 61 32 78 203 6 42 233 104 9 239 137 199 243 94 30 145 22 1 247 72 215 185 133 76 129 20 43 236 151 109 8 149 238 235 127 58 4 188 80 132 62 160 210 93 102 222 50 121 228 229 113 55 214 59 14 71 152 194 131 11 224 175 77 60 244 31 197 5 13 35 217 85 157 231 15 154 89 47 134 118 183 221 38 245 249 219 225 186 218 150 212 208 44 172 108 140 95 65 167 251 178 39 170 240 168 139 41 122 53 119 195 7 130 211 241 242 70 182 177 82 64 103 18 91 81 253 196 111 51 57 96 124 97 54 174 206 136 110 191 12 254 63 201 37 209 153 187 227 128 216 173 107 180 106 184 73 3 232 120 146 100 98 36 67 169 117 126 69 200 192 171 19 164 115 250 246 165 45 
207 48 2 172 231 119 187 28 88 219 143 253 140 239 79 189 120 135 41 236 100 202 234 56 194 247 117 24 230 151 49 177 10 251 238 22 252 20 163 146 160 182 138 102 31 104 29 224 121 34 227 254 124 210 106 220 12 241 94 169 50 170 125 197 54 81 32 183 244 131 132 55 51 214 141 96 256 255 180 213 107 33 233 1 30 206 191 205 237 93 157 216 71 112 80 203 248 209 36 74 212 21 243 201 156 18 136 60 113 114 184 118 13 249 69 171 46 168 190 101 97 6 218 76 128 45 159 37 38 127 52 25 108 4 105 129 15 61 68 242 58 173 64 115 181 62 208 16 57 164 196 229 67 122 158 200 155 82 99 7 145 186 250 27 161 84 116 137 232 75 92 53 17 123 221 133 240 14 66 111 165 86 166 70 215 42 65 39 179 246 73 5 90 144 98 152 130 3 109 176 43 222 175 178 139 95 83 245 162 211 204 223 9 225 85 47 167 185 142 195 11 59 103 150 134 87 40 91 23 147 193 26 126 235 35 188 89 192 153 44 228 72 8 110 226 19 199 148 78 77 154 217 198 174 149 63 
37 167 5 170 217 85 172 90 122 47 200 213 16 76 38 14 89 1 127 59 181 193 117 8 41 124 86 42 131 91 80 242 33 23 118 30 126 123 235 231 160 52 201 54 104 211 83 112 119 64 205 111 141 220 249 46 212 241 57 206 251 92 164 13 146 186 77 100 255 7 238 237 152 248 254 156 158 40 224 183 93 233 120 81 116 203 136 253 24 133 229 75 149 142 115 61 140 29 39 223 256 179 184 196 163 228 102 55 195 166 98 4 72 31 215 132 60 145 153 97 187 147 6 106 227 207 109 157 252 199 11 103 202 99 246 56 66 174 180 150 121 87 138 12 53 250 65 130 221 51 204 190 134 185 79 243 88 247 129 105 21 96 36 74 240 245 35 101 230 27 113 159 82 234 3 26 108 22 148 208 68 244 17 151 32 9 45 226 114 135 62 169 154 49 84 48 28 107 177 15 67 219 214 70 125 73 168 58 192 176 165 189 143 188 25 236 19 182 173 161 50 18 71 171 78 198 10 139 178 162 155 225 110 95 34 2 232 44 20 43 175 218 128 144 69 94 194 216 239 210 191 63 197 209 222 137 
73 101 23 216 156 8 85 205 148 245 175 173 152 117 42 174 56 221 195 122 144 111 178 36 16 208 233 88 34 104 168 141 18 53 79 100 210 171 62 20 15 153 98 55 105 190 157 237 90 59 162 198 109 197 160 138 123 241 228 52 229 113 96 50 80 83 150 187 194 54 179 243 64 249 234 214 61 170 159 134 66 256 76 41 247 103 11 119 204 106 102 140 107 32 217 230 212 40 51 115 21 33 161 3 142 75 14 89 185 44 181 35 58 222 169 151 235 227 133 135 6 121 108 72 252 71 27 28 136 128 57 81 131 120 60 99 9 200 132 154 67 125 92 176 192 38 97 219 84 130 250 215 93 77 118 4 45 226 143 206 225 126 183 158 87 196 110 255 248 91 172 209 95 129 184 191 39 48 155 68 49 232 1 231 164 63 74 94 17 220 193 46 201 65 177 207 114 24 147 30 238 25 236 186 189 2 137 78 188 5 199 180 163 240 19 239 37 251 223 246 112 253 69 124 203 139 86 10 43 166 167 211 213 47 127 22 244 7 145 224 29 13 149 70 26 202 82 165 242 146 218 182 116 31 254 12 
205 27 98 67 77 92 35 128 186 216 246 212 135 218 248 234 24 70 74 219 147 96 156 69 97 129 159 20 242 46 5 185 76 99 228 179 245 19 66 23 215 138 247 83 231 207 34 152 153 122 184 8 16 136 51 176 26 121 198 244 48 161 95 102 167 253 55 3 141 187 54 100 89 188 230 14 36 53 120 64 33 61 84 193 140 12 227 209 93 13 32 237 38 199 250 31 232 191 254 220 252 72 131 241 146 172 223 162 124 60 118 180 225 144 125 82 109 1 9 126 78 240 63 145 236 39 149 243 196 28 127 104 256 41 175 49 183 155 111 157 190 189 158 130 59 73 50 239 235 90 210 119 62 52 80 15 151 56 154 17 202 174 181 226 79 71 166 160 204 91 173 65 106 88 44 2 132 221 165 113 229 192 81 7 37 25 203 224 213 94 18 87 169 47 6 249 163 139 168 201 208 134 103 110 114 21 115 123 238 107 117 43 214 194 58 178 177 197 116 105 233 143 182 108 200 150 195 86 57 112 206 133 255 142 10 68 75 30 42 148 170 45 137 85 171 211 222 101 251 217 40 11 29 22 4 164 
162 56 70 6 18 196 256 156 24 114 143 234 44 155 59 251 35 184 61 181 140 170 145 119 86 255 13 134 112 48 60 216 224 147 207 150 87 230 238 93 27 129 63 89 78 168 49 85 110 96 43 23 236 226 225 169 133 203 109 9 221 53 158 220 41 186 105 244 83 231 187 115 36 50 7 84 253 167 164 25 250 51 239 55 127 117 107 99 161 154 19 214 189 64 197 74 142 209 72 160 11 34 235 102 240 246 98 166 65 12 103 121 76 210 212 45 90 185 179 88 229 199 237 116 206 22 157 14 159 252 249 131 211 176 26 190 8 38 30 195 141 57 247 137 79 172 193 233 128 71 101 52 191 135 132 232 62 205 130 149 165 2 245 242 144 200 228 122 138 92 20 100 68 58 219 123 75 125 248 118 223 10 66 241 182 174 21 54 91 213 47 204 198 111 28 173 218 42 17 69 171 77 40 3 29 113 73 108 227 82 163 33 31 222 81 97 178 95 152 202 16 1 46 104 37 139 15 120 80 4 215 208 5 124 146 201 67 136 126 217 254 148 151 106 39 32 177 192 153 180 243 194 94 188 183 175 
75 116 65 7 246 91 135 32 105 166 109 214 80 96 185 124 159 250 175 239 251 117 67 180 189 229 85 196 14 121 205 15 148 145 157 49 66 17 50 41 59 133 106 241 42 202 36 240 146 52 191 192 199 34 184 60 209 95 216 155 218 252 140 232 154 56 221 150 62 179 173 181 115 11 97 143 236 194 235 22 138 215 222 112 213 129 223 72 195 203 125 227 90 3 242 172 9 142 44 152 83 131 151 255 2 5 162 33 30 244 165 99 122 16 220 31 8 211 111 206 64 231 61 55 164 176 39 201 113 114 160 186 43 134 118 237 20 169 46 198 207 177 119 200 82 24 89 188 107 100 81 47 10 69 170 190 37 128 35 249 141 139 101 254 88 28 225 98 147 6 18 182 21 126 158 248 153 4 104 208 132 137 127 84 53 219 247 161 103 45 57 217 136 71 76 226 110 256 74 144 245 174 163 224 156 193 70 87 19 58 78 102 108 26 68 12 243 230 13 197 187 79 149 27 130 168 48 210 40 73 253 171 212 29 228 1 51 178 238 77 123 63 94 183 54 86 167 93 25 233 38 92 120 234 23 204 
126 168 27 101 193 89 39 117 112 152 115 187 217 228 56 9 229 6 79 36 40 256 48 11 198 120 227 125 97 54 252 230 135 144 29 211 243 105 155 205 1 241 32 68 129 7 190 163 216 166 154 161 42 119 138 253 64 233 146 249 184 63 57 143 251 88 94 80 219 22 181 45 14 5 81 220 13 201 250 173 70 102 210 248 157 99 67 52 87 109 255 236 189 153 192 149 178 111 103 254 240 84 225 195 12 182 194 221 208 82 107 110 59 66 92 147 207 37 139 150 188 222 55 191 202 215 177 23 90 133 175 113 73 50 214 160 93 72 167 142 104 134 165 245 140 47 38 16 18 127 30 60 164 174 172 183 132 49 145 4 123 180 24 35 197 28 51 86 246 179 224 231 209 213 200 203 108 74 106 83 162 247 158 156 239 185 20 128 96 31 2 218 196 62 151 53 33 136 137 41 141 15 238 75 235 19 170 159 43 237 58 116 95 100 148 8 223 124 78 77 176 232 46 44 169 121 21 212 206 186 91 226 17 131 10 98 61 244 26 85 76 118 34 65 171 199 71 114 69 25 130 242 3 234 122 204 
202 24 223 110 186 145 125 58 128 39 120 111 176 180 221 82 102 154 240 148 149 166 104 17 44 229 181 98 79 54 109 199 198 209 55 27 200 51 140 162 246 14 96 231 150 86 161 205 95 211 117 23 142 50 106 90 189 62 250 4 243 74 30 122 222 63 11 203 216 160 84 20 124 134 194 85 64 242 119 244 76 227 187 241 57 151 70 210 193 60 220 214 114 139 155 103 31 80 75 28 129 171 78 137 136 115 101 174 228 7 226 26 215 25 232 5 49 236 167 170 113 38 141 69 219 52 56 67 256 169 147 204 158 252 46 247 190 173 45 9 233 13 153 251 175 72 94 144 234 182 53 10 195 92 206 8 157 41 29 191 123 133 118 108 100 224 253 65 1 164 71 192 208 185 156 248 245 22 197 188 33 172 6 177 112 168 42 143 152 184 19 116 97 73 59 138 179 21 61 255 235 48 105 12 212 238 201 77 254 68 237 40 135 16 183 196 225 37 18 93 36 131 159 230 217 35 87 163 81 47 178 130 99 146 207 126 89 213 91 132 32 249 88 43 15 239 83 3 218 2 34 121 107 165 66 127 
163 91 226 151 133 142 222 149 105 138 237 129 50 225 64 45 120 188 81 232 252 89 139 191 128 216 254 204 145 182 34 197 146 157 201 251 40 84 122 8 203 68 94 154 29 221 30 239 92 253 152 173 5 210 60 24 71 12 250 47 87 240 227 180 56 164 186 119 70 113 236 167 147 23 171 108 209 176 26 196 78 141 121 43 107 150 36 153 57 95 181 22 31 48 54 52 66 123 11 21 117 99 67 112 82 199 256 238 228 96 131 241 115 75 33 4 106 177 134 169 233 229 244 32 235 97 20 132 144 104 195 193 130 170 175 223 13 72 172 124 55 168 46 59 202 174 189 51 53 118 10 7 102 44 211 205 246 27 2 6 212 69 80 249 18 86 136 245 42 93 248 143 65 35 198 215 16 100 243 98 200 9 165 178 109 61 137 74 25 63 140 166 255 230 76 179 79 37 185 155 15 77 159 116 114 17 242 62 160 194 207 49 85 156 220 234 206 111 213 184 162 219 158 83 88 161 41 208 1 19 247 110 73 183 101 38 3 90 135 14 103 218 217 126 192 125 127 148 190 58 214 231 187 39 224 28 
128 136 186 55 91 3 94 234 114 211 180 101 79 158 130 60 74 57 71 109 141 121 72 96 92 50 171 29 256 236 165 23 54 213 174 170 83 43 249 142 159 153 202 178 38 41 85 146 200 183 81 26 175 189 7 147 172 87 13 140 100 95 253 184 148 217 167 21 84 156 124 215 68 191 193 232 131 18 58 73 216 76 203 107 61 67 160 161 132 97 190 125 209 88 137 145 2 173 220 255 4 149 108 112 106 78 12 218 10 179 254 36 42 248 134 194 221 126 210 151 243 129 177 120 164 119 51 102 192 196 214 19 208 47 110 62 59 46 242 11 104 24 230 113 247 231 168 77 105 197 116 245 65 233 111 35 56 133 135 99 48 251 219 22 86 239 150 28 34 33 6 224 17 49 93 222 152 237 27 166 14 225 70 45 169 66 181 69 31 5 123 52 80 25 39 82 64 8 75 154 188 32 250 90 16 207 15 115 163 139 63 157 228 204 127 144 44 37 241 235 187 246 20 195 9 122 162 226 155 227 229 98 143 223 201 212 238 118 199 103 89 206 252 40 240 1 138 198 182 117 185 176 205 244 30 53 
234 94 153 17 214 256 222 59 219 170 213 182 102 198 168 91 199 239 38 228 8 254 226 68 29 178 141 180 97 100 255 148 155 216 195 223 21 70 119 23 171 207 10 218 32 184 71 96 121 73 114 115 227 225 193 130 149 209 224 173 93 217 83 183 246 11 158 25 203 143 60 164 69 215 134 128 1 72 139 232 147 43 49 18 243 37 242 123 206 86 136 144 78 233 197 67 125 20 99 58 161 36 163 142 106 66 135 177 87 26 189 53 64 131 253 181 208 245 112 252 240 107 82 140 92 14 150 241 200 151 48 111 2 65 63 101 237 229 39 174 35 50 236 103 145 30 54 122 133 167 45 62 126 95 16 154 24 175 191 251 172 15 159 57 56 249 28 61 117 52 129 113 55 238 40 221 204 44 110 88 77 248 105 247 244 162 156 19 75 4 51 166 127 212 81 138 211 80 9 185 187 146 176 169 3 12 230 6 108 235 13 74 7 231 160 31 179 194 196 46 137 118 190 5 152 205 220 76 109 157 33 210 42 165 47 120 124 186 192 79 202 250 104 84 132 89 116 27 41 188 201 98 85 90 34 22 
166 249 23 155 40 168 88 170 92 176 219 149 75 175 154 159 74 238 127 42 194 31 157 150 114 188 192 116 213 145 226 102 244 90 8 9 180 57 140 4 169 139 49 125 104 94 136 46 113 85 67 133 161 183 199 21 233 156 13 95 148 132 12 123 103 37 215 164 254 99 126 124 93 107 118 151 189 60 17 195 10 134 160 211 98 207 58 43 119 34 251 172 255 108 237 198 184 56 36 117 222 153 89 245 122 51 235 143 174 242 138 71 129 97 227 41 224 141 47 50 182 229 131 128 243 179 231 248 53 162 59 54 135 210 197 1 208 32 26 109 44 91 87 236 220 190 66 106 25 205 163 79 137 185 14 186 256 225 142 30 81 84 218 68 35 240 62 96 63 204 191 100 196 65 77 193 201 101 173 2 55 3 187 38 253 206 178 200 144 76 52 152 230 16 11 147 80 130 202 22 29 115 167 146 120 216 5 69 86 246 110 221 70 250 6 33 209 247 82 241 234 158 217 171 18 72 20 121 105 212 232 19 111 7 78 15 252 239 73 61 45 24 28 165 112 214 223 181 177 203 228 48 64 83 27 39 
133 255 12 135 171 233 119 157 60 243 246 141 117 207 67 125 249 202 145 211 49 225 236 222 179 208 216 21 20 43 163 18 115 184 71 4 70 88 219 42 129 25 193 240 38 161 57 113 118 44 114 83 94 153 23 104 55 204 226 160 105 89 223 101 45 106 232 248 185 41 177 126 201 132 137 190 10 143 128 30 181 6 31 110 123 235 242 2 56 47 224 7 26 48 84 80 253 40 194 136 155 165 195 217 180 186 16 215 247 102 149 37 205 58 167 238 22 29 15 28 52 182 124 36 147 188 175 116 85 200 196 8 68 92 169 51 9 96 33 212 172 229 218 241 74 14 130 227 150 59 39 5 234 122 220 35 209 108 13 77 81 148 32 63 120 62 61 144 228 53 237 230 139 127 17 112 178 152 239 109 250 221 3 100 214 90 203 183 252 91 176 64 99 158 231 151 97 245 54 197 170 46 93 19 199 73 1 72 192 173 82 189 75 107 166 34 191 168 138 121 86 69 103 95 198 131 27 210 78 111 187 65 87 174 162 24 50 140 142 154 134 98 66 244 79 251 159 146 254 11 164 206 156 213 256 76 
93 164 230 238 241 91 52 197 98 36 137 103 89 63 180 73 156 3 150 232 191 122 110 136 6 9 212 22 125 211 105 245 176 43 38 216 58 203 163 240 32 152 124 64 92 76 115 205 57 35 109 84 174 250 127 153 111 47 172 226 146 28 56 151 60 70 40 237 59 100 173 48 112 158 234 34 213 194 69 96 119 16 144 65 227 46 239 254 218 44 87 139 228 233 121 116 104 27 41 200 157 72 244 24 219 134 142 147 1 184 17 50 49 221 25 160 135 128 229 15 204 140 23 206 201 133 113 120 247 183 224 190 126 231 86 235 78 88 223 79 77 193 90 154 209 74 246 132 19 30 252 61 148 214 141 14 187 31 178 196 185 53 243 5 11 175 195 75 13 94 80 210 97 253 207 82 101 168 169 208 55 222 118 248 108 29 117 242 130 21 114 181 189 159 45 165 2 162 155 199 198 71 236 186 7 170 166 51 215 249 171 106 167 255 131 145 83 81 188 26 217 161 42 39 10 225 68 4 99 179 37 202 33 66 20 143 62 251 8 18 138 129 256 123 85 67 220 95 192 149 12 177 54 102 182 107 
123 17 254 2 170 173 37 244 51 224 136 209 68 108 99 70 152 139 82 84 101 86 205 239 135 164 132 174 24 64 98 137 134 167 122 211 204 91 242 53 222 27 247 97 28 9 116 251 110 44 246 171 250 62 183 162 10 45 100 191 230 182 15 43 129 7 75 78 61 93 190 238 119 76 39 130 176 148 69 30 234 13 67 157 124 196 117 80 133 175 29 159 141 72 21 233 109 96 47 232 48 156 177 22 127 169 81 46 1 253 63 214 144 8 245 208 160 197 255 226 103 185 56 26 42 181 225 33 106 189 35 66 146 50 147 55 219 220 180 158 59 90 216 4 41 243 34 104 83 14 112 236 38 223 94 85 6 105 165 12 120 140 11 213 36 52 57 187 163 166 71 19 149 16 126 218 32 210 188 60 228 179 18 74 194 125 113 107 49 203 215 23 248 95 150 131 138 143 128 186 235 199 256 195 115 145 212 231 178 221 252 89 65 121 142 31 114 20 184 237 58 200 161 202 206 229 3 79 207 198 153 240 111 118 193 88 151 227 172 155 102 201 168 5 87 192 73 241 154 40 54 249 25 217 77 92 
199 149 152 111 206 183 135 93 238 97 77 79 210 224 15 67 25 193 205 231 170 116 157 204 256 60 81 125 228 13 49 100 35 226 185 118 131 233 84 209 144 166 12 254 41 203 103 177 114 196 23 156 71 202 214 124 99 222 132 243 191 252 122 29 187 68 37 22 38 251 61 30 65 48 167 70 175 19 227 27 246 78 88 240 74 134 107 8 53 26 245 148 66 171 119 52 16 98 7 155 147 229 181 247 72 232 158 90 31 249 50 163 75 62 104 20 1 198 76 5 55 73 110 45 192 42 194 82 6 33 34 130 218 186 95 101 212 253 14 43 80 121 127 230 207 32 235 136 40 241 137 24 164 108 133 44 63 165 178 244 123 18 154 89 141 213 10 236 208 69 91 211 56 160 153 102 138 109 2 51 172 219 250 223 195 83 117 239 169 197 4 162 180 9 87 112 201 184 188 220 11 234 189 159 57 190 94 64 3 128 179 216 106 168 47 176 221 173 140 237 255 85 143 139 242 126 145 142 21 113 28 39 129 200 54 17 174 36 151 46 58 182 120 248 217 115 96 59 146 105 225 86 215 150 161 92 
94 149 40 9 163 73 210 23 197 34 1 126 222 241 129 66 74 202 196 195 98 247 36 50 100 167 101 52 157 236 61 243 60 63 84 164 7 27 53 88 150 42 158 45 76 80 20 33 131 108 216 6 17 201 87 4 137 233 205 59 89 217 71 117 134 176 155 132 224 177 152 253 32 124 234 139 168 99 3 138 146 35 10 184 230 18 190 114 46 44 48 79 251 249 130 209 213 147 148 68 214 107 194 199 111 21 12 39 135 173 119 104 185 207 28 228 226 25 110 160 250 151 8 256 55 159 91 11 64 232 145 81 183 211 237 103 67 26 140 170 206 245 248 58 203 13 112 90 96 97 181 113 82 208 30 198 15 54 186 187 144 14 69 180 49 120 118 57 136 116 172 221 31 106 38 125 154 47 142 156 141 62 143 51 189 16 219 212 166 175 229 102 93 22 235 238 78 227 72 225 218 109 105 86 127 123 165 161 171 95 56 169 204 2 242 41 128 70 255 192 83 19 122 178 5 29 179 85 223 252 133 215 254 239 121 188 240 200 65 231 115 174 246 244 153 191 220 182 92 24 162 193 43 77 75 37 
92 161 86 49 173 220 152 97 66 142 60 38 147 14 138 43 255 46 203 63 174 250 23 29 7 230 246 186 54 206 222 96 95 254 126 183 191 156 187 148 189 237 80 67 164 212 137 249 214 221 247 5 125 34 15 122 112 192 17 33 77 175 52 168 42 193 13 229 253 121 238 35 64 1 169 90 41 45 256 85 116 74 22 141 198 210 171 242 128 101 153 170 11 71 215 131 26 196 207 9 4 79 109 233 182 16 167 19 25 94 181 136 201 217 139 47 160 132 176 84 93 199 91 194 223 117 202 209 225 68 130 50 211 235 177 98 159 55 72 154 57 123 27 179 165 44 82 204 208 118 145 241 8 62 180 184 216 134 107 65 150 133 56 51 83 205 10 213 24 108 240 28 36 120 113 127 89 104 6 12 114 40 76 252 149 59 39 119 3 48 37 102 100 163 185 115 32 218 111 166 195 143 73 146 110 200 140 162 103 158 248 219 31 245 178 197 69 106 58 99 135 228 70 144 2 231 227 188 129 124 53 234 251 155 81 190 244 172 105 232 78 226 75 18 21 151 236 224 239 87 157 61 243 20 30 88 
127 156 256 231 92 65 120 44 78 19 115 241 233 51 235 36 56 113 16 249 195 5 238 67 13 250 110 12 125 57 189 130 239 86 84 103 126 64 246 18 128 99 68 152 151 185 145 198 175 29 88 212 105 222 223 194 224 60 202 164 144 192 155 172 179 48 69 76 71 15 52 220 218 153 216 203 3 30 11 219 1 240 62 230 169 206 180 228 160 215 17 4 193 26 168 109 136 101 94 213 226 181 140 58 55 37 163 123 42 95 108 229 24 176 32 214 100 134 2 217 252 39 147 133 142 121 47 122 59 96 188 50 161 90 247 129 124 177 6 141 150 75 225 170 87 135 166 74 70 208 243 61 137 197 167 21 253 232 200 148 80 91 187 201 132 31 102 85 93 234 186 248 117 242 114 244 171 10 131 162 7 83 112 143 98 139 28 77 41 45 207 22 154 237 227 251 221 35 183 34 184 53 81 199 254 97 191 149 14 79 111 72 27 43 66 190 107 173 104 157 89 174 255 159 196 40 178 25 49 9 82 138 33 8 209 205 23 73 182 245 158 211 210 20 46 236 165 116 204 38 119 106 54 63 146 118 
14 44 168 184 177 51 189 174 105 139 195 141 146 149 172 253 218 16 153 143 242 155 223 57 23 22 256 254 229 193 103 82 240 161 1 6 236 124 123 79 60 135 80 144 53 52 160 37 46 179 70 69 251 75 248 133 50 101 85 64 104 151 181 65 94 166 182 156 3 163 247 180 138 185 207 59 187 12 66 126 244 130 49 28 209 227 113 232 107 165 210 32 31 233 197 47 13 170 56 215 150 134 102 18 108 203 86 159 190 252 127 91 230 87 125 72 219 119 88 145 129 175 39 120 77 15 245 96 110 61 171 122 95 205 194 26 35 202 136 176 186 5 239 58 173 114 217 183 137 162 191 221 115 157 204 30 99 216 83 41 93 74 212 243 148 142 118 228 121 8 40 25 246 213 235 19 206 10 188 154 132 109 231 11 152 147 111 106 164 9 98 73 90 117 2 36 42 78 92 249 167 24 112 196 226 198 116 199 250 241 201 224 62 76 211 71 178 43 20 128 17 67 45 21 169 7 27 234 238 208 225 255 38 68 48 100 192 84 158 55 140 89 4 29 63 237 220 131 200 81 222 34 97 214 54 33 
223 142 105 237 138 61 126 65 44 251 69 244 43 137 16 15 21 90 71 128 232 205 11 157 72 193 127 25 98 32 245 168 188 246 28 171 125 53 77 226 59 256 8 219 228 136 139 104 13 146 176 115 187 18 74 200 95 130 154 174 9 40 17 30 165 91 19 252 23 6 46 49 111 39 54 181 33 238 118 145 209 82 167 233 78 58 220 213 45 229 31 38 178 211 203 29 26 99 60 47 100 180 216 250 81 123 163 67 235 141 143 86 107 134 52 88 144 155 201 224 42 64 27 76 197 236 132 55 151 248 3 24 56 96 2 182 218 195 116 131 175 186 114 204 202 179 240 185 207 117 169 140 22 239 83 192 36 20 152 12 101 103 199 254 75 10 156 221 121 255 150 234 183 70 217 62 135 164 120 79 1 161 194 5 153 198 41 172 227 241 196 225 87 102 249 212 85 92 122 162 173 48 170 147 57 159 84 14 119 35 191 63 231 206 133 222 109 215 210 7 230 253 189 160 158 208 94 80 166 110 243 129 73 106 68 50 89 177 148 124 184 247 97 93 66 4 113 108 190 34 149 51 112 37 214 242 
108 185 91 168 154 175 242 13 113 89 158 184 130 197 141 23 124 55 211 62 88 247 105 214 147 77 99 164 69 6 155 14 229 27 238 202 226 7 103 32 218 116 138 95 160 26 45 134 100 60 227 207 143 117 112 250 173 145 233 252 166 228 84 47 35 18 131 73 67 21 198 54 52 53 196 39 59 126 82 81 63 190 178 209 224 123 86 200 136 68 79 15 179 16 244 72 199 17 106 78 22 204 174 8 44 50 43 2 101 49 5 28 212 125 243 150 137 128 176 195 56 48 104 188 87 10 231 191 165 70 220 156 239 182 61 201 159 41 75 193 249 225 180 210 37 129 144 76 151 256 140 29 102 71 194 251 110 121 107 51 235 119 36 42 148 24 19 213 222 64 115 177 157 149 245 118 240 255 40 34 1 216 90 11 181 132 25 122 248 192 189 111 187 215 221 163 38 92 208 219 98 236 74 66 57 167 241 85 46 65 142 183 171 31 127 120 96 97 246 162 30 237 205 109 161 170 135 152 33 153 80 12 253 217 94 254 234 93 9 3 230 203 133 114 223 58 83 139 169 206 146 4 172 186 232 20 
252 108 74 93 225 201 68 233 254 50 61 156 202 44 208 91 142 99 212 176 194 162 23 158 71 76 222 155 183 152 67 200 29 172 13 230 19 193 95 181 221 251 189 145 153 35 27 169 122 168 39 33 247 52 241 120 165 129 55 198 197 235 83 104 26 246 177 37 182 240 228 166 49 82 191 128 65 77 249 89 148 180 210 57 113 73 253 159 236 232 14 174 46 132 1 9 223 227 146 160 79 215 70 85 242 214 220 3 147 224 56 211 41 86 234 47 98 111 231 206 18 255 196 119 115 188 34 53 21 173 45 131 8 134 143 75 80 72 90 243 157 138 217 187 121 149 154 118 62 7 248 178 12 116 137 2 107 30 184 226 28 100 139 109 105 97 101 164 151 161 31 204 238 103 209 11 167 124 170 218 163 250 216 87 51 136 48 130 192 78 38 141 195 94 123 114 203 102 64 140 16 117 88 150 59 81 199 69 256 245 106 6 22 15 60 179 20 36 84 125 207 63 186 4 213 10 92 239 237 112 5 135 144 126 219 185 133 96 110 66 171 175 190 127 54 25 205 42 43 32 40 229 17 244 24 58 
22 149 181 193 10 158 208 174 216 239 196 177 77 137 207 58 100 14 121 93 54 60 148 59 3 141 28 228 243 34 140 182 209 46 102 112 145 246 210 156 67 17 231 251 53 199 254 130 183 106 256 48 70 7 115 65 167 117 136 198 220 26 57 244 20 6 175 1 97 18 247 192 200 123 119 171 37 98 104 163 214 87 25 144 114 170 159 38 35 164 253 133 165 63 143 43 151 40 154 15 110 234 83 157 195 32 238 113 125 8 173 248 61 69 203 202 255 129 215 224 52 11 84 186 50 206 91 118 240 178 64 176 89 168 219 127 241 94 74 2 230 250 252 232 233 105 103 62 30 218 226 47 138 107 197 82 72 45 86 147 146 108 190 139 142 122 96 5 180 21 184 189 169 56 161 42 66 245 217 160 76 211 92 221 153 99 116 166 109 223 16 155 75 4 191 204 23 205 27 79 111 120 185 39 49 126 179 213 229 201 9 71 41 55 135 227 12 172 90 31 73 95 128 131 237 85 212 88 51 29 80 124 162 249 13 236 187 222 242 36 78 188 81 235 33 150 44 152 134 101 24 19 68 132 194 225 
230 58 232 152 134 221 215 228 131 117 35 77 127 89 205 118 85 224 208 121 102 148 159 213 238 40 246 187 219 254 64 220 81 63 110 65 68 229 185 242 171 206 45 143 66 166 154 130 60 112 243 27 145 173 180 120 95 69 186 55 75 122 247 237 73 79 137 33 88 16 146 96 225 53 114 34 83 17 210 155 38 62 136 253 5 226 193 41 54 179 156 59 191 133 116 174 157 43 194 7 31 236 196 241 103 216 111 30 129 10 222 245 25 172 255 108 201 20 223 98 70 29 211 19 218 183 2 47 101 184 37 162 94 107 251 249 92 4 82 177 198 3 48 203 161 84 67 231 15 175 23 181 11 8 151 227 233 128 212 105 163 86 150 115 12 125 1 189 14 21 13 18 119 97 42 239 214 199 182 178 234 36 44 28 147 39 135 80 72 26 165 71 170 204 195 235 139 169 149 126 256 78 91 141 244 100 46 123 200 190 99 113 192 24 250 132 240 144 104 142 202 61 160 93 50 74 106 32 109 76 248 176 138 140 158 124 57 22 90 52 167 197 56 168 153 209 217 51 252 188 6 207 87 164 49 9 
70 182 23 105 183 199 84 29 188 153 82 122 193 178 103 240 15 209 246 97 221 158 71 126 164 156 165 155 41 132 255 222 202 5 179 147 62 34 218 24 45 9 79 27 200 190 86 167 227 100 13 254 22 98 136 243 11 234 107 104 173 18 74 42 72 247 140 135 130 47 219 124 127 151 204 61 109 68 17 26 112 94 32 239 229 111 184 149 31 224 194 99 3 148 201 1 251 238 231 117 210 60 119 37 223 59 65 43 101 36 92 174 89 168 49 252 78 211 230 115 213 232 63 228 39 177 256 216 57 205 186 192 51 198 58 16 154 245 172 241 207 249 35 108 90 91 236 110 152 120 30 106 206 189 131 66 242 225 95 133 53 134 195 197 21 159 137 55 187 87 212 161 54 75 176 123 7 248 113 171 125 220 196 116 4 217 48 6 118 114 85 244 69 150 253 20 145 129 203 46 25 76 163 185 40 233 56 80 175 157 93 19 160 77 83 180 235 139 88 142 169 96 8 12 128 10 44 215 144 237 141 28 162 146 170 14 52 33 81 138 208 73 121 166 38 67 191 143 214 250 102 64 2 181 226 50 
72 213 235 216 219 161 188 4 196 232 84 210 224 19 70 241 190 146 221 136 152 212 33 148 170 227 125 77 176 67 245 135 238 143 220 237 10 223 229 169 184 22 78 186 3 120 54 66 35 11 244 256 118 132 239 255 23 202 253 157 15 246 185 97 217 162 154 127 99 1 96 5 31 43 205 76 59 50 51 34 106 208 156 2 39 38 218 92 25 121 171 231 83 100 85 27 139 183 48 7 242 207 65 243 206 94 36 155 95 165 142 30 112 214 194 124 158 13 180 9 151 140 91 197 12 138 252 131 181 57 187 45 24 159 145 82 129 108 109 101 26 17 222 89 211 126 240 117 114 251 60 209 111 107 58 177 204 137 200 182 163 68 93 174 179 147 86 61 88 64 42 105 74 192 110 18 6 8 128 49 47 79 236 98 21 41 225 52 226 55 73 133 175 14 29 44 189 102 90 198 191 215 233 53 122 160 203 248 123 150 75 87 130 56 173 168 81 40 46 103 195 201 28 141 20 62 172 230 16 228 119 115 167 199 32 63 116 149 178 71 254 113 144 193 166 69 234 153 134 250 249 164 247 80 104 37 
25 243 244 210 64 172 49 251 142 195 26 204 236 189 182 151 114 245 10 6 87 223 134 101 188 242 209 39 217 78 29 8 41 73 118 106 160 234 165 32 215 79 200 222 21 97 54 203 111 113 139 253 138 174 93 119 94 50 109 68 46 120 38 180 18 144 140 58 30 148 22 9 229 112 233 108 241 37 14 125 191 24 85 42 60 161 65 177 162 63 171 190 170 20 155 122 221 43 107 166 129 230 57 74 192 33 167 103 154 31 16 121 53 240 131 117 123 110 168 84 213 212 4 153 137 130 193 55 249 133 61 186 238 80 187 198 3 95 48 126 72 252 128 70 15 36 100 59 105 237 184 207 201 83 86 45 227 225 115 92 226 175 127 149 146 89 211 17 35 183 255 104 254 40 176 194 178 250 51 5 116 179 247 224 150 13 34 206 62 169 256 231 99 246 135 239 12 156 220 76 124 91 196 96 47 27 228 143 218 88 235 157 173 202 98 56 214 77 141 185 7 208 145 11 197 205 28 163 71 232 2 102 219 52 19 132 216 199 181 164 90 248 136 159 1 67 82 158 69 66 44 152 81 23 147 75 
118 188 243 19 151 28 232 85 143 98 93 21 52 109 239 139 169 187 1 11 94 36 30 228 154 179 180 111 208 46 165 246 214 134 185 64 244 100 121 104 131 112 62 12 99 230 162 137 41 144 136 250 163 252 51 196 156 14 181 54 26 33 67 119 72 197 190 235 7 47 198 237 58 127 161 175 32 191 149 225 79 240 132 211 170 77 113 171 74 200 84 166 123 75 92 78 182 220 177 194 184 76 90 18 130 195 135 222 150 102 20 35 183 140 49 204 189 241 66 216 60 206 207 147 217 141 128 253 172 45 229 120 193 205 2 192 125 22 164 238 13 251 178 71 69 233 3 37 256 223 8 133 116 17 55 236 4 56 88 219 152 160 199 10 201 73 126 80 167 25 176 231 227 129 82 106 5 122 31 174 105 117 110 148 59 83 186 50 142 210 68 108 202 221 63 34 87 89 212 43 226 57 215 40 27 29 42 23 115 15 173 254 44 153 203 70 209 81 245 91 158 224 96 48 138 39 95 213 9 157 146 61 114 97 247 103 242 249 16 159 86 24 65 168 218 6 101 145 234 124 107 38 53 155 248 255 
46 50 255 175 250 170 239 39 133 182 72 187 160 8 172 193 58 139 146 251 101 108 256 227 18 97 23 177 204 208 215 52 5 89 157 252 191 134 181 26 184 197 145 99 102 230 213 9 126 60 59 4 53 132 35 195 137 161 61 69 45 74 124 127 224 105 153 188 92 44 112 236 179 56 111 159 51 235 38 6 107 2 120 222 29 198 34 114 155 70 173 138 151 40 30 65 207 171 150 244 25 113 36 21 68 106 93 109 214 232 55 228 180 168 169 240 28 16 162 152 233 57 41 81 166 229 117 67 237 118 140 42 185 71 96 205 88 158 15 192 220 128 245 221 209 206 135 190 178 22 63 231 94 54 100 165 142 119 64 154 17 144 31 196 123 76 226 203 104 238 49 27 129 13 249 85 43 174 246 243 14 202 247 163 156 62 131 210 110 199 48 83 115 122 253 149 33 1 98 79 121 200 186 141 10 201 84 12 11 194 242 82 217 7 24 37 78 254 125 223 143 225 66 77 73 183 91 164 234 130 212 136 216 211 32 80 19 86 87 167 241 20 103 116 75 90 189 248 219 176 148 95 147 3 47 218 
18 81 16 246 165 148 21 138 30 28 87 162 197 240 84 116 194 179 160 49 129 130 31 66 44 11 17 62 147 149 101 70 73 234 139 55 43 221 195 256 117 127 199 121 125 212 229 39 35 214 204 32 108 79 150 34 211 225 244 71 98 152 29 144 9 207 206 110 250 230 131 97 93 105 10 164 50 13 189 218 223 59 72 37 220 247 1 42 158 155 224 136 24 109 252 20 111 231 196 88 45 190 89 95 174 7 185 217 77 180 58 114 123 236 182 85 126 205 216 203 119 99 167 22 177 187 19 57 64 118 253 63 48 6 222 52 202 91 100 154 172 92 26 112 248 53 46 115 5 161 228 210 96 243 128 159 141 233 38 2 192 181 23 90 74 33 134 186 209 8 255 241 170 183 113 75 61 169 235 51 69 171 176 68 227 47 54 175 41 237 133 200 153 83 215 80 122 103 219 201 132 120 178 78 168 245 157 173 76 142 56 25 238 251 137 4 188 242 60 3 166 27 226 67 65 106 151 193 156 239 208 36 140 254 86 12 232 124 145 104 146 94 40 198 163 82 184 107 213 15 249 191 14 102 135 143 
99 230 105 53 231 201 149 249 152 187 116 256 66 54 92 240 60 42 146 176 173 156 69 57 171 247 67 32 76 124 160 72 123 21 119 206 59 56 178 252 33 125 190 121 141 172 248 19 226 150 134 68 217 254 128 251 71 9 43 238 196 83 118 15 70 147 122 35 16 7 127 77 188 20 155 85 24 101 34 22 161 221 209 102 11 115 82 107 164 12 3 29 103 44 229 191 145 45 193 144 203 158 233 96 46 74 159 8 81 39 10 5 133 55 154 211 137 194 168 47 139 212 6 165 28 255 228 87 26 30 205 104 202 18 192 129 52 73 63 25 132 167 227 93 184 235 222 170 14 219 48 186 136 114 64 166 131 220 90 179 153 120 148 183 126 142 216 246 199 13 189 112 140 38 50 213 180 86 135 97 4 198 80 109 61 239 41 100 2 106 236 169 185 51 79 78 157 244 65 215 207 113 232 218 17 214 151 210 200 224 250 241 175 243 174 181 195 197 143 40 162 242 75 204 58 253 223 177 110 84 62 49 31 88 208 94 130 111 1 117 89 234 225 91 163 138 182 245 108 37 95 23 36 237 27 98 
203 191 207 256 200 11 148 232 3 98 45 160 221 24 123 85 151 104 88 78 223 39 130 64 250 89 168 199 121 245 225 22 255 195 251 240 101 159 145 48 126 25 166 14 194 12 47 144 202 141 227 222 242 61 58 34 193 13 206 9 197 125 35 175 249 212 161 107 216 66 42 205 210 178 152 46 111 243 169 247 185 27 38 116 16 215 99 55 176 65 218 129 231 50 60 219 43 217 106 52 76 97 136 139 33 81 117 244 214 236 228 69 18 209 95 91 208 79 82 110 96 54 132 80 198 40 118 103 167 62 32 68 74 140 51 21 8 75 164 92 173 53 37 120 204 93 63 146 6 59 113 174 147 115 246 102 100 36 5 182 10 172 119 224 105 188 156 56 235 90 30 19 230 162 87 71 131 239 127 149 26 179 134 83 84 109 226 108 248 150 253 254 67 44 124 20 180 201 1 135 94 177 57 187 241 114 229 4 163 137 170 49 17 70 29 28 171 165 122 213 190 143 183 192 133 154 31 15 2 155 153 7 184 157 196 142 158 86 41 252 234 77 23 238 233 186 112 73 189 181 128 72 211 220 138 237 
94 26 132 166 203 227 233 187 140 129 72 91 139 131 41 33 68 252 141 240 130 173 229 60 194 175 15 43 127 159 116 220 179 78 51 84 151 3 49 111 32 154 65 243 158 134 67 144 136 177 125 103 165 55 70 255 39 196 100 185 76 123 8 30 215 228 242 239 119 28 128 6 9 135 4 58 112 44 36 251 246 120 168 66 170 181 182 198 190 38 226 171 183 230 236 174 207 221 113 42 138 149 35 205 80 52 237 121 86 97 85 193 69 102 150 12 160 164 63 235 108 11 14 99 249 93 88 74 180 101 250 142 23 206 214 48 137 224 223 184 244 109 157 20 189 218 81 145 241 105 156 253 5 29 25 19 153 75 18 1 211 169 254 143 106 245 133 232 201 61 83 37 204 161 213 92 73 202 47 24 210 82 197 147 77 89 27 122 96 126 200 57 22 7 117 10 188 209 234 195 59 192 146 208 34 16 54 186 21 40 46 62 53 212 13 87 64 45 216 217 225 2 256 110 79 104 199 231 17 90 148 176 115 155 107 178 222 56 118 162 95 152 124 31 172 163 191 71 50 98 167 248 219 114 247 238 
150 29 235 89 188 67 236 110 252 181 159 153 232 174 206 30 170 105 25 93 61 237 227 221 155 98 246 1 17 112 33 87 250 54 32 106 225 121 180 187 192 165 142 224 207 75 178 135 34 125 53 37 166 51 243 196 102 240 127 23 123 195 219 107 147 200 128 241 134 60 190 209 80 201 94 149 38 45 152 146 79 77 97 143 48 255 164 118 193 115 9 6 177 220 74 83 154 256 47 15 144 35 100 254 3 183 26 5 50 24 162 189 251 172 203 131 222 168 103 124 247 213 244 43 39 7 248 202 185 204 19 104 132 126 141 114 70 58 71 81 42 68 137 223 86 139 245 62 27 212 214 8 161 22 140 66 157 158 136 151 179 129 59 145 10 56 64 72 216 14 36 233 117 156 249 217 18 215 108 182 160 57 76 194 120 88 229 133 239 101 242 231 205 226 31 4 92 171 111 49 253 13 82 73 78 2 113 210 148 91 20 228 208 184 175 176 238 173 46 197 44 41 63 130 186 28 69 167 65 211 234 11 40 84 218 16 99 169 199 191 55 119 12 116 122 52 21 163 138 90 230 96 198 95 85 109 
47 241 210 50 12 129 196 166 171 46 41 70 141 225 217 148 212 223 96 28 159 67 149 235 21 92 82 65 167 8 4 216 71 60 58 34 234 175 35 36 205 244 101 9 38 83 249 172 133 10 95 64 187 13 49 74 42 164 117 78 137 73 113 146 220 103 203 1 142 115 221 19 62 186 124 236 112 163 104 122 191 215 45 230 24 114 85 165 2 227 63 37 228 189 192 107 179 53 188 161 240 11 81 154 93 194 153 88 231 252 253 89 243 99 174 168 22 55 118 132 131 123 15 255 108 31 152 214 229 119 51 204 84 202 126 251 94 17 237 80 250 160 77 111 121 18 208 135 173 162 98 56 16 207 102 176 105 116 61 57 222 32 226 245 33 209 6 5 25 29 109 199 97 27 145 232 125 246 90 7 182 155 156 169 127 238 54 120 72 198 151 110 43 147 20 201 184 178 140 247 26 195 139 183 91 181 197 170 211 44 59 40 242 256 138 190 144 75 157 219 86 143 79 200 177 218 206 87 248 69 39 150 239 158 52 128 14 213 76 134 68 185 100 193 130 3 254 106 48 136 233 23 30 180 66 224 
169 204 187 100 211 222 38 234 57 126 173 69 148 190 227 217 240 12 87 42 229 11 215 43 166 4 49 205 40 171 256 121 68 239 165 120 199 141 181 252 249 220 150 202 195 206 48 13 170 90 83 2 73 52 65 85 25 44 164 247 203 253 61 242 66 212 113 31 102 114 17 168 93 118 103 28 77 244 27 112 224 232 117 32 81 80 179 18 33 147 127 236 115 142 246 137 154 10 67 226 230 14 213 45 180 106 194 19 228 146 86 144 50 123 21 23 128 145 151 41 75 191 9 58 105 130 182 177 82 136 72 110 255 223 245 37 39 22 15 96 225 134 78 243 156 124 95 63 84 108 133 231 70 183 24 91 143 138 125 200 160 237 64 163 209 55 196 99 131 158 214 3 62 109 189 172 254 192 107 122 101 36 188 152 94 132 6 135 20 16 233 184 71 235 89 175 88 174 97 104 34 248 167 30 210 251 250 56 111 60 98 74 79 185 116 208 161 46 201 198 193 8 157 155 54 162 47 219 51 119 176 53 92 186 139 159 7 216 241 218 178 5 76 59 207 197 35 238 149 1 129 26 140 29 153 221 
179 204 256 2 234 13 123 154 94 74 143 241 78 254 147 238 201 163 124 200 202 99 75 105 145 170 108 10 206 226 49 161 216 126 113 111 64 56 41 247 248 11 190 131 98 218 192 229 65 146 144 135 243 14 138 62 68 239 252 44 127 158 95 159 51 121 106 119 150 191 188 221 240 122 184 18 139 91 24 15 112 114 151 20 213 242 211 197 52 195 219 178 180 61 137 27 205 194 175 232 149 225 32 76 101 100 93 69 40 110 171 134 196 103 136 34 88 189 81 84 104 102 160 129 182 85 174 223 53 67 30 185 50 87 21 46 245 116 198 230 23 220 155 244 72 86 57 181 60 39 12 48 97 42 109 29 77 83 118 117 47 222 224 217 156 3 215 66 183 152 33 71 193 253 168 176 58 1 251 25 89 166 164 130 187 162 233 90 5 59 133 236 6 9 80 8 212 249 214 28 173 153 199 169 132 167 31 207 63 125 227 203 70 228 177 141 16 128 79 172 17 36 4 120 140 237 37 186 142 38 208 19 92 210 235 231 55 250 148 26 115 22 157 54 73 209 35 82 255 7 96 45 107 246 165 43 
70 119 182 60 33 48 28 58 153 145 72 4 2 173 46 177 78 223 101 59 54 108 213 245 81 164 91 11 148 102 195 71 200 99 79 154 141 204 215 184 117 252 43 167 18 233 239 205 19 82 162 220 51 129 231 203 175 29 47 188 140 30 100 113 56 237 115 253 168 238 183 9 163 229 134 242 49 193 126 86 114 24 187 74 202 52 121 172 185 232 219 25 133 169 170 136 178 1 103 199 98 85 176 247 38 39 67 22 5 156 201 63 171 109 256 127 32 15 37 218 110 87 139 14 196 6 8 66 95 194 150 65 144 73 137 123 236 186 120 77 45 147 55 155 151 116 42 166 152 27 146 246 16 23 93 191 61 80 241 255 216 34 41 20 132 135 190 13 131 244 160 230 250 159 124 57 7 227 96 192 89 94 50 118 206 208 222 3 228 254 90 64 143 251 26 209 12 217 62 92 224 125 10 157 161 149 207 165 53 44 69 40 138 210 84 189 111 158 36 174 211 181 128 35 234 225 212 179 235 112 130 31 83 249 21 243 197 122 88 240 68 180 226 104 75 198 248 221 106 214 97 105 76 142 107 17 
117 120 172 163 185 20 64 203 17 35 220 49 11 8 177 13 137 186 101 116 81 218 141 10 250 127 103 226 69 231 66 96 227 200 151 79 230 71 32 18 131 156 255 15 86 245 104 118 40 53 75 126 43 133 106 223 153 24 228 170 204 37 214 70 78 48 125 252 59 41 241 5 122 12 73 55 82 149 87 27 16 159 143 6 180 130 54 110 187 208 211 253 90 147 240 235 77 25 132 61 152 202 167 95 58 135 206 14 146 251 144 193 197 173 33 157 29 105 94 182 23 178 164 76 88 26 217 19 194 138 91 215 85 89 107 1 232 169 68 190 42 224 201 205 199 65 175 154 207 256 83 136 9 98 188 174 67 128 63 92 222 161 36 249 60 72 179 46 97 237 124 233 210 168 243 119 142 111 155 50 28 247 246 38 165 229 181 145 47 216 192 93 51 129 121 113 31 184 30 84 4 22 112 123 109 236 158 7 80 234 209 221 150 213 196 238 219 239 225 134 191 244 248 39 160 74 114 140 44 52 2 102 45 176 57 115 254 189 139 21 34 99 198 162 108 166 212 148 195 56 183 242 171 100 3 62 
94 140 51 72 76 185 249 6 114 147 254 21 91 189 134 181 115 161 205 23 204 98 156 141 237 60 224 14 151 55 233 103 93 128 50 252 194 222 220 30 33 97 111 120 146 175 248 187 79 125 47 81 179 208 158 86 16 229 82 3 10 192 26 172 52 240 48 67 110 74 109 145 80 18 64 63 62 54 87 116 12 39 170 13 139 42 90 152 143 174 245 201 124 206 66 244 121 150 195 78 177 198 2 104 211 239 153 215 70 135 227 105 7 148 89 157 73 11 28 37 132 15 24 160 46 27 163 241 107 133 226 162 58 101 75 20 99 193 126 41 127 202 231 255 118 173 119 144 96 243 106 217 180 117 253 131 188 95 29 40 77 203 19 5 210 88 149 69 197 184 169 137 247 112 171 4 56 183 190 213 1 31 234 34 71 9 65 200 92 8 238 36 182 250 159 22 191 129 53 43 165 59 154 166 85 178 83 123 25 136 38 167 216 218 223 256 228 32 186 230 246 49 232 242 221 214 219 164 196 251 44 207 68 57 61 84 212 199 235 102 225 100 130 209 45 236 142 113 138 108 176 17 35 122 155 168 
9 136 232 250 168 40 234 146 62 193 23 74 101 239 137 174 166 149 95 134 233 64 183 113 41 159 82 200 229 58 145 123 54 132 165 147 206 26 72 94 96 251 127 27 181 103 208 220 80 121 120 170 241 35 86 128 160 55 59 256 57 201 226 25 173 158 248 117 228 104 2 213 231 254 152 22 7 60 109 235 102 171 156 243 116 176 142 32 63 225 46 247 100 5 31 253 71 185 4 155 169 196 30 52 182 78 191 79 227 161 164 135 194 255 245 111 70 66 197 129 36 187 184 85 237 140 110 195 43 24 6 188 223 138 107 14 211 81 11 224 99 179 246 8 172 151 51 68 144 214 75 89 177 139 124 34 153 37 222 91 29 106 207 3 28 131 83 21 252 180 105 148 13 48 92 53 162 190 12 50 198 17 202 88 192 61 186 236 69 56 87 240 157 84 76 47 119 20 114 143 219 118 44 115 199 178 150 163 93 126 122 15 230 205 73 203 238 65 141 108 112 175 39 16 1 90 217 97 167 49 45 204 215 242 98 133 67 218 77 10 125 33 130 38 18 249 189 209 221 216 212 19 244 210 154 42 
228 94 244 249 221 91 198 238 252 105 29 178 92 120 40 215 206 132 133 110 226 245 56 65 144 74 115 171 142 169 138 10 175 227 182 186 208 231 197 1 200 188 199 23 219 55 168 114 3 179 164 192 72 131 141 7 89 220 207 194 196 250 236 172 239 154 17 255 27 96 24 237 87 235 9 100 230 183 98 225 122 229 209 6 11 59 153 143 205 62 140 160 253 233 121 177 57 26 33 88 189 68 224 234 2 39 218 78 243 167 113 213 165 210 129 32 86 66 181 49 136 232 108 58 4 214 84 22 180 137 19 16 204 31 195 184 240 139 155 193 60 47 52 109 150 254 53 70 212 123 216 117 116 222 93 147 69 201 158 21 217 41 12 191 185 151 77 170 79 13 99 103 173 128 51 247 242 248 118 8 14 83 28 5 95 176 73 34 241 81 50 126 246 45 36 35 61 156 187 112 82 111 152 75 106 42 104 38 256 124 223 146 46 43 64 25 145 44 251 80 37 71 162 107 202 97 102 157 203 130 127 148 85 18 190 119 54 67 174 90 101 63 135 76 15 48 149 159 161 20 211 163 134 30 125 166 
215 217 103 33 203 3 181 148 169 220 126 19 135 14 226 66 201 229 255 113 157 191 77 133 192 80 212 34 189 8 71 253 23 173 205 20 65 150 122 176 115 100 170 101 105 4 63 185 81 234 194 46 210 94 251 125 84 163 75 92 107 178 146 127 89 184 208 72 237 161 231 55 28 25 175 110 41 218 129 112 187 5 82 224 188 167 38 47 250 177 243 136 151 49 68 7 204 29 209 165 99 114 196 254 246 128 52 76 78 233 141 198 160 61 140 171 73 145 219 124 195 238 108 232 247 10 64 60 48 26 168 13 85 147 130 236 221 17 138 9 252 180 235 54 62 123 179 186 45 31 164 16 67 162 79 240 87 137 27 202 149 249 216 35 93 91 42 117 228 197 43 104 225 166 32 156 50 131 11 70 241 102 120 53 256 242 206 200 116 153 213 15 21 18 134 152 199 223 36 214 86 95 1 90 183 211 83 98 59 106 56 248 44 51 97 158 227 193 37 111 144 74 12 22 69 88 154 143 58 207 118 230 39 40 121 142 96 119 24 132 244 30 174 57 172 2 155 159 139 245 109 239 222 6 190 182 
20 150 178 110 113 32 5 67 144 160 58 166 190 136 220 108 104 3 101 44 243 57 250 96 116 200 206 162 169 66 53 194 234 118 244 2 21 239 16 139 213 102 10 100 208 9 168 233 112 247 28 186 230 83 52 47 122 255 238 93 80 196 84 85 138 128 245 133 48 98 155 221 217 201 248 77 183 172 127 78 242 99 137 188 6 1 225 199 72 35 205 203 145 55 97 17 50 212 125 154 74 146 240 37 191 56 170 157 227 11 29 39 111 143 202 76 117 156 90 142 123 167 222 148 114 51 79 130 211 163 209 185 26 204 95 34 129 59 30 210 180 253 164 151 161 38 147 19 246 219 13 135 218 15 134 70 181 8 254 69 207 24 89 54 228 41 229 158 184 149 179 241 82 42 159 103 175 126 192 214 31 256 141 193 33 87 68 132 92 18 152 121 81 45 224 60 124 27 174 216 25 223 232 61 62 7 189 252 131 22 46 120 86 119 198 215 173 177 115 71 197 231 171 88 73 176 91 237 4 182 14 236 23 63 249 36 105 106 40 235 75 140 43 64 109 251 195 94 153 12 187 49 165 65 226 107 
118 44 156 103 31 69 133 13 255 25 215 82 70 159 90 50 227 223 192 142 52 9 14 239 253 24 48 151 67 85 186 146 180 138 216 30 181 145 23 130 160 210 77 230 147 109 199 244 21 178 16 115 7 185 149 126 98 61 100 236 232 131 73 170 243 166 20 213 108 117 188 214 206 202 64 191 18 187 155 251 240 132 111 29 101 2 193 66 182 71 60 76 27 80 57 75 211 176 207 105 174 55 242 154 45 112 56 254 43 203 78 137 95 114 4 35 1 41 175 42 140 219 209 204 246 144 226 229 171 32 122 3 233 106 65 196 241 11 205 63 195 234 22 36 123 248 68 141 190 250 157 201 113 173 40 222 217 91 96 235 247 10 74 238 33 177 231 62 104 79 54 94 49 162 38 168 153 134 194 172 26 136 169 218 221 139 83 99 125 256 148 17 163 87 19 6 72 249 189 97 15 165 81 120 58 127 128 119 89 208 143 8 197 107 46 110 86 252 220 212 37 93 164 228 34 135 237 59 179 224 198 183 88 5 200 84 116 28 225 47 92 184 129 150 51 53 121 245 161 102 167 152 12 39 158 124 
147 116 203 208 198 97 205 190 142 246 90 68 179 7 166 64 209 45 100 34 186 80 13 192 5 152 56 70 162 185 86 215 98 41 160 219 83 12 250 180 52 94 153 163 200 130 19 107 137 238 149 53 39 29 61 123 22 241 78 220 88 96 69 35 188 225 156 120 133 31 136 157 57 151 93 4 132 129 112 254 194 101 141 249 139 195 62 8 145 54 99 217 11 245 228 201 202 124 9 114 46 26 212 25 23 17 158 229 221 239 36 213 20 173 146 119 55 216 3 95 231 74 226 79 48 60 49 131 184 170 206 71 247 207 223 230 187 234 27 191 256 224 92 59 252 10 175 248 84 18 150 236 218 138 105 14 125 244 196 73 161 182 75 171 58 110 144 121 106 117 126 15 1 135 115 40 172 177 104 168 82 118 33 140 122 240 222 210 178 21 91 242 148 47 167 189 181 38 183 197 237 193 169 164 235 28 251 44 165 102 233 16 81 76 227 243 204 143 111 211 109 51 199 85 42 50 67 32 154 176 253 72 255 65 103 87 127 43 174 232 108 30 37 128 155 134 89 6 113 2 24 66 214 63 159 77 
60 157 210 148 153 84 119 198 120 238 170 4 200 189 234 250 87 28 171 66 173 101 40 35 30 150 112 230 113 138 220 149 37 3 161 110 11 102 240 183 62 51 69 105 31 10 71 58 65 239 155 34 111 107 89 147 85 14 191 96 55 207 144 125 26 162 126 255 29 211 72 9 219 90 146 164 194 185 42 12 95 78 247 154 106 187 182 214 253 145 8 216 176 36 174 59 223 136 172 227 139 160 18 226 88 245 163 130 221 20 217 68 91 86 50 168 41 218 128 13 6 27 23 256 199 80 192 202 184 206 224 132 229 123 63 236 21 152 197 24 179 93 243 209 104 122 133 19 67 92 45 212 33 16 61 251 53 2 137 15 158 235 166 151 134 116 127 196 79 75 141 25 1 47 131 22 213 193 54 180 228 167 103 143 175 70 56 114 231 100 97 129 178 135 241 121 203 52 165 77 81 73 205 109 242 82 208 99 244 44 64 252 38 17 46 246 94 201 186 48 237 49 159 225 177 188 108 233 254 32 195 124 142 74 140 232 117 215 43 156 118 115 57 190 5 76 249 39 204 98 169 83 7 222 181 248 
15 99 98 194 190 77 209 173 76 128 144 100 169 5 46 164 143 21 181 116 58 85 87 202 23 70 213 236 74 227 30 26 96 140 191 111 71 220 193 218 226 219 126 86 148 252 155 104 79 175 196 212 41 145 119 199 18 136 210 90 172 163 62 36 245 129 180 44 185 200 29 214 215 183 123 247 118 16 152 177 211 40 107 125 171 120 25 19 42 241 61 127 153 22 7 4 8 122 233 188 165 31 158 45 254 150 37 205 216 253 115 67 243 106 51 174 167 130 234 88 135 178 221 75 56 249 94 59 39 114 9 73 186 101 139 20 102 149 35 231 225 137 256 133 3 33 124 142 208 34 43 255 80 198 230 38 92 12 14 248 156 159 60 228 50 109 105 232 162 66 170 57 48 121 55 154 103 54 97 89 27 250 161 157 113 112 238 13 108 206 242 63 10 52 168 146 11 229 131 138 72 217 78 192 69 179 28 49 239 117 65 187 151 68 132 182 53 1 17 82 235 244 47 95 176 141 237 6 251 64 91 195 84 201 147 2 93 32 222 223 246 166 160 83 134 197 184 207 204 240 224 189 81 203 110 24 
101 151 48 35 116 168 74 22 221 234 255 10 7 180 199 176 94 149 26 115 160 250 34 189 124 96 66 62 28 203 131 173 232 120 102 119 222 18 158 183 122 193 241 106 244 46 65 170 129 95 1 196 179 43 171 98 77 12 36 166 223 97 82 138 187 210 32 91 130 133 184 208 58 163 143 8 31 21 54 226 59 71 164 14 237 248 145 197 29 67 128 92 229 134 139 251 39 100 104 23 33 3 230 57 113 231 110 239 207 73 165 200 25 75 108 132 103 169 55 135 81 238 144 105 13 218 181 4 254 249 224 107 156 61 175 16 52 148 141 84 150 217 44 50 80 194 121 153 142 209 201 112 27 99 24 51 211 109 242 233 182 190 90 60 20 178 37 111 204 236 202 76 216 19 243 177 174 246 87 188 227 123 205 146 45 225 30 5 78 40 215 64 186 206 252 245 191 2 6 93 253 41 198 136 89 172 118 157 235 53 159 161 47 79 220 70 72 114 85 126 117 42 240 147 152 140 127 256 49 11 125 15 212 214 247 88 63 155 192 219 38 9 213 68 185 86 154 167 228 137 17 56 69 195 162 83 
235 170 172 227 60 108 42 215 95 92 190 188 199 218 48 80 142 46 23 126 138 163 184 102 187 109 155 97 104 148 98 196 177 110 36 186 17 230 217 240 114 194 189 6 101 111 77 191 156 128 40 71 162 31 205 18 21 66 220 234 117 222 171 223 165 250 11 248 252 253 133 47 225 129 167 124 81 120 86 211 43 154 55 238 226 150 231 140 151 210 164 89 224 59 4 136 93 229 246 56 179 182 159 34 69 70 15 26 193 233 29 62 141 64 192 122 49 202 83 149 212 125 214 74 244 44 13 107 2 169 28 16 160 103 73 209 1 195 96 175 33 57 152 157 178 201 99 135 19 176 85 236 256 237 200 67 137 12 88 65 228 143 174 180 123 78 61 146 206 166 9 241 50 221 39 198 7 82 45 116 14 76 130 72 249 112 8 53 144 134 100 255 245 119 30 243 58 161 105 173 203 213 22 25 3 54 207 145 127 91 10 5 79 239 68 87 197 41 232 84 20 251 121 115 106 51 181 118 185 147 208 254 52 38 24 90 132 183 153 75 63 242 216 158 131 219 35 27 247 94 204 168 37 32 113 139 
181 44 180 18 241 24 39 159 130 68 194 247 144 90 77 202 132 4 243 182 139 37 205 226 9 198 120 167 251 26 92 237 79 176 111 16 2 124 221 225 63 88 14 192 62 55 214 188 219 169 17 19 27 203 13 60 135 147 6 229 191 133 186 72 207 104 196 173 51 178 215 52 206 1 53 75 93 30 115 54 59 143 212 211 5 168 108 12 45 209 56 129 148 11 121 114 71 43 117 140 78 162 49 40 235 244 70 204 220 137 91 141 210 66 100 122 224 47 193 116 238 80 227 23 153 253 69 233 252 32 10 33 95 84 187 41 102 195 67 125 81 222 254 249 200 208 15 151 119 126 179 170 216 36 217 94 131 98 234 245 97 25 231 34 86 46 73 164 149 123 177 218 145 171 166 158 201 3 155 28 157 127 76 107 57 232 35 106 213 184 163 83 134 152 161 7 85 29 248 42 38 183 154 8 105 20 228 174 172 240 246 239 99 175 199 50 113 89 185 48 112 22 250 65 21 64 230 190 150 256 96 242 156 136 74 58 197 160 110 142 118 101 146 138 189 255 109 223 61 82 31 87 236 128 103 165 
73 57 126 171 121 59 239 204 250 217 248 134 164 111 114 4 137 142 90 199 213 200 53 31 233 244 135 106 48 125 221 2 161 10 144 46 16 216 43 186 74 148 202 227 175 119 173 24 181 234 117 82 88 11 178 61 3 72 91 187 42 195 151 28 206 9 64 183 226 87 190 21 52 50 18 33 100 254 133 167 153 240 58 198 7 12 129 118 163 13 101 138 146 223 79 214 177 184 132 44 211 69 152 160 116 189 76 49 17 103 165 235 194 143 201 41 155 205 208 230 170 22 77 66 71 193 20 32 179 95 99 247 241 238 62 222 174 51 252 231 112 89 109 30 86 158 92 188 168 218 207 68 27 104 236 197 149 145 29 98 256 36 45 203 169 34 196 56 123 6 130 185 172 83 141 39 209 182 108 38 81 102 191 136 253 93 154 180 176 96 140 219 15 19 139 249 147 242 14 60 157 113 35 5 75 85 80 94 25 255 26 23 215 122 212 63 40 84 115 237 225 124 70 232 251 110 97 192 156 229 224 105 54 162 127 37 78 228 120 131 1 107 128 246 47 220 55 65 166 245 150 8 243 210 159 67 
221 1 196 201 45 11 235 177 174 20 195 220 217 219 25 183 238 44 122 246 245 111 32 166 256 91 68 165 211 43 51 190 119 117 133 87 253 112 164 95 92 76 192 254 79 208 184 233 67 13 223 203 212 131 226 229 199 202 204 179 215 176 138 64 134 241 163 77 62 94 116 155 56 126 182 216 99 81 189 167 125 205 85 105 26 210 149 55 63 237 49 180 218 158 115 6 34 175 142 17 10 128 243 40 157 132 71 8 228 101 173 88 230 28 98 129 141 70 75 23 86 150 146 30 121 50 90 84 207 145 160 161 65 18 48 143 89 156 197 118 31 137 130 37 135 109 200 140 244 213 7 162 187 239 232 248 82 249 236 144 194 19 250 186 52 247 222 168 108 110 78 151 100 96 152 198 4 14 172 47 148 181 2 107 21 139 185 36 127 227 231 69 35 46 27 209 39 124 206 97 224 251 214 103 58 72 178 53 22 93 159 3 29 80 9 113 104 136 73 60 170 154 12 59 240 102 66 171 5 74 83 24 38 191 193 225 54 57 153 123 255 15 42 106 114 242 33 169 41 16 234 147 188 252 61 120 
183 100 241 24 235 155 66 171 87 119 36 141 243 35 156 239 139 229 126 58 106 125 56 98 43 232 79 186 48 164 149 124 213 189 193 211 219 231 86 39 115 31 251 30 71 28 195 174 133 250 255 246 91 230 181 4 15 102 169 32 95 77 76 114 247 136 99 54 160 130 68 65 198 45 166 112 121 154 173 256 82 157 111 123 194 134 147 190 180 44 142 60 85 238 177 17 78 252 209 225 132 27 33 222 127 101 47 151 69 80 6 117 131 199 50 46 144 73 143 161 215 109 206 192 22 83 84 113 223 20 120 107 19 2 25 59 96 228 55 210 152 191 57 207 9 153 148 129 81 249 13 150 145 41 37 158 167 5 53 233 187 236 64 8 221 218 11 92 137 214 184 205 128 70 52 234 51 253 7 104 245 18 34 140 38 93 244 172 224 108 196 227 175 118 202 163 201 242 97 182 21 72 146 110 89 116 3 203 135 40 237 248 204 197 162 178 61 23 254 138 226 216 94 165 188 217 240 12 159 63 67 200 10 75 16 220 42 90 29 26 208 185 103 74 176 105 1 62 49 122 88 212 14 179 168 170 
131 250 221 68 25 222 10 164 116 48 29 105 17 188 31 9 45 3 137 159 128 212 30 66 8 61 21 191 1 143 197 126 23 2 36 120 178 56 235 73 35 76 32 110 162 127 156 91 124 180 84 40 43 85 65 98 219 208 64 168 101 160 205 74 236 16 229 89 135 169 4 142 136 13 57 217 77 75 113 182 173 185 203 49 92 167 240 170 130 201 112 139 177 194 152 245 186 148 234 87 80 183 54 53 145 81 223 209 243 238 63 199 155 62 254 216 200 138 246 237 202 11 50 24 227 108 97 158 256 165 174 104 6 47 161 211 46 153 26 166 214 82 28 192 58 72 134 181 111 95 179 94 27 114 118 242 230 7 244 78 253 100 90 39 132 172 206 79 189 252 51 220 69 88 70 133 117 225 187 247 151 198 109 38 44 99 122 255 239 55 231 204 19 140 60 195 147 175 248 103 41 115 86 149 215 20 67 150 125 226 249 241 233 210 83 141 22 102 34 37 228 129 33 71 15 184 59 93 119 144 213 154 14 106 207 163 190 107 196 42 146 176 5 52 96 123 224 18 171 193 232 157 121 251 12 218 
42 19 146 233 241 172 205 165 197 249 89 119 217 222 93 52 129 134 35 202 232 238 210 218 39 193 48 188 32 75 88 125 95 40 176 37 54 2 44 112 121 28 174 122 116 189 192 206 133 143 201 68 1 256 70 164 123 171 168 114 230 8 209 156 20 72 117 207 3 157 41 15 79 96 60 213 239 139 221 36 101 179 228 59 237 10 242 236 163 92 124 170 11 162 105 199 13 178 62 204 7 126 65 6 73 103 25 106 138 173 94 109 243 198 247 187 90 107 177 56 137 246 14 149 71 104 110 113 234 46 203 64 31 111 23 255 153 12 61 76 18 127 212 57 253 152 58 151 181 141 169 74 186 223 224 67 128 167 108 27 47 132 85 45 34 184 100 29 51 87 53 83 145 120 148 86 17 55 140 21 185 16 9 33 166 131 77 215 196 135 195 244 98 4 183 229 22 43 194 150 180 235 102 81 30 159 118 78 216 69 160 50 130 142 97 38 155 80 220 99 200 214 84 115 147 219 250 231 161 5 63 251 252 26 91 49 208 240 245 136 66 158 82 225 144 254 24 191 227 211 190 154 182 175 248 226 
127 193 157 213 240 133 167 86 19 130 168 57 79 59 62 20 179 16 241 203 212 101 225 131 83 73 30 220 4 175 46 256 50 18 187 252 242 97 178 201 132 188 113 166 108 171 140 87 136 138 250 13 109 43 155 189 218 243 232 31 63 93 124 145 81 246 100 47 68 24 38 215 25 114 186 151 208 42 236 231 200 51 22 90 199 204 196 77 255 110 205 216 159 121 95 192 65 230 74 8 238 40 35 26 244 6 23 58 34 160 158 169 33 76 229 122 61 54 128 12 206 172 41 106 64 15 180 88 207 45 226 191 146 164 53 103 247 149 67 185 209 94 223 222 112 32 71 27 162 165 224 123 72 143 78 119 161 227 249 5 237 152 214 92 210 234 198 70 182 184 107 55 135 156 195 194 11 142 153 28 116 248 9 190 219 105 115 118 98 245 251 233 174 37 137 202 228 150 170 183 197 181 52 126 10 44 17 75 125 111 148 235 84 99 120 144 211 221 173 141 254 139 154 66 253 69 89 85 217 147 80 21 177 56 104 7 60 3 129 239 134 102 29 2 49 14 36 163 82 117 176 48 1 96 91 39 
131 157 201 214 52 54 184 108 133 176 38 51 247 60 218 225 45 7 73 26 13 153 121 156 72 123 243 55 231 186 71 8 149 88 147 22 85 105 165 188 143 111 159 41 236 62 173 238 83 76 163 177 47 124 200 233 205 118 91 170 94 209 234 27 190 219 19 87 210 34 239 139 59 65 193 66 57 48 224 32 9 89 140 84 101 12 208 10 21 11 37 100 194 150 227 119 69 93 98 110 43 146 203 226 25 256 251 237 232 229 135 82 130 92 250 248 36 255 68 144 241 230 202 120 246 191 112 53 106 3 6 5 244 253 185 129 215 162 63 223 107 16 44 109 252 132 155 49 199 187 206 179 195 189 28 136 198 75 86 31 113 77 178 96 17 23 235 114 15 79 145 167 216 104 160 168 245 2 152 192 169 61 164 222 181 33 35 217 102 204 70 166 50 29 97 134 142 18 125 30 228 127 4 212 154 174 117 128 254 56 80 183 58 240 42 67 95 161 242 180 103 148 197 122 40 151 39 81 115 20 172 158 64 175 196 14 249 213 220 46 24 90 182 137 211 78 116 74 207 138 1 221 99 171 126 141 
136 95 93 235 2 140 252 221 183 18 156 83 125 46 237 24 171 170 192 94 254 231 195 186 230 37 152 122 69 107 247 246 124 85 8 42 62 201 71 225 219 215 233 110 34 47 144 14 253 241 55 208 164 199 228 217 13 166 200 119 138 56 132 157 72 32 27 51 161 210 106 250 154 214 114 135 38 78 206 1 117 224 150 45 108 70 57 80 111 249 133 59 116 147 75 84 141 160 98 67 162 36 236 102 220 25 97 19 196 22 212 245 96 123 91 9 66 81 88 52 189 175 12 104 142 190 131 169 151 16 146 165 112 197 185 60 174 143 238 4 158 181 101 239 20 6 121 68 222 74 82 229 105 113 120 35 48 155 207 5 223 109 43 204 26 92 99 232 148 126 184 191 15 211 65 159 188 89 242 50 64 90 30 128 49 149 172 54 256 77 182 255 187 53 129 168 194 100 11 61 177 118 31 39 145 178 176 179 137 205 103 193 73 240 163 209 213 203 139 23 28 44 33 41 115 87 3 173 243 10 198 248 226 167 76 216 17 218 58 127 251 29 40 153 130 21 227 180 79 244 202 234 86 63 134 7 
180 50 79 186 181 202 107 136 21 70 130 159 148 220 62 201 40 36 183 215 95 173 22 242 190 236 216 218 197 195 132 179 117 153 90 210 143 213 152 123 209 60 113 238 187 23 58 134 250 92 52 43 200 33 131 47 144 119 3 98 9 174 249 182 256 32 241 45 76 55 232 221 170 53 172 57 61 205 244 160 228 177 37 151 93 111 230 83 34 214 103 185 73 231 69 176 8 85 11 171 128 31 192 252 157 75 115 224 122 20 162 246 78 112 203 227 67 91 208 6 102 18 2 229 25 72 24 82 41 175 51 100 17 255 80 7 217 161 240 243 120 194 110 204 207 96 138 63 42 99 4 169 254 135 184 206 211 86 154 133 88 27 147 14 150 129 71 127 35 15 104 234 222 146 141 68 5 101 193 121 64 124 196 137 65 10 81 105 212 226 39 74 12 44 139 156 89 233 54 189 56 199 94 38 239 198 149 253 97 46 167 164 158 155 245 223 59 219 140 30 114 191 116 178 16 188 19 84 248 49 109 237 125 235 251 163 247 126 13 26 48 165 28 108 145 66 106 225 118 29 1 142 168 87 166 77 
150 249 30 65 241 8 200 190 130 89 59 33 172 21 88 113 196 124 20 71 229 95 100 131 11 237 63 169 251 77 146 105 53 187 91 6 104 182 220 117 149 225 179 152 103 206 120 250 238 121 186 185 203 56 217 236 22 166 41 52 145 50 162 5 180 209 221 176 223 181 98 35 128 38 134 155 144 15 61 94 168 164 69 253 7 107 227 43 163 110 177 86 57 198 2 119 9 83 247 114 92 17 255 174 76 248 167 55 157 165 194 202 199 210 252 75 44 10 160 81 153 178 142 64 138 147 93 112 239 47 123 201 127 228 219 212 90 204 3 222 1 12 135 214 133 13 158 58 87 40 36 235 230 141 175 143 170 106 232 54 184 156 137 132 34 45 193 102 109 60 108 233 62 205 101 70 173 246 28 129 116 231 183 226 254 188 46 245 80 151 4 191 256 140 48 224 139 234 79 148 118 49 207 242 27 154 78 216 115 23 29 39 19 159 192 18 195 66 85 240 161 37 243 99 125 31 16 51 122 215 97 74 171 42 126 25 189 24 26 73 32 67 14 213 111 244 96 84 82 68 208 197 211 218 72 136 
79 48 166 171 10 103 29 175 116 62 84 182 196 179 77 173 149 202 24 99 100 82 23 109 223 205 114 218 122 108 65 38 70 59 3 247 208 138 135 241 110 216 140 43 7 96 17 212 177 226 124 129 162 142 133 248 126 46 88 195 69 50 34 192 178 231 153 239 75 72 42 52 185 67 93 172 76 36 113 137 18 32 230 11 191 157 238 136 89 92 117 37 181 4 204 73 183 249 159 232 81 200 22 87 155 94 254 197 26 1 19 97 71 213 242 243 130 215 256 193 244 139 240 211 234 106 21 141 127 167 6 221 245 152 66 98 251 170 255 63 187 101 61 145 120 203 68 186 132 174 150 49 25 12 154 39 229 118 176 40 56 217 123 121 233 8 78 209 53 219 180 20 214 86 31 210 207 237 9 45 188 16 30 222 151 169 54 246 51 165 102 128 115 15 111 80 198 252 156 220 160 184 83 41 143 28 235 2 57 224 194 60 33 104 253 105 5 163 95 125 148 144 74 44 58 147 35 146 228 27 131 164 190 112 119 134 107 47 201 189 64 250 199 158 168 14 206 91 225 236 85 90 13 55 227 161 
20 145 123 174 116 127 65 89 252 199 115 53 111 157 248 154 208 128 152 151 137 83 101 37 169 240 59 21 167 67 97 45 143 195 121 211 13 47 192 203 149 54 165 110 221 14 244 7 194 9 186 73 52 133 64 160 207 76 138 209 219 103 204 90 124 163 36 245 74 255 68 58 227 173 25 88 188 229 187 6 34 156 10 176 190 224 202 181 114 18 44 206 139 144 84 180 147 159 49 106 112 24 162 46 164 254 172 30 51 179 216 178 72 2 214 5 39 218 235 96 212 153 40 236 95 63 17 71 182 125 166 177 85 247 41 256 98 239 142 213 130 196 200 62 79 132 26 191 32 102 141 122 238 210 230 184 113 183 189 82 168 57 220 33 243 29 250 43 27 118 87 222 69 134 92 155 171 246 11 15 107 60 234 215 126 201 8 109 205 108 70 129 100 136 158 105 99 131 55 119 241 193 226 81 94 231 3 251 35 19 22 140 66 78 38 77 31 80 228 4 50 28 93 86 16 223 75 42 23 150 135 175 104 1 48 225 148 170 146 242 232 237 198 197 61 185 56 253 12 91 249 217 117 120 233 161 
113 85 242 70 106 5 68 62 137 191 156 213 110 205 208 199 129 164 207 203 188 88 60 181 112 153 161 95 162 245 141 226 89 217 61 221 173 134 186 73 238 211 27 4 51 97 15 13 109 3 39 18 130 239 77 117 35 150 31 101 210 235 224 83 218 16 41 32 47 103 176 231 140 75 204 29 233 183 125 247 178 252 243 105 8 84 234 91 170 123 63 108 23 185 98 54 40 49 196 50 38 167 219 155 144 237 22 189 33 154 24 190 193 133 114 168 44 104 53 220 166 136 65 9 10 82 6 197 209 177 14 99 227 148 122 179 160 120 240 229 79 80 236 71 146 119 138 201 254 25 142 212 121 149 57 36 215 115 118 128 187 81 58 126 131 94 256 64 246 223 46 55 76 222 93 21 72 124 248 52 102 74 200 28 255 180 244 172 26 90 59 159 182 163 198 107 56 66 175 169 19 42 241 69 67 152 157 127 249 165 192 87 92 230 45 86 48 250 132 251 202 216 158 20 139 17 96 78 11 194 225 184 143 206 171 145 214 34 100 111 232 174 116 228 195 151 30 1 43 147 135 7 253 12 37 2 
184 54 4 37 66 236 74 239 248 107 238 180 226 80 30 43 181 59 35 164 46 211 31 188 69 166 156 198 110 129 5 89 132 157 11 196 38 150 140 182 219 194 83 50 7 62 176 234 203 106 228 23 218 3 237 170 133 8 173 81 178 141 183 45 15 172 13 53 28 63 120 142 244 108 78 44 202 123 220 149 204 77 206 115 245 119 224 36 128 223 12 152 146 26 109 145 67 138 162 160 21 72 79 201 116 14 47 189 235 225 113 111 25 191 17 210 9 195 154 19 177 254 92 102 121 93 56 221 82 86 76 48 130 207 229 51 217 174 127 251 185 20 247 193 252 2 100 169 95 52 136 41 209 61 242 126 134 187 42 124 230 253 114 24 158 137 75 68 104 208 227 197 212 87 64 175 57 117 29 90 94 153 60 161 143 151 249 39 84 216 22 122 105 118 240 256 73 163 159 96 34 101 139 148 103 33 199 246 18 241 55 186 27 171 255 232 97 1 58 192 71 233 32 190 155 205 135 144 99 147 65 243 10 112 88 222 40 98 165 167 131 85 215 214 91 231 250 16 49 213 125 179 70 6 168 200 
9 207 11 62 229 133 237 220 151 103 117 180 238 233 31 34 197 25 244 201 37 21 118 134 221 154 72 3 99 104 98 33 52 141 249 91 149 40 54 5 232 114 36 60 61 206 182 73 140 235 191 4 88 218 58 86 163 170 252 46 165 225 51 256 167 157 184 63 131 172 139 18 164 125 240 158 48 50 152 79 185 26 241 148 83 49 193 223 69 13 45 253 243 144 65 143 196 156 230 236 150 55 77 76 71 160 250 192 19 254 246 27 105 173 89 70 84 74 29 130 175 17 32 138 168 93 96 127 23 119 41 209 194 174 12 43 7 234 145 153 169 142 202 162 137 187 222 116 16 226 136 239 122 181 147 227 109 216 214 171 132 155 124 108 224 53 14 81 15 10 245 129 110 85 87 228 100 67 200 106 178 166 251 217 111 215 78 97 199 59 80 128 159 212 198 24 179 94 126 107 183 176 28 90 146 213 248 113 121 82 219 95 39 211 38 161 123 120 47 231 20 6 102 186 247 255 68 189 188 2 101 204 66 56 112 64 35 210 190 135 22 92 44 57 8 177 208 203 242 1 205 115 195 42 30 75 
70 100 241 85 134 124 214 36 205 231 53 204 174 167 247 177 79 43 98 219 11 192 206 245 88 172 114 68 111 59 54 117 119 29 81 163 125 95 187 93 116 251 198 164 156 158 228 83 169 105 16 216 138 210 220 3 50 38 103 128 69 140 1 212 184 136 143 149 28 133 224 31 20 115 12 155 176 252 121 64 102 159 229 66 14 175 135 234 162 51 209 44 215 186 39 99 109 151 165 202 185 256 74 2 113 230 170 190 27 126 47 221 62 189 248 161 194 67 110 130 112 78 101 132 123 52 191 203 233 19 197 4 45 147 196 131 239 235 21 41 178 107 240 76 211 141 32 48 145 33 150 201 195 250 242 236 57 49 148 6 137 75 254 249 25 173 152 244 166 63 90 37 168 42 222 77 217 226 58 15 30 225 10 179 253 9 22 80 153 227 60 46 243 144 157 55 232 73 207 84 65 18 200 87 89 237 17 142 199 255 24 8 171 86 181 246 122 129 91 97 218 35 213 223 71 120 160 82 127 183 104 13 106 5 34 7 146 26 56 92 108 193 208 118 180 96 23 154 72 139 40 182 61 94 238 188 
92 26 125 19 206 145 178 30 194 102 256 62 3 140 131 213 137 16 252 10 196 165 245 250 98 179 67 51 200 68 191 215 93 55 249 83 226 72 225 185 43 71 144 35 58 54 129 84 122 230 157 94 2 177 6 130 198 208 182 193 120 212 243 119 87 172 46 37 203 88 158 66 113 74 28 105 199 79 150 81 64 106 1 180 242 90 151 31 183 25 148 162 204 251 117 114 224 53 234 104 128 227 171 91 65 89 75 33 97 217 207 134 76 69 237 45 248 210 60 240 23 238 136 123 44 82 190 50 77 132 96 121 52 70 155 107 32 27 222 216 159 118 22 152 201 116 143 221 38 239 133 56 233 164 166 253 232 34 126 173 112 195 73 85 247 229 197 153 59 169 149 41 12 186 141 40 174 254 244 78 187 63 175 47 49 124 24 161 156 61 223 21 160 57 99 15 36 235 86 184 109 115 111 202 29 192 139 146 241 209 154 246 167 127 231 9 228 135 5 188 18 220 7 20 8 14 101 147 110 100 17 218 103 80 205 48 189 95 142 108 214 42 163 211 39 236 176 170 219 255 13 138 4 168 181 11 
86 142 196 158 131 98 50 73 80 53 207 83 198 172 216 135 157 96 4 141 249 177 110 243 153 108 10 223 126 226 230 193 11 84 192 164 171 31 208 77 159 245 189 133 225 120 251 175 151 82 156 41 56 185 75 60 194 58 161 180 235 188 128 113 140 78 7 114 186 38 30 1 12 138 215 62 129 160 137 212 176 203 81 34 213 236 238 252 178 256 72 76 167 163 174 145 136 241 3 227 107 200 51 94 13 229 211 154 22 28 24 16 233 181 21 143 242 79 255 6 155 209 54 246 71 190 67 125 115 162 9 239 29 244 27 2 43 45 199 74 206 123 150 228 149 64 234 182 146 19 23 218 173 109 222 148 219 187 97 247 130 99 166 221 95 195 224 254 5 36 87 127 231 214 250 92 237 169 15 17 147 55 202 103 220 191 46 116 20 37 165 32 168 89 132 210 117 183 25 26 33 122 204 232 217 205 240 90 102 105 65 253 47 101 121 63 48 248 49 66 91 139 179 111 144 14 201 100 52 106 35 124 39 184 119 197 152 93 170 59 88 18 70 68 112 44 40 134 61 104 118 57 8 42 85 69 
163 155 198 239 24 240 255 68 73 63 188 157 33 46 112 110 225 5 200 144 6 141 41 175 127 191 101 88 217 25 106 134 214 62 75 195 249 3 52 177 185 107 98 151 69 35 126 8 170 65 20 183 90 31 231 80 172 26 152 251 100 223 233 132 167 243 125 78 197 241 190 93 229 146 130 36 246 2 122 138 21 32 173 129 38 42 196 70 14 124 66 226 11 123 18 61 187 60 23 137 133 184 147 114 236 232 76 51 252 103 99 178 95 109 210 85 77 40 34 102 136 154 215 92 119 221 12 111 1 205 207 220 87 128 4 161 140 131 108 97 79 186 148 174 204 116 169 55 206 245 121 158 150 56 82 253 72 15 27 218 71 244 10 104 256 7 49 208 135 213 238 145 193 230 67 228 164 44 58 81 143 192 120 94 202 162 39 113 179 117 142 115 53 57 19 254 37 168 160 227 22 9 166 235 224 153 29 45 28 83 194 30 139 84 203 182 211 247 16 242 91 48 13 50 248 171 17 54 74 176 219 156 209 86 89 237 64 222 189 105 47 216 201 165 181 96 59 159 250 43 234 149 199 180 212 118 
56 210 255 138 213 58 7 238 112 234 220 65 62 167 39 88 116 42 252 81 16 169 137 76 235 52 123 221 87 99 175 50 3 153 131 156 10 135 161 233 148 194 108 171 256 155 227 242 224 31 212 230 68 66 211 197 141 177 149 250 97 190 11 246 90 109 236 251 170 232 54 163 13 36 174 69 46 119 12 93 82 73 253 104 154 189 218 151 188 136 111 95 191 173 101 22 241 80 226 159 4 168 27 98 172 199 49 207 240 122 45 181 157 121 96 183 60 225 158 53 61 118 140 187 43 144 133 18 206 115 128 195 37 205 84 63 21 152 57 229 67 132 164 228 254 182 160 30 179 89 146 114 33 72 74 47 245 28 20 14 239 103 184 231 150 142 34 202 219 110 124 192 145 244 70 9 29 120 23 85 216 200 166 127 94 176 24 59 1 77 222 201 215 26 17 71 180 38 193 139 86 5 143 125 100 32 19 64 79 6 25 185 162 243 91 203 237 107 208 51 15 106 209 134 198 78 165 55 247 75 249 130 35 48 186 178 223 8 204 248 41 44 102 83 105 217 2 126 113 129 196 92 147 214 117 40 
144 238 225 138 87 114 112 34 237 49 146 158 242 160 103 149 231 250 80 86 203 252 233 253 82 5 174 217 18 157 156 11 88 129 192 81 12 84 127 191 130 59 137 148 168 17 100 220 256 227 196 63 240 72 56 197 13 161 159 136 62 25 33 52 113 167 214 234 119 248 184 239 23 70 132 195 48 245 147 3 28 124 39 230 163 224 7 38 236 219 229 140 91 254 223 145 241 35 47 186 175 107 142 68 204 173 101 41 162 226 221 164 193 121 95 57 133 43 179 131 110 89 249 251 165 30 73 44 207 98 19 199 209 190 40 208 172 21 92 45 36 58 111 67 106 228 42 117 213 22 16 26 189 109 1 116 141 205 4 181 139 20 102 150 176 212 118 32 8 9 126 210 79 83 97 55 187 222 200 99 135 76 183 201 206 54 51 77 216 255 182 65 128 171 74 169 166 6 15 96 105 185 152 194 93 198 178 69 46 125 61 27 218 180 108 90 14 246 60 66 211 188 78 24 151 177 134 94 122 10 235 155 50 31 243 71 202 120 104 123 143 115 53 85 2 29 215 247 154 37 232 170 75 244 64 153 
248 37 33 214 206 244 176 167 165 143 157 247 36 144 118 80 164 204 232 116 243 41 174 148 87 177 115 132 145 72 127 139 181 222 123 237 86 218 168 31 175 128 22 56 42 7 199 63 178 54 90 141 111 158 146 104 192 254 133 196 227 6 228 245 183 28 29 1 74 25 19 160 194 187 49 113 130 117 197 231 66 180 10 249 97 100 40 27 122 70 8 226 241 172 153 163 13 26 88 188 51 210 30 50 179 236 251 52 32 219 24 140 131 14 60 253 73 155 126 59 233 135 16 252 239 212 169 21 91 77 156 186 89 209 83 57 68 221 94 3 75 15 81 230 109 191 39 23 162 53 185 150 55 173 95 242 61 255 225 138 48 216 92 46 124 105 44 85 9 220 62 67 184 200 161 98 240 34 114 96 43 108 65 189 17 35 4 217 82 134 5 250 107 119 106 102 238 47 208 76 205 71 38 170 69 93 211 207 246 112 120 125 195 20 213 129 79 147 11 78 256 110 101 45 99 137 201 103 2 151 215 224 154 235 136 12 166 193 18 198 229 190 203 182 84 64 121 58 223 152 149 159 202 171 142 234 
224 88 21 231 114 177 113 242 108 170 93 245 193 239 48 15 178 174 100 10 5 112 63 89 8 146 251 46 109 106 3 73 81 236 34 202 186 29 215 9 75 211 141 66 227 182 206 110 33 94 185 184 58 55 172 166 20 27 161 62 38 149 246 196 197 68 50 53 235 127 22 86 77 229 151 2 76 169 121 203 144 230 35 148 97 153 84 201 122 16 91 176 4 199 205 1 137 156 154 195 135 158 64 132 120 140 61 128 223 225 243 194 92 147 157 70 244 152 221 191 232 241 162 19 102 72 87 57 234 222 119 198 17 167 220 136 253 237 59 126 175 69 36 111 217 168 54 25 183 99 247 7 11 18 181 103 204 209 85 28 49 165 118 104 40 250 159 228 214 212 238 60 71 31 150 45 39 142 52 173 42 248 82 32 145 41 216 51 24 78 252 155 240 14 187 115 124 129 90 190 143 95 12 255 116 226 74 138 47 160 117 219 163 96 6 254 130 44 105 37 213 189 200 133 192 208 101 67 23 43 249 171 139 79 80 210 125 98 131 83 207 65 13 107 134 179 164 26 188 180 233 123 256 218 56 30 
104 240 133 251 24 149 243 229 10 76 185 225 105 163 212 7 14 2 239 180 233 101 99 247 201 209 137 56 47 113 117 139 187 120 197 87 196 11 244 42 218 23 132 253 8 135 179 148 39 178 254 155 92 53 118 5 96 97 61 184 128 40 250 143 220 93 77 255 248 227 194 234 67 26 203 131 50 241 141 186 115 95 171 161 79 130 82 158 213 37 33 228 43 78 223 216 13 54 174 150 80 242 58 44 68 89 222 211 151 90 129 126 159 245 200 249 35 46 140 160 84 224 181 28 1 108 31 106 127 236 169 144 102 238 18 60 165 182 25 153 221 16 172 91 86 156 85 134 175 34 138 111 30 232 119 48 107 45 38 122 109 75 231 256 219 162 6 195 146 145 114 207 226 183 176 94 81 15 235 192 4 19 57 66 136 32 170 154 88 73 103 72 217 125 110 3 59 152 70 210 65 246 74 27 100 51 52 188 21 71 142 123 69 22 215 98 189 124 112 9 167 29 62 252 230 164 20 198 116 208 173 147 190 12 63 121 64 17 157 214 83 193 55 41 168 202 204 206 166 205 177 237 199 49 36 191 
66 93 104 232 183 3 46 198 248 6 221 151 233 149 240 256 41 253 147 51 206 164 98 186 189 124 213 246 161 127 11 100 125 195 21 224 156 110 146 59 22 140 223 117 220 157 154 96 50 177 250 85 16 19 137 73 35 4 26 17 201 197 171 136 172 103 160 135 251 10 113 208 89 77 36 193 97 114 144 215 225 9 216 237 202 27 191 107 32 82 120 24 170 255 174 81 123 159 115 145 167 155 20 227 190 37 173 54 129 56 118 242 212 76 5 71 238 218 61 122 210 126 143 12 188 150 52 74 111 180 42 203 178 152 139 58 108 181 196 30 182 148 235 252 175 214 228 116 207 64 239 245 219 40 121 53 90 88 8 200 141 65 192 205 130 13 78 247 18 95 101 62 83 211 105 7 39 28 63 138 57 75 86 163 162 31 70 166 38 14 236 169 158 48 87 204 165 179 254 226 34 69 222 128 102 29 231 80 131 109 249 132 106 243 33 49 199 209 119 153 244 112 133 185 43 184 92 45 25 68 176 142 23 234 94 187 67 217 241 230 134 91 168 44 84 47 55 2 229 1 194 99 15 72 60 79 
218 140 75 229 124 29 76 173 188 36 110 138 198 174 53 221 212 126 120 22 186 109 206 114 184 224 111 105 117 255 209 166 72 194 20 96 25 67 219 102 151 137 12 98 146 6 70 93 231 115 244 85 122 236 154 84 172 241 65 9 28 185 179 161 139 121 47 34 97 226 69 43 169 40 214 239 234 119 192 16 142 245 251 252 213 13 73 71 235 163 208 112 32 92 116 61 230 68 249 217 45 197 165 195 156 247 246 74 215 15 210 242 66 39 7 35 23 182 51 152 228 203 227 38 199 27 26 178 57 91 24 201 60 222 240 133 101 143 135 148 134 157 1 83 243 200 94 58 171 225 56 160 42 89 90 55 176 207 132 170 155 205 77 33 14 79 82 223 21 204 54 127 100 5 10 63 87 164 232 129 254 30 136 49 88 8 2 191 153 59 11 18 81 3 233 17 177 190 48 95 167 31 159 4 52 187 125 211 147 80 250 183 128 131 193 37 196 50 44 123 46 150 106 253 149 108 168 78 180 130 107 162 19 113 181 256 144 104 220 145 64 202 41 189 238 62 86 237 248 103 99 216 158 175 118 141 
120 52 79 240 161 230 178 200 31 3 140 216 173 183 47 26 119 212 131 43 243 156 236 202 213 91 190 149 141 180 174 30 1 239 126 187 229 84 17 234 152 53 167 9 169 88 94 41 83 227 38 67 44 217 128 70 133 110 235 42 210 6 68 241 163 220 111 199 153 63 211 61 106 65 76 15 256 172 160 154 179 58 223 27 247 251 150 28 185 206 11 255 208 34 176 192 107 78 188 233 87 248 225 231 148 170 219 14 101 157 203 245 73 143 252 155 60 85 62 55 138 147 99 75 64 166 246 57 124 21 207 105 20 134 145 29 226 209 204 66 249 137 80 215 177 97 116 132 164 159 181 253 184 69 162 127 195 2 151 214 165 89 104 205 171 102 113 8 146 39 81 46 142 237 36 71 96 175 10 95 194 201 115 136 32 77 48 54 122 24 198 254 158 189 109 117 74 82 22 25 103 92 112 144 238 218 45 197 135 16 33 7 108 5 139 228 224 23 222 19 13 35 18 37 50 129 49 242 244 72 232 125 100 98 168 40 130 193 4 51 196 121 118 93 114 86 182 56 123 12 191 59 221 90 250 186 
95 134 37 189 240 144 81 232 178 182 225 33 188 79 35 22 26 21 10 122 141 1 17 75 110 233 106 175 252 177 186 131 200 243 121 208 53 119 29 176 245 86 100 217 108 14 68 67 173 93 25 191 44 48 241 220 31 116 8 109 210 60 231 224 103 54 194 105 130 43 154 185 158 5 190 99 62 223 138 198 256 227 235 94 87 97 38 102 80 13 250 41 163 73 132 253 11 59 221 212 248 42 152 213 12 140 146 204 160 171 236 113 39 74 52 157 156 50 165 15 254 206 229 228 137 28 162 120 58 107 24 129 172 242 51 72 244 216 202 61 148 179 249 98 155 18 19 88 3 180 78 77 115 149 150 215 36 69 91 83 127 124 164 203 7 169 230 145 167 84 55 143 237 112 128 153 89 234 147 161 166 4 136 218 56 118 27 219 101 2 90 168 66 126 201 196 222 92 49 187 226 205 193 255 16 85 247 192 20 114 151 32 135 209 47 199 117 46 30 40 63 142 23 197 251 96 65 139 238 170 45 184 123 181 195 214 125 9 211 183 111 239 82 57 246 6 159 207 174 70 71 34 76 64 104 133 
45 153 232 49 255 120 27 18 170 193 235 159 74 67 190 54 252 210 233 144 236 218 5 209 129 33 241 142 69 130 160 242 132 58 96 11 37 249 114 90 148 59 119 10 128 227 118 161 62 75 163 256 250 115 226 156 2 244 243 94 176 247 14 251 91 55 38 221 9 53 77 213 29 42 207 229 205 20 211 32 110 215 133 46 222 111 117 245 208 186 223 100 124 189 203 220 25 40 155 187 71 7 201 105 248 63 6 206 78 48 31 51 253 240 134 188 150 57 21 104 238 172 185 169 99 165 139 171 180 162 13 191 192 179 73 113 85 103 216 174 101 109 72 152 3 68 87 89 184 30 197 239 83 199 43 149 200 122 17 65 19 50 4 158 61 26 108 34 28 204 39 66 234 95 202 41 141 64 195 86 116 225 136 178 76 92 219 181 168 107 237 82 145 15 56 79 12 182 217 173 231 138 123 93 194 131 1 167 154 8 60 84 166 246 112 151 146 183 198 102 175 35 80 164 214 137 44 212 47 147 157 196 224 97 126 127 254 24 88 228 140 36 81 23 121 135 106 177 16 230 125 98 70 143 52 22 
189 140 248 247 135 228 40 198 108 170 24 166 71 81 102 148 138 47 210 4 25 124 158 137 92 53 243 123 117 50 79 139 222 171 165 21 244 186 103 209 18 133 41 42 151 161 44 127 207 83 246 159 168 66 201 98 238 175 95 19 253 2 37 237 7 200 152 48 113 121 73 206 145 236 88 232 245 106 252 122 146 14 97 229 5 251 109 250 61 182 60 101 211 104 67 215 193 20 172 177 147 179 9 22 184 190 205 234 112 29 221 163 225 199 203 6 183 230 115 63 91 57 58 173 220 191 218 162 217 156 132 45 64 39 167 100 52 84 242 142 128 150 157 240 54 195 143 10 65 192 134 164 82 241 89 78 129 256 125 69 196 185 13 219 17 226 46 181 154 11 85 160 180 202 1 235 110 72 15 26 144 86 249 68 105 204 254 169 55 233 141 176 70 62 239 255 130 8 120 224 43 197 23 80 87 213 16 208 3 174 77 227 94 231 216 149 214 153 116 36 118 32 59 35 114 34 49 111 96 90 194 131 75 12 223 107 30 33 212 74 76 155 99 188 56 187 126 178 28 51 27 93 136 38 31 119 
170 10 148 62 214 251 50 248 195 38 48 145 216 56 138 199 37 147 134 252 140 106 193 181 18 182 19 11 158 204 175 139 201 135 49 114 68 157 128 191 80 224 254 21 235 238 41 242 212 105 246 221 112 89 247 156 126 226 75 101 59 200 194 232 225 93 111 6 192 77 233 54 245 206 172 88 132 179 210 153 42 228 45 163 28 85 244 171 79 136 209 66 127 71 239 14 76 115 73 26 230 250 60 120 207 109 202 217 231 185 61 72 162 39 124 211 98 144 87 55 150 151 44 253 161 35 51 243 167 70 47 57 133 189 84 65 255 40 122 219 220 131 83 186 125 180 164 53 166 188 165 118 178 63 8 149 13 208 116 108 24 74 169 113 32 91 69 46 190 9 58 205 119 67 203 22 52 25 20 29 4 17 82 2 34 218 173 187 177 30 92 110 27 100 142 137 184 159 33 256 43 249 16 143 95 3 64 5 227 104 213 234 90 183 198 31 223 160 240 141 154 36 107 99 241 15 23 237 123 81 236 117 78 215 155 152 12 121 129 229 168 7 86 174 197 130 102 176 103 196 97 222 146 1 96 94 
104 231 57 115 71 152 59 40 114 238 111 226 19 140 254 97 162 187 5 107 67 224 9 243 244 92 56 239 72 88 141 42 246 78 77 241 68 49 95 75 87 27 41 251 190 4 223 209 37 191 194 197 18 1 17 33 63 256 105 29 44 147 204 232 242 65 153 34 90 135 69 134 177 21 53 159 10 14 82 121 137 138 188 43 219 100 39 70 201 186 35 99 52 255 149 252 154 192 64 216 183 83 22 178 181 66 15 203 200 206 12 248 81 93 165 124 7 117 101 16 13 120 164 143 36 220 225 198 249 210 148 128 156 193 218 2 125 180 38 221 31 30 229 175 11 184 96 130 84 185 145 166 213 151 161 155 109 3 250 144 8 119 91 25 60 102 116 142 167 131 171 215 212 182 6 98 94 47 158 253 169 195 150 227 127 85 179 89 54 48 136 173 106 170 214 79 74 110 157 139 103 163 129 236 46 118 233 237 80 196 62 32 24 108 26 133 217 50 86 228 205 222 146 199 126 132 122 207 160 55 73 174 123 247 28 51 240 189 58 202 20 23 61 208 230 76 112 245 113 172 211 234 45 235 168 176 
175 45 137 203 235 246 251 194 112 60 90 179 196 106 6 129 173 165 11 118 19 76 174 144 241 197 132 94 147 24 238 35 228 201 189 254 253 200 150 198 146 80 8 208 53 81 124 123 164 88 227 184 240 143 130 117 255 225 249 68 153 206 233 20 43 217 158 75 131 5 30 2 211 66 46 192 1 78 214 138 34 188 108 218 135 187 79 221 87 4 209 111 31 193 100 12 229 126 205 13 56 125 14 114 25 50 248 185 69 134 89 16 177 15 148 226 74 97 178 133 232 98 168 191 28 128 172 234 204 64 127 84 3 182 22 62 37 39 36 85 57 21 67 71 93 243 210 202 23 157 102 212 142 160 51 239 55 47 42 149 101 96 183 83 162 49 10 54 190 237 163 82 167 48 65 52 231 159 38 86 105 181 166 216 33 110 115 250 171 91 29 219 70 92 9 139 176 7 58 122 44 199 63 17 59 169 61 215 244 18 223 156 104 113 252 222 145 103 40 242 247 155 120 195 41 73 136 152 119 186 213 180 256 230 151 154 140 107 72 109 116 245 26 121 141 95 77 99 220 161 207 32 224 236 170 27 
86 180 16 239 167 25 153 116 228 183 99 113 37 107 189 13 61 52 219 20 89 120 77 109 134 93 121 135 90 171 179 226 215 148 184 235 65 69 47 205 156 204 227 88 248 174 84 63 214 220 40 73 225 133 175 60 236 33 51 7 129 254 177 200 238 140 237 29 240 190 164 128 118 26 54 201 78 28 106 23 210 100 72 256 3 131 8 82 92 22 138 42 221 249 212 80 233 24 178 246 136 5 48 231 57 15 30 55 143 139 187 11 87 192 41 255 58 252 79 232 127 35 108 145 9 103 132 112 149 186 67 199 218 137 1 185 211 119 230 141 64 49 105 165 166 245 6 125 81 43 19 154 223 66 208 150 4 76 53 198 97 203 176 85 111 70 123 95 59 44 45 216 224 2 68 234 34 12 195 98 172 209 130 182 229 206 71 142 46 62 159 14 160 247 104 21 163 202 126 251 162 75 122 117 102 39 101 250 32 144 217 94 196 244 96 155 146 193 181 158 115 253 56 168 18 242 222 157 151 161 10 191 50 110 74 169 147 124 194 31 152 27 173 38 91 170 213 207 36 17 83 243 188 197 114 241 
157 193 168 51 141 29 42 54 169 225 215 202 191 142 197 209 100 40 5 66 223 159 136 119 188 145 121 162 60 248 216 110 153 171 12 45 143 185 227 242 88 59 36 164 64 205 13 71 183 132 174 129 228 32 160 26 28 81 69 172 249 94 149 21 95 163 115 253 204 17 16 31 173 30 109 203 75 118 146 241 70 250 85 23 152 102 234 255 254 98 72 27 236 235 53 39 112 50 34 124 6 103 151 138 77 68 79 44 219 41 83 133 67 104 92 73 130 239 74 200 190 47 201 212 220 192 207 210 240 170 105 196 214 87 97 134 122 120 15 127 113 165 55 224 108 9 4 126 252 243 161 106 233 166 198 238 38 57 147 99 182 62 245 195 117 90 82 237 246 18 140 96 114 37 144 251 244 150 33 221 52 167 7 226 76 222 180 211 46 217 61 19 158 123 175 89 101 247 231 125 1 10 156 93 208 48 128 49 8 213 3 179 22 218 177 25 116 229 148 58 63 137 131 135 11 84 206 155 186 24 2 230 91 189 43 176 154 181 256 86 111 107 178 199 139 65 194 78 35 20 80 232 187 184 56 14 
140 125 67 239 212 217 117 224 101 17 194 184 93 228 82 189 120 183 216 45 68 157 159 146 154 49 174 90 41 79 12 98 78 15 209 6 13 133 215 225 100 253 24 235 145 188 44 81 28 18 84 99 220 8 114 248 163 176 207 170 20 5 104 89 111 86 80 210 128 153 109 164 230 165 247 50 151 43 130 115 127 122 255 160 112 211 74 132 251 162 222 91 156 2 16 58 196 204 195 206 105 139 158 249 198 233 55 21 231 54 36 214 199 172 35 175 46 256 22 48 244 149 65 75 142 236 180 92 161 110 135 219 63 242 23 240 223 11 136 3 141 70 76 147 88 106 118 167 246 83 33 37 73 234 29 182 108 166 62 97 250 137 213 66 243 31 229 155 134 95 10 53 56 245 191 200 185 201 25 232 143 179 187 148 252 168 205 69 226 150 237 1 27 152 87 193 77 94 144 40 238 208 116 113 221 61 177 64 7 190 227 4 59 51 241 138 14 47 129 107 39 72 121 60 181 203 26 19 202 131 178 218 124 42 30 169 96 197 119 32 173 34 171 126 9 57 38 103 71 192 85 123 102 52 186 254 
55 148 72 130 76 143 149 244 115 79 196 222 40 88 1 216 11 249 164 50 48 105 56 43 121 251 150 199 38 250 238 32 129 58 133 168 184 198 176 253 236 182 86 95 163 153 10 3 162 233 140 6 232 118 8 179 246 225 18 51 175 221 171 60 26 53 2 174 87 135 141 254 93 120 217 137 213 151 36 131 5 52 142 189 64 204 208 154 139 183 144 134 200 132 241 224 75 205 234 42 101 4 66 25 106 28 230 201 239 92 247 159 110 242 73 136 15 173 240 237 91 116 125 31 160 45 81 100 80 113 212 192 54 210 122 63 126 20 220 49 65 209 22 185 14 111 61 9 155 74 194 114 223 21 218 109 47 203 41 245 71 243 180 123 195 77 104 157 68 94 152 69 169 128 158 30 138 231 165 34 146 215 39 16 70 193 156 59 84 97 207 219 167 83 248 46 24 117 17 89 256 67 252 35 57 188 96 62 119 170 12 255 228 23 181 172 112 85 235 82 227 124 102 37 226 90 190 197 211 191 214 13 99 161 33 78 166 147 98 103 19 108 229 127 107 187 206 202 145 177 186 178 7 44 29 27 
247 186 173 251 40 25 20 107 27 10 67 200 61 63 75 121 57 238 243 74 35 101 62 198 147 91 201 193 102 133 84 154 203 113 141 239 48 76 132 108 128 80 160 224 242 235 44 234 164 161 172 152 129 6 32 228 176 56 149 11 65 171 4 88 204 46 17 175 142 197 1 69 256 12 190 109 99 53 114 33 5 249 60 50 47 117 248 49 58 179 51 19 226 169 151 23 215 115 178 250 150 222 207 210 89 214 124 116 95 231 2 29 41 105 253 73 38 157 64 90 86 192 16 30 223 77 45 213 230 209 87 143 181 182 119 21 31 153 92 98 148 232 140 131 205 254 106 196 138 120 233 241 134 7 139 225 144 9 52 79 218 37 183 125 191 42 54 163 14 13 174 81 219 94 237 208 3 18 24 194 189 8 103 82 34 146 127 112 168 177 159 100 85 217 137 188 135 221 96 93 202 185 15 111 206 246 123 255 245 187 180 28 145 165 166 66 22 216 170 110 229 199 26 252 70 43 118 59 130 220 156 68 83 78 212 227 97 167 36 126 122 71 184 236 162 72 155 136 39 195 244 211 240 158 55 104 
26 40 22 183 207 107 56 45 148 32 176 173 9 196 232 239 220 189 256 218 83 49 124 33 53 213 91 97 156 142 132 242 6 111 241 150 211 20 69 227 217 187 195 17 64 74 144 171 109 90 95 253 245 88 143 201 93 27 128 115 82 66 169 19 8 182 243 76 52 48 222 18 172 13 198 75 116 224 200 117 134 185 85 145 71 167 136 36 125 34 252 235 160 121 114 170 30 229 21 184 57 139 230 62 135 205 203 108 147 174 92 37 60 72 225 141 209 140 247 138 246 123 193 188 35 154 4 210 204 166 5 25 81 102 249 96 46 175 164 214 237 179 231 159 106 1 70 202 11 15 255 23 180 234 94 101 250 79 119 194 31 38 68 104 59 199 163 77 47 251 98 113 122 208 168 7 223 105 126 137 240 157 14 130 151 177 110 80 226 100 165 54 112 133 191 233 192 219 58 118 99 146 190 24 158 206 103 67 89 10 55 228 44 197 254 16 42 39 29 127 63 221 51 78 12 120 152 41 161 216 50 129 61 3 65 84 248 73 2 215 149 28 86 43 178 212 244 87 238 181 155 162 131 236 186 153 
245 149 96 104 198 204 50 103 220 63 123 99 31 229 90 48 30 98 22 178 66 120 79 122 196 234 74 93 255 92 154 109 75 106 68 215 197 144 222 224 12 5 166 187 161 102 13 206 160 235 8 185 170 19 28 134 105 167 64 232 110 9 254 249 3 247 34 199 165 107 84 101 246 14 91 241 24 188 47 76 129 216 21 33 227 181 200 176 180 112 193 173 192 111 146 2 174 45 86 37 82 212 41 20 55 127 172 139 126 89 26 46 23 39 11 182 135 6 94 207 38 36 136 153 252 145 169 1 95 219 125 58 156 73 256 97 10 87 85 177 152 83 59 244 148 4 248 43 113 251 141 179 130 218 65 191 138 62 171 114 231 132 124 208 243 117 157 27 53 164 88 80 131 230 203 155 116 70 29 133 214 77 184 213 217 147 186 78 142 237 150 49 162 209 7 168 40 242 195 201 121 57 56 189 238 194 25 67 42 223 158 15 72 159 35 137 119 52 205 44 233 239 128 16 32 60 17 250 211 108 202 81 18 71 163 61 175 228 143 221 69 210 253 54 240 140 115 100 225 118 51 226 151 183 190 236 
235 25 206 77 65 5 198 112 174 243 128 219 2 183 63 162 163 114 8 72 192 214 51 35 242 175 165 256 212 154 126 132 158 238 80 197 152 170 239 124 12 168 121 140 96 118 38 62 171 94 241 236 105 211 234 220 156 139 255 86 200 131 87 89 187 195 135 227 155 27 24 43 224 146 40 101 208 13 88 37 194 19 169 104 150 253 120 173 178 191 33 147 47 49 66 76 57 251 48 16 149 233 106 225 54 137 184 196 182 98 46 64 6 23 217 99 115 129 111 250 18 31 116 249 21 95 22 107 237 3 207 79 221 108 193 36 231 188 199 55 50 145 216 85 74 45 32 143 1 177 71 164 4 203 52 210 166 20 42 122 78 91 254 103 11 136 252 29 17 223 142 26 215 202 102 245 7 92 167 201 248 232 247 28 119 44 93 110 84 179 159 141 222 60 10 75 157 34 228 69 160 73 226 109 67 180 59 229 133 172 161 125 61 39 209 30 246 127 53 14 176 185 189 58 100 56 205 204 190 82 130 68 83 97 90 218 113 117 81 244 230 144 41 15 186 9 123 151 70 240 213 138 153 181 148 134 
138 240 63 73 154 108 15 231 113 222 204 46 191 152 122 32 7 95 34 71 60 14 45 188 230 25 153 116 243 247 106 136 125 226 49 254 52 21 194 175 133 237 8 213 68 164 80 180 127 206 4 202 84 131 64 74 41 19 145 110 190 65 78 256 186 62 143 100 47 121 54 39 155 178 162 252 235 255 227 30 183 218 16 189 245 197 59 85 24 187 22 241 123 70 130 86 18 151 232 234 115 167 23 165 174 76 6 28 53 102 55 253 207 103 77 168 163 37 229 26 161 20 1 242 81 238 35 10 88 158 224 169 36 33 236 146 107 17 160 105 118 205 185 209 72 184 193 5 29 87 132 51 173 223 67 75 147 12 40 114 228 215 225 117 94 111 93 109 69 182 221 251 217 214 43 126 166 135 11 142 50 181 44 179 91 212 220 144 195 2 171 104 176 137 99 219 9 210 112 156 96 124 198 177 129 249 248 82 89 140 90 141 200 239 216 157 246 120 233 57 196 211 203 97 38 79 192 61 83 13 42 208 98 66 56 150 172 148 199 250 159 134 149 119 139 170 201 92 48 128 58 31 3 244 101 27 
187 29 220 211 22 103 255 49 204 179 56 128 184 100 182 246 177 102 112 195 11 18 40 34 43 224 215 227 110 16 58 41 55 234 87 15 2 53 35 174 38 254 205 161 236 163 93 168 150 75 183 239 73 60 28 245 146 8 72 65 240 66 68 96 13 130 119 44 165 140 222 95 196 51 101 80 142 228 191 26 219 156 126 132 121 207 141 133 70 12 194 173 153 63 233 7 32 175 123 129 158 25 9 248 247 137 97 169 242 201 193 134 155 98 52 33 86 213 46 253 124 115 203 83 71 231 192 61 217 229 77 199 250 210 69 21 237 170 85 74 31 78 109 181 67 216 197 208 249 108 209 19 152 148 57 166 244 99 185 37 164 122 113 17 6 45 20 160 62 162 90 88 172 91 256 59 202 176 230 27 4 104 131 212 178 149 243 189 79 120 135 47 48 5 147 111 159 235 3 251 144 232 24 151 107 89 125 225 116 82 118 54 117 39 42 221 106 92 223 171 190 198 94 81 252 84 1 145 76 214 241 14 136 226 180 167 154 218 143 127 238 105 200 36 50 186 114 30 139 64 206 23 157 138 188 10 
122 170 45 51 103 147 44 140 198 183 124 237 151 39 14 182 27 184 134 256 145 221 185 80 76 56 90 131 229 104 74 12 175 29 25 154 166 230 202 130 92 70 177 250 72 217 71 132 205 18 63 67 194 236 138 242 208 142 153 118 172 241 220 13 46 54 203 190 252 161 4 59 5 128 106 146 78 32 20 15 83 84 85 150 23 209 253 125 148 43 251 222 95 173 10 213 164 136 9 181 243 81 238 228 68 97 167 109 189 119 163 114 249 135 116 115 227 244 42 223 26 117 139 22 36 255 188 88 49 204 34 233 107 69 61 235 240 207 247 3 35 62 127 99 66 234 58 1 133 211 137 113 40 52 254 60 199 126 212 87 2 55 180 215 94 17 91 210 57 31 144 218 225 179 193 200 47 28 169 155 231 214 160 98 16 38 110 158 11 24 159 149 53 48 93 37 171 41 50 224 65 197 82 108 96 232 111 33 123 105 191 186 101 77 246 86 8 157 141 174 201 102 121 6 239 30 219 192 187 176 245 162 248 129 168 195 64 21 196 216 7 165 143 156 152 100 79 226 120 73 89 178 112 206 19 75 
4 139 108 182 249 47 1 143 144 191 8 54 166 210 110 123 186 25 113 117 135 124 20 172 63 127 51 26 101 152 206 234 145 230 98 40 35 201 174 232 167 227 6 46 236 100 205 250 74 146 200 192 43 42 56 156 65 213 36 253 178 69 246 95 189 9 175 14 256 242 121 203 194 219 126 7 45 122 155 34 148 137 164 104 90 84 78 177 23 30 226 85 243 91 49 228 202 138 151 179 67 165 80 81 196 13 22 118 128 233 28 136 19 160 247 59 96 183 17 24 33 252 198 240 187 52 209 60 229 114 16 176 97 208 116 18 220 32 197 57 168 89 53 195 134 115 61 72 212 109 92 171 31 82 83 102 48 169 76 217 207 149 188 55 215 79 105 119 161 133 181 87 129 141 29 39 255 204 218 221 73 107 130 248 157 41 223 2 153 185 238 27 147 241 38 159 66 58 199 12 50 214 77 162 235 170 93 184 190 64 154 21 44 3 158 131 5 75 10 68 163 180 37 244 111 224 211 193 173 11 99 254 94 112 222 106 70 132 251 231 225 88 71 140 239 15 142 237 103 125 120 245 62 216 150 86 
222 253 69 248 228 187 24 50 242 186 247 198 224 81 212 172 218 56 11 251 87 160 128 13 121 109 78 206 196 8 215 254 170 113 93 180 168 29 90 255 241 192 256 116 105 18 234 125 173 77 118 235 30 70 7 100 237 201 148 203 14 53 197 177 58 75 120 106 28 115 66 133 230 42 204 231 207 229 45 4 190 34 94 195 57 249 101 162 84 21 136 227 214 134 126 96 88 211 82 46 67 124 202 2 3 188 92 220 54 110 80 167 103 244 98 83 137 33 149 163 19 210 252 79 165 143 16 223 65 102 86 108 31 26 99 95 164 123 194 142 40 60 68 74 151 49 38 150 39 20 48 122 111 152 132 199 169 61 158 32 130 156 153 155 44 127 189 55 12 63 146 10 89 22 239 64 238 131 97 184 243 51 114 107 216 217 140 117 76 179 200 112 157 226 52 175 209 191 37 25 246 9 85 176 71 193 138 208 225 59 245 185 119 159 23 181 104 144 129 174 147 47 41 178 73 43 62 161 36 139 17 141 205 171 91 15 145 1 233 232 250 213 72 219 35 6 183 154 221 27 135 240 166 236 182 5 
24 205 29 183 210 39 146 56 38 1 137 182 52 166 215 135 104 164 78 121 244 28 138 173 8 107 43 247 163 256 218 97 248 217 32 113 44 157 193 31 155 239 76 33 251 72 226 40 195 228 191 202 185 99 255 143 181 50 117 6 69 25 4 11 240 2 49 124 253 161 198 91 63 224 158 216 199 81 127 116 235 142 162 65 147 187 64 219 83 154 128 22 174 42 159 152 140 119 156 171 100 120 206 246 211 5 153 102 165 10 80 84 48 178 12 133 209 130 242 225 118 53 73 123 201 168 134 222 75 13 67 57 70 229 77 230 60 111 180 203 58 186 200 30 37 27 227 20 249 26 237 21 132 213 34 231 221 110 126 93 252 98 169 150 15 236 177 95 3 112 220 115 145 148 79 176 232 62 96 35 238 170 46 196 16 47 7 36 114 85 223 106 141 136 129 184 92 19 160 189 68 89 94 14 250 55 234 88 192 51 243 149 212 175 54 103 188 17 241 101 151 41 254 61 167 108 71 233 66 122 23 90 82 172 45 179 194 87 208 109 74 139 214 131 144 86 18 245 197 59 9 105 207 190 204 125 
225 154 66 207 221 107 7 69 114 237 252 141 88 36 188 91 220 254 57 168 96 250 242 30 44 156 211 245 89 160 224 108 233 128 133 176 92 229 190 82 46 13 60 83 142 105 199 27 38 226 201 169 219 67 35 217 75 116 191 179 174 153 39 209 173 86 183 5 25 18 208 149 14 135 151 138 196 189 184 94 127 187 97 53 117 8 55 238 132 19 45 47 102 70 232 244 136 172 146 64 240 223 215 166 140 6 204 165 210 1 256 124 84 216 123 12 100 158 234 126 200 72 54 251 243 119 155 111 26 125 163 22 175 78 214 15 85 227 139 68 50 205 112 95 178 231 24 62 202 192 28 239 181 170 101 3 79 63 241 129 56 80 121 186 109 122 98 106 248 159 247 167 10 230 143 131 115 99 9 59 73 218 213 206 113 145 144 29 33 164 185 11 2 49 104 87 228 203 157 249 182 197 148 194 23 150 147 120 171 32 236 41 4 52 134 42 255 48 103 90 77 222 16 81 161 21 17 177 198 61 195 130 193 51 152 118 34 162 74 43 137 253 20 110 76 37 180 58 246 71 40 65 31 235 93 212 
99 200 105 160 232 102 145 57 249 5 235 65 34 95 230 128 219 239 137 227 211 192 38 242 62 229 125 236 7 15 250 64 143 63 122 153 108 117 208 13 119 66 19 3 226 168 141 131 212 121 179 175 171 50 196 70 103 173 253 132 178 161 48 162 116 224 188 207 92 172 231 88 216 86 81 110 59 26 27 69 186 82 222 123 42 37 126 49 152 203 100 56 180 87 11 181 133 127 251 136 36 248 142 55 247 244 73 17 215 165 193 97 85 52 51 74 45 98 240 46 41 220 201 237 77 214 130 61 20 54 238 22 159 53 158 90 164 210 170 157 9 163 246 198 104 151 185 10 190 149 182 144 234 12 40 256 47 33 177 68 31 111 218 223 113 106 199 32 43 60 21 1 28 16 255 89 221 101 154 202 71 96 209 58 187 166 233 44 150 194 67 217 156 228 169 25 184 241 39 155 112 195 148 2 135 139 24 129 30 204 114 138 79 14 35 29 6 93 213 118 72 4 191 83 176 115 124 120 23 189 109 146 245 252 147 78 75 107 197 205 167 183 94 243 140 80 134 84 18 206 8 174 225 76 91 254 
57 94 136 18 84 243 46 97 150 190 146 163 173 151 33 207 81 228 116 256 71 186 37 31 129 105 193 219 111 121 142 133 213 89 70 82 74 247 241 98 233 8 90 149 208 75 153 12 112 236 217 255 135 30 178 224 11 117 179 200 161 240 246 214 63 76 171 44 220 194 36 192 17 13 172 253 141 55 107 223 119 64 225 4 226 122 9 22 176 109 235 159 138 164 244 102 249 154 53 167 5 115 147 86 93 99 184 96 52 222 72 203 239 77 202 49 59 113 42 132 211 218 58 145 26 40 25 68 32 66 198 43 139 24 215 187 15 110 206 50 169 41 118 79 227 126 65 162 204 120 248 234 245 92 183 140 87 231 232 7 177 125 108 143 137 88 182 91 185 160 2 175 180 221 62 157 128 16 124 6 148 100 114 127 56 83 191 201 78 229 238 152 101 1 197 252 35 205 155 51 69 134 131 60 251 39 188 168 104 199 80 250 38 95 210 28 21 242 237 165 106 130 61 23 29 144 209 212 216 174 156 20 196 170 166 73 67 45 3 14 103 189 254 195 181 158 54 48 230 34 47 10 85 19 123 27 
147 235 252 53 54 19 165 78 95 9 10 178 17 82 106 117 161 6 34 241 81 180 132 155 113 107 29 14 209 108 144 89 251 174 190 234 128 176 184 90 189 150 30 181 173 91 207 119 64 149 62 18 188 92 247 215 179 197 187 159 32 44 124 133 227 68 84 47 8 39 218 254 152 244 31 166 97 67 238 239 183 114 195 21 104 220 201 196 198 61 250 73 200 233 130 71 237 40 94 141 131 57 120 225 77 164 230 168 5 170 2 98 216 100 203 83 126 123 52 243 228 245 186 7 101 191 87 175 102 204 25 33 49 162 210 41 36 224 20 58 246 118 229 121 122 51 4 111 212 43 88 217 12 167 27 226 248 138 15 146 249 1 13 182 193 48 219 156 157 56 214 142 125 112 163 105 205 76 109 172 70 208 139 99 232 221 93 136 148 137 80 85 37 74 23 46 45 127 35 185 231 213 211 223 110 60 72 86 26 22 24 169 160 115 177 140 145 11 38 50 134 96 256 28 129 171 222 69 59 154 55 236 199 192 65 242 42 253 153 116 79 16 63 158 194 240 151 202 3 135 255 206 143 66 103 75 
4 54 11 222 202 20 113 101 70 26 103 69 212 110 206 51 5 121 73 82 137 60 18 154 96 3 36 127 189 105 174 209 239 8 76 231 186 9 188 37 132 147 180 68 93 24 78 117 88 163 49 244 25 128 214 207 179 157 108 2 35 197 216 152 177 95 227 29 223 45 79 242 176 183 237 53 120 149 43 153 58 201 228 243 136 124 7 30 67 106 107 115 187 190 59 224 47 97 164 56 162 75 84 150 251 166 42 129 32 99 167 64 57 111 213 199 169 141 139 134 87 62 21 253 41 218 94 161 165 181 28 178 230 86 61 210 145 196 72 114 15 193 225 233 23 254 220 205 204 48 171 123 39 109 63 19 116 31 185 250 184 151 135 182 40 234 226 1 208 92 217 160 195 194 46 122 12 198 65 126 203 14 81 102 215 156 238 133 142 13 232 173 140 138 255 246 252 52 85 55 248 10 172 219 158 247 144 241 83 159 27 80 91 100 249 229 119 6 77 211 148 125 143 175 155 118 235 17 112 146 192 66 38 168 200 33 90 256 240 245 89 131 34 191 50 98 22 74 236 170 44 130 221 104 71 16 
106 2 177 231 38 95 53 136 164 239 47 15 154 141 246 248 25 204 70 247 207 234 221 241 144 187 85 4 160 251 211 35 19 92 63 233 18 242 51 163 183 148 165 115 49 5 137 118 208 98 121 182 190 75 30 151 227 205 13 21 107 120 195 153 214 229 94 112 76 180 143 37 243 134 84 61 174 175 27 181 192 254 39 218 6 147 7 26 212 82 194 172 133 168 191 162 210 3 197 127 24 56 74 102 223 203 152 58 89 68 16 130 179 46 138 62 52 93 142 128 222 176 122 81 213 217 226 155 32 225 157 169 238 109 129 224 12 173 236 96 178 33 90 199 167 171 209 237 140 31 100 110 135 170 91 186 14 8 132 97 65 40 79 198 108 230 150 114 71 101 253 201 17 119 117 215 1 67 116 105 111 216 125 73 66 196 28 54 184 80 103 83 113 126 256 59 159 166 55 104 42 232 44 131 252 220 240 34 123 145 124 48 64 219 22 185 78 235 249 20 188 189 88 99 23 250 200 69 11 158 244 86 245 87 193 156 29 139 36 146 202 43 77 206 50 45 228 255 149 10 57 72 9 60 41 161 
133 23 239 220 142 145 46 246 196 231 10 237 129 62 55 97 80 222 240 166 161 79 83 38 108 198 89 155 204 163 49 12 219 91 232 197 184 125 255 247 238 185 212 43 151 16 193 115 99 93 53 177 203 40 76 5 36 32 132 226 122 92 235 106 64 102 140 29 195 25 138 90 77 234 124 54 103 107 65 2 225 217 86 149 137 169 4 63 51 121 245 87 216 24 173 180 175 73 48 183 33 188 143 230 236 34 95 210 22 70 154 1 153 141 81 44 207 47 174 6 35 128 158 72 105 71 100 201 61 9 165 135 98 186 192 130 28 244 30 179 7 85 84 221 17 168 190 215 152 243 218 78 57 104 176 214 31 164 45 182 213 202 126 8 205 208 50 74 116 123 15 147 160 233 211 191 19 181 118 253 157 206 68 167 223 11 200 39 20 251 67 27 146 256 75 242 139 14 144 113 109 227 110 58 111 172 88 162 209 114 171 250 56 3 26 254 13 117 101 96 134 127 42 119 69 241 60 194 228 59 156 82 18 94 187 248 189 252 249 150 112 131 224 41 136 37 66 148 21 178 199 229 170 159 120 52 
8 43 231 50 197 35 56 212 88 232 46 17 182 16 184 75 228 95 66 204 93 118 188 65 32 206 7 62 31 215 175 174 234 193 246 229 64 189 121 162 216 129 199 194 127 209 21 119 200 158 61 78 19 123 207 149 186 80 132 83 198 28 41 27 14 40 176 236 152 146 203 63 180 73 187 53 110 30 3 92 74 239 85 185 2 226 190 164 5 140 178 112 249 48 70 160 98 237 253 10 89 84 124 201 135 173 13 100 116 172 55 202 252 148 222 166 136 156 15 144 181 240 82 45 177 11 145 126 151 219 244 22 29 97 251 122 247 131 230 220 69 224 90 214 170 141 91 39 51 81 245 113 103 104 167 120 161 256 208 205 79 138 105 26 33 218 210 59 114 49 20 57 139 38 150 1 117 223 227 179 54 107 192 183 68 225 25 6 211 23 130 196 72 147 235 238 60 195 142 242 12 67 128 248 36 241 111 143 169 125 134 9 163 165 18 108 47 221 71 58 250 87 37 24 77 102 154 217 243 137 213 191 157 44 96 171 233 101 94 76 99 159 115 255 52 42 34 153 86 133 4 254 109 168 155 106 
248 155 113 245 29 50 189 1 204 231 214 57 60 208 62 48 255 80 166 188 39 31 87 98 153 3 79 235 33 129 77 56 111 194 74 244 88 174 216 218 44 21 163 105 238 179 152 172 82 54 83 5 191 132 220 177 134 94 185 40 90 131 151 200 43 38 96 173 254 2 143 19 209 32 64 196 156 49 148 4 122 81 251 237 23 192 117 127 186 178 197 170 142 34 84 75 198 63 182 252 232 68 165 45 202 203 167 70 115 52 226 212 230 159 207 89 58 133 149 215 76 222 7 128 61 17 15 158 107 118 135 116 28 243 108 72 119 250 140 25 16 160 249 102 69 120 137 141 78 112 256 55 205 223 110 199 211 164 93 20 213 47 195 95 161 193 121 146 225 139 183 240 125 41 42 11 228 24 224 109 126 100 130 36 169 234 239 46 65 10 71 136 114 190 97 26 124 35 221 51 150 168 8 91 246 67 175 138 206 227 145 210 103 18 229 147 73 187 217 154 144 9 242 30 176 66 157 162 85 241 106 236 201 181 247 37 101 14 233 53 6 59 123 104 253 86 99 27 92 219 180 22 171 13 184 12 
101 39 44 166 195 59 146 45 99 192 133 76 89 81 247 74 71 152 225 232 131 7 65 79 230 51 103 98 111 94 219 235 179 118 73 234 121 243 205 171 182 191 229 31 255 30 63 26 43 164 75 105 12 245 36 34 144 72 25 88 142 213 112 178 227 60 249 70 91 207 102 210 132 198 211 199 53 197 4 214 56 109 158 14 204 42 77 96 8 47 137 141 149 175 228 85 33 6 174 95 153 201 209 19 217 24 165 147 126 193 172 11 41 22 57 160 108 119 28 107 23 202 239 116 113 236 61 196 185 150 233 254 168 218 161 27 100 155 240 125 58 92 223 64 176 54 154 2 83 253 143 148 38 129 29 221 231 203 188 17 187 9 183 177 35 3 248 162 120 163 180 186 184 16 206 145 106 135 212 226 151 134 48 90 208 20 170 50 173 156 224 46 136 40 10 15 32 104 67 18 52 124 140 222 169 181 238 128 139 110 87 13 97 84 244 69 66 256 138 159 117 114 189 237 200 167 215 242 78 5 130 21 82 93 251 190 220 62 127 37 55 80 241 250 115 123 86 194 252 122 246 1 49 68 157 216 
159 230 74 182 84 37 10 22 13 183 177 195 115 21 82 136 181 256 68 114 98 100 8 52 251 87 157 128 35 104 207 160 193 224 194 73 125 124 110 90 241 116 28 62 156 229 188 235 206 126 54 204 105 179 122 168 242 140 231 58 11 219 53 71 227 222 72 162 178 108 144 38 187 155 59 232 89 252 163 145 18 29 40 33 65 240 201 214 153 175 60 143 211 213 239 149 86 164 210 150 139 9 138 27 85 170 102 109 96 221 78 254 202 120 243 146 132 118 218 228 190 42 165 51 43 151 173 247 75 245 106 24 248 192 244 137 197 141 77 117 34 4 198 172 226 93 216 94 48 217 26 148 152 57 49 246 234 101 166 180 111 55 6 36 237 25 95 31 99 63 225 23 50 238 16 76 56 133 189 64 121 174 215 191 17 44 32 167 107 3 45 176 161 20 233 129 39 142 92 81 15 66 47 119 2 80 67 97 69 1 41 7 199 113 123 14 46 79 5 212 220 83 223 253 147 186 255 208 91 205 61 184 250 131 171 200 134 203 19 112 12 236 185 70 154 130 103 30 158 249 127 88 135 209 169 196 
170 253 198 175 56 28 237 245 8 25 76 7 71 232 22 4 29 157 26 88 228 9 31 226 12 80 125 73 224 115 223 218 17 72 43 256 37 164 181 167 138 231 174 47 193 234 59 94 87 104 244 121 141 44 38 139 229 214 178 96 207 215 21 102 254 108 208 159 82 246 203 39 106 137 250 99 35 147 83 14 27 120 55 241 176 172 110 186 200 117 128 49 146 129 135 211 61 79 103 171 202 123 233 199 69 180 222 45 165 240 130 54 112 52 100 74 40 160 236 235 109 2 1 205 19 182 188 116 64 51 5 166 48 187 169 92 91 173 156 42 84 34 62 204 23 124 197 70 255 127 89 221 32 90 185 126 210 140 6 60 195 78 30 134 153 131 190 201 219 145 65 155 189 77 85 118 149 206 158 142 93 148 66 68 136 15 33 194 18 162 75 247 242 213 144 243 58 209 11 249 151 251 217 41 53 105 133 239 184 50 150 3 143 114 113 24 101 216 196 97 111 183 20 122 252 86 177 10 152 161 191 67 98 230 192 81 225 36 227 13 119 163 154 248 57 95 220 179 212 168 107 46 63 132 16 238 
107 250 175 23 15 115 245 3 145 73 100 76 133 86 253 59 237 154 147 57 226 181 60 66 81 70 119 130 45 177 80 5 187 223 219 142 227 248 246 106 98 27 183 153 95 55 243 39 143 12 255 36 168 164 82 234 151 202 120 8 204 200 239 19 30 170 169 64 33 136 215 199 35 232 195 75 83 165 56 152 139 126 37 20 201 87 26 118 247 150 34 225 155 1 17 194 11 208 160 112 67 84 206 210 99 229 159 101 252 44 42 129 203 79 62 131 14 256 146 89 207 140 198 114 213 25 69 249 92 211 104 125 230 61 123 71 77 29 48 9 161 54 58 132 176 222 4 186 109 117 171 182 156 65 108 24 192 2 113 10 221 193 236 191 244 41 197 94 103 196 166 209 53 185 240 96 50 97 144 110 43 141 128 31 216 63 135 217 111 212 162 68 78 49 91 173 235 6 172 88 149 116 138 32 241 51 157 214 93 184 178 254 205 13 18 40 28 231 188 190 47 233 137 124 72 180 148 220 52 158 179 242 102 251 163 16 38 218 46 21 74 105 174 127 121 122 22 238 134 7 228 224 189 85 90 167 
44 145 138 71 3 96 28 163 106 79 182 165 27 255 208 147 179 132 146 36 112 170 127 247 150 66 16 68 54 139 53 199 12 159 181 245 185 192 117 220 143 8 65 98 152 93 218 121 229 41 72 91 128 114 99 33 186 34 77 25 251 211 156 116 153 200 239 78 67 136 248 111 206 244 75 51 31 183 154 42 30 63 4 168 22 225 221 37 134 105 15 1 50 102 130 14 162 209 82 131 56 164 81 24 40 142 191 233 189 234 140 92 64 194 9 222 48 46 193 151 252 97 249 23 94 231 158 122 213 240 13 133 254 219 178 236 217 84 137 169 120 7 39 125 177 243 61 148 88 246 196 73 198 21 135 190 230 241 107 5 110 103 238 95 87 232 17 115 70 210 226 43 184 207 35 203 256 197 18 172 250 113 167 123 55 57 242 29 11 204 212 101 214 129 224 49 144 2 90 69 59 174 19 201 161 188 124 228 119 195 109 26 118 166 52 47 86 215 171 126 253 108 20 74 202 83 223 45 6 155 10 157 227 235 160 237 173 60 80 100 38 104 149 205 89 62 180 58 32 175 76 141 176 187 216 85 
201 121 39 228 179 190 80 251 82 221 232 4 249 250 53 231 125 165 189 148 109 23 85 235 176 122 141 204 91 66 116 11 50 120 242 248 220 233 184 30 223 103 18 43 143 208 7 209 67 150 247 239 244 149 34 81 230 45 198 28 187 145 252 27 246 139 171 32 255 87 131 192 175 154 123 234 202 193 166 229 15 200 158 241 113 222 54 2 238 35 114 163 167 174 38 76 70 155 29 6 256 94 90 61 86 59 49 63 68 130 245 14 211 16 48 188 52 236 240 169 127 12 83 110 118 157 62 64 58 217 40 13 195 42 177 243 95 197 180 115 216 57 159 173 128 97 60 152 79 178 137 135 101 106 237 24 164 93 107 44 74 33 194 138 214 133 226 75 119 126 210 37 105 142 78 51 153 26 181 21 219 146 31 20 225 205 69 254 55 56 3 71 104 203 185 100 129 73 41 89 162 111 160 136 124 196 183 186 22 10 215 227 218 213 108 65 102 46 144 1 9 17 47 147 5 168 206 156 36 19 207 182 170 8 134 117 92 77 199 140 72 25 98 99 84 88 151 132 191 253 224 96 212 161 112 172 
207 214 5 190 81 2 9 222 107 18 125 83 240 192 122 157 86 175 34 4 7 61 57 165 153 51 149 36 176 147 245 229 96 64 126 114 200 161 253 116 70 68 27 69 39 160 197 189 247 232 124 235 224 135 103 58 188 208 31 73 95 217 246 67 228 38 143 180 140 76 52 117 105 167 181 223 128 74 173 89 137 110 239 251 209 16 184 164 99 101 56 111 49 92 199 216 93 166 28 84 162 248 60 82 152 131 243 12 85 230 20 187 183 19 233 255 202 100 186 108 26 193 249 219 158 45 21 35 129 244 46 138 13 102 256 145 220 196 33 212 41 65 50 170 55 24 77 15 151 22 44 14 236 237 106 115 218 59 203 191 136 75 155 30 94 178 241 37 254 71 211 130 72 174 80 195 91 172 134 123 66 25 63 6 206 215 144 210 87 139 40 10 23 48 213 169 8 42 29 3 234 179 204 119 79 194 62 231 53 159 227 205 238 47 250 146 185 141 177 54 32 182 109 104 225 90 168 97 112 118 163 78 142 127 156 132 43 121 252 113 201 148 11 171 226 120 17 150 98 133 198 242 1 221 154 88 
29 163 215 97 14 8 199 49 151 214 26 128 185 23 207 56 35 37 25 166 172 18 254 240 41 246 21 124 119 90 253 88 251 75 197 6 255 140 113 152 182 33 211 48 20 204 47 147 94 139 104 34 89 91 173 184 225 179 17 32 11 198 127 245 169 236 174 201 7 180 202 83 135 112 224 79 223 84 192 154 117 59 160 159 72 3 87 241 61 165 100 4 196 31 136 222 149 210 164 235 161 203 134 177 45 116 92 36 249 51 219 238 121 55 220 70 148 248 217 237 213 43 231 52 137 93 2 65 129 229 123 156 44 132 208 228 142 252 64 131 195 133 78 120 250 239 170 243 125 99 109 190 144 101 24 244 107 108 28 194 242 178 187 67 157 13 188 68 209 10 200 183 46 66 63 146 247 57 175 1 191 218 82 27 19 221 227 98 114 153 74 85 216 86 150 77 171 168 53 58 126 76 181 176 9 103 69 122 233 96 226 158 54 162 234 189 230 80 186 39 38 155 42 5 138 118 30 111 73 205 22 130 60 95 16 115 193 106 62 232 81 206 145 141 110 12 105 40 143 256 50 15 167 71 102 212 
47 206 104 254 213 118 148 3 70 168 49 174 190 253 217 109 51 39 88 42 81 44 170 240 73 25 187 21 233 126 133 216 219 78 86 231 105 41 10 115 16 251 146 178 14 188 68 91 224 18 141 250 155 124 200 210 252 138 194 4 164 120 193 103 84 228 43 9 36 54 177 173 232 197 189 71 66 96 176 221 108 199 167 236 208 204 207 13 75 27 238 160 85 77 52 159 227 62 140 211 165 184 90 101 256 202 58 218 83 22 166 149 111 186 79 158 135 156 175 76 31 53 38 255 87 19 132 50 26 209 157 191 246 169 63 134 12 60 196 55 61 142 20 119 23 154 97 98 161 214 99 121 15 30 92 143 179 94 123 183 248 32 182 151 229 150 129 114 225 171 163 5 8 162 65 131 69 74 226 56 153 245 215 192 33 198 139 28 64 243 223 230 136 241 205 11 67 222 117 72 235 247 122 244 130 116 6 110 203 249 46 234 29 1 89 34 144 59 185 137 40 212 201 48 127 220 80 100 106 57 37 7 93 145 237 95 82 242 17 35 128 125 113 112 180 147 152 102 181 45 107 239 24 195 2 172 
151 240 81 160 51 6 239 171 228 189 104 199 109 57 112 90 168 214 161 162 192 170 26 35 221 244 121 47 186 29 234 231 194 9 183 212 175 205 241 73 137 167 178 197 34 63 12 101 195 172 36 18 80 157 196 213 150 115 191 44 5 145 108 165 190 127 132 82 11 13 111 102 62 59 209 210 185 85 128 64 224 232 92 84 88 32 176 98 118 40 230 133 97 216 67 43 154 238 130 218 242 15 139 61 131 155 193 140 33 220 17 78 211 58 7 248 93 116 3 156 110 237 8 226 66 152 138 77 201 225 236 74 55 2 184 188 135 219 146 129 173 247 54 106 256 38 87 166 56 124 72 229 22 100 24 4 207 254 159 243 164 27 114 46 126 95 245 246 123 23 208 177 94 143 227 69 19 122 14 16 96 107 217 1 215 253 203 252 202 71 117 68 179 41 181 147 105 65 21 250 75 148 255 153 45 25 60 83 163 233 222 103 42 200 136 28 52 125 37 91 48 249 182 174 180 10 158 53 142 86 251 134 187 70 76 30 144 206 141 113 149 89 99 119 198 20 169 39 79 223 50 120 49 31 204 235 
88 78 198 199 173 135 161 94 211 138 61 243 27 223 197 172 67 90 62 188 63 139 72 251 40 159 147 91 221 29 217 145 202 154 131 82 212 32 1 109 163 14 25 130 176 115 116 206 214 26 151 46 97 95 137 2 114 13 52 80 150 194 110 118 134 160 224 208 16 152 104 121 250 106 92 123 167 17 200 175 222 237 24 189 233 43 143 79 81 103 102 54 12 75 119 249 195 126 174 158 182 22 169 181 124 56 166 105 252 65 244 184 100 48 87 236 190 220 3 193 204 235 117 21 178 51 132 207 71 238 77 133 136 241 69 128 201 101 187 23 50 44 156 70 218 171 20 205 228 230 256 85 6 66 142 47 253 34 127 255 219 122 60 180 149 31 186 49 141 192 210 74 19 231 55 179 86 234 170 57 120 227 89 165 83 64 113 239 35 129 96 33 53 4 93 8 216 76 10 209 153 38 36 232 162 185 28 98 203 9 191 245 58 246 213 99 30 155 215 226 148 125 59 41 107 108 225 248 157 45 168 254 37 183 39 68 111 15 18 11 240 5 247 84 146 242 112 229 177 196 144 7 140 73 164 42 
17 73 141 175 178 100 254 46 20 119 101 114 28 156 138 90 58 191 166 49 150 228 93 106 162 30 15 129 163 117 211 126 3 147 239 111 39 235 213 155 177 7 112 157 48 67 220 99 74 238 227 134 32 192 14 51 12 116 19 122 242 205 86 36 25 176 214 2 210 21 53 81 5 82 63 84 45 83 244 10 94 149 140 148 56 16 123 185 26 102 225 230 89 79 40 234 145 223 243 237 232 71 35 215 161 168 196 31 69 190 44 62 29 206 188 54 209 52 187 92 218 57 128 207 247 72 27 38 13 133 186 1 41 103 241 193 97 131 231 194 219 143 115 256 224 240 202 85 124 78 250 8 98 233 33 65 204 146 61 144 137 80 198 121 189 152 34 55 120 217 11 60 64 212 43 125 208 70 109 127 164 105 221 113 248 252 181 245 173 151 195 76 200 66 59 203 96 142 6 180 88 118 95 130 197 246 160 75 4 201 199 23 42 249 87 50 108 139 167 153 104 169 251 132 236 179 68 154 172 226 171 47 182 9 37 170 229 159 174 253 136 77 255 135 22 24 18 184 110 158 216 165 91 107 183 222 
161 122 95 97 141 72 105 220 222 128 165 81 145 64 134 117 186 149 66 96 240 170 187 60 5 28 135 163 254 248 250 154 8 147 114 26 129 70 235 27 19 29 115 123 50 4 225 253 213 82 126 256 166 69 232 174 40 46 208 218 199 202 13 138 205 30 241 223 151 22 11 244 150 102 146 228 180 42 36 12 140 85 48 157 84 212 62 83 108 79 106 195 209 75 210 224 88 101 246 214 49 91 55 196 162 133 215 175 216 221 207 25 164 51 152 61 203 120 159 39 94 236 137 52 47 176 124 144 56 177 87 245 17 242 44 107 130 57 35 80 178 143 98 231 201 92 6 131 179 184 251 65 78 237 172 54 189 93 119 185 252 181 18 16 249 153 32 109 139 206 103 136 194 99 217 113 127 219 234 227 77 86 132 15 169 111 2 63 9 104 243 168 125 183 7 247 41 68 211 20 53 37 58 200 34 10 43 110 24 155 171 204 233 193 121 67 100 21 198 38 229 74 112 167 89 188 1 59 230 118 156 90 142 3 190 197 45 182 73 148 255 239 160 191 158 31 23 116 76 71 173 33 238 14 226 192 
197 130 157 228 57 114 93 162 166 126 145 76 92 52 229 207 73 9 152 60 87 20 139 2 219 91 111 108 171 67 29 107 238 120 55 12 97 99 63 187 153 22 148 202 96 224 254 112 151 158 56 226 124 49 222 54 35 117 16 66 106 218 23 102 109 128 247 165 252 225 26 83 48 189 140 235 180 125 176 173 181 221 59 58 38 71 212 236 233 19 149 134 21 6 61 79 132 146 211 86 244 198 43 7 147 248 190 105 220 160 186 253 205 50 193 25 184 142 78 42 200 174 15 24 69 122 33 230 46 100 110 137 234 47 135 204 131 70 30 216 90 28 121 177 36 191 53 3 81 144 150 170 116 249 239 74 31 136 113 119 161 227 89 133 255 27 80 68 232 37 39 210 223 217 214 8 155 98 88 65 82 242 94 34 195 246 17 209 77 178 188 95 182 14 192 199 250 75 141 44 84 154 143 1 164 104 194 129 185 45 196 123 11 62 245 64 156 208 4 127 72 213 115 168 118 10 138 175 159 240 103 201 163 251 101 206 237 13 172 243 183 215 169 32 5 41 51 40 256 203 167 241 231 18 179 85 
234 169 189 203 176 70 242 116 206 129 26 110 135 230 12 117 213 8 109 132 52 63 141 177 171 121 23 248 221 252 31 11 51 195 144 124 202 154 173 172 71 54 186 84 108 66 86 217 244 155 251 140 15 120 133 9 159 226 30 167 170 193 134 115 160 151 17 36 191 33 85 75 254 138 224 72 119 37 225 156 104 100 219 49 183 136 101 180 236 97 246 58 163 125 19 113 199 239 139 22 83 122 148 212 187 95 118 39 62 256 78 21 127 145 67 200 207 178 74 241 99 56 60 10 143 50 65 174 76 102 247 88 209 166 107 32 232 197 16 82 184 24 29 3 131 147 227 34 146 158 128 243 46 103 41 161 168 89 162 18 96 44 91 28 81 57 112 255 87 68 249 204 61 196 64 43 79 211 157 238 27 1 240 25 165 208 105 48 90 53 47 42 152 35 80 98 205 222 38 188 137 245 182 153 223 142 250 59 190 6 253 114 201 92 40 13 7 198 111 149 231 45 192 106 233 4 69 179 77 235 93 14 150 229 175 210 2 214 123 215 5 126 164 228 55 218 194 237 94 130 220 73 185 20 181 216 
185 105 39 125 87 139 158 156 209 204 240 116 71 55 131 21 98 193 228 44 59 199 12 97 196 136 66 225 63 8 106 216 197 174 133 73 11 114 238 188 86 64 40 132 202 170 130 56 7 157 151 4 122 28 46 54 206 15 120 194 96 236 254 237 92 219 138 176 149 222 58 178 150 215 111 191 235 251 16 10 117 145 134 179 102 154 3 31 89 135 224 43 221 249 163 24 94 164 207 155 217 223 91 82 33 213 172 60 226 9 103 74 159 34 165 79 220 49 129 141 232 126 124 203 241 201 147 123 166 152 76 100 27 36 112 29 250 121 184 53 77 148 69 70 42 127 48 218 211 212 248 95 101 190 247 68 205 18 109 5 182 195 234 99 230 110 2 160 119 144 41 85 189 246 142 23 93 187 153 61 26 108 81 239 177 72 19 38 210 229 22 62 208 90 186 227 104 75 1 161 214 181 169 32 242 20 35 256 57 88 183 67 80 51 52 253 6 243 162 167 37 47 78 83 245 200 140 192 45 180 146 128 233 25 173 255 65 171 175 143 168 252 107 231 30 17 113 137 14 50 84 244 118 198 115 13 
168 193 114 211 82 88 67 84 20 145 246 16 149 52 107 206 140 185 96 177 51 196 254 79 232 178 30 143 224 90 91 237 126 230 13 192 205 41 45 103 158 112 87 127 70 227 135 233 6 181 208 244 2 78 74 160 183 180 32 157 93 43 198 154 201 251 49 191 8 17 66 220 44 240 234 113 92 252 35 166 94 217 104 159 210 214 110 40 162 59 238 3 213 101 4 53 1 153 141 57 247 33 167 37 21 42 133 253 71 129 86 190 188 142 109 144 124 165 137 204 243 173 216 46 14 202 187 121 27 221 170 146 139 130 138 122 250 68 171 152 100 128 63 58 22 115 172 222 209 47 23 219 26 102 65 28 72 223 218 12 98 108 24 226 69 118 77 245 155 10 255 31 179 229 239 161 119 19 5 55 111 76 207 83 125 61 60 64 81 136 163 156 38 50 175 39 123 242 106 7 15 80 132 117 148 95 174 75 248 134 186 256 56 176 169 85 236 131 184 228 194 189 215 197 89 199 18 249 62 29 54 97 25 203 116 231 150 120 151 182 48 195 212 147 105 225 36 73 241 200 34 164 99 9 235 11 
185 39 245 13 76 157 133 91 65 154 166 179 38 206 160 228 218 81 158 2 102 131 137 253 106 145 83 216 4 9 180 30 200 124 125 15 75 34 249 62 98 240 113 59 57 177 210 231 162 118 69 244 150 95 48 123 61 129 64 49 146 221 147 100 227 208 212 1 80 256 46 55 151 107 172 246 109 32 138 205 197 44 135 11 241 66 85 26 31 122 156 56 199 16 54 115 143 14 176 198 217 114 63 168 90 187 77 51 23 214 96 190 71 28 184 45 155 132 173 251 105 19 167 12 243 238 128 159 203 213 142 233 250 161 182 37 17 254 230 89 53 169 255 181 22 103 195 163 25 196 73 164 126 29 211 148 207 175 20 139 50 134 120 183 104 220 222 10 116 52 178 33 149 226 21 93 234 119 43 224 92 171 170 236 191 153 70 242 248 60 6 108 78 99 24 252 110 86 237 67 27 209 235 127 130 97 42 136 193 40 232 68 8 219 201 87 7 165 223 112 82 247 18 84 141 140 194 5 189 186 174 239 94 47 35 101 74 144 188 72 204 36 3 79 192 215 88 111 58 225 152 121 41 117 229 202 
224 180 72 10 207 21 169 244 223 109 193 133 211 165 203 173 172 253 86 195 199 198 236 78 110 248 166 24 38 255 40 177 197 171 36 14 134 222 49 122 18 67 25 8 181 187 168 153 26 94 218 37 221 115 6 204 228 146 201 56 5 93 16 136 1 160 20 231 138 161 41 249 98 225 81 227 97 45 241 103 89 192 132 42 148 127 256 57 194 121 74 163 117 84 35 123 245 71 77 216 144 58 106 19 112 79 152 189 69 47 82 59 119 238 32 137 108 12 196 145 141 151 155 251 219 247 237 118 39 226 101 2 131 64 63 150 23 28 9 60 43 250 213 105 147 182 246 13 242 46 143 209 208 33 29 44 111 170 159 124 164 178 73 30 4 54 70 27 158 75 254 22 176 31 96 167 157 116 125 7 52 183 34 229 65 87 154 212 139 95 120 174 68 191 100 149 179 240 220 91 83 107 186 92 104 51 215 200 130 114 235 230 3 15 90 188 85 99 48 126 243 11 140 102 205 50 210 233 202 217 239 185 61 156 206 135 55 175 88 129 80 62 162 184 113 190 17 234 214 76 128 232 142 66 53 252 
69 220 152 51 250 138 256 136 26 181 182 132 194 171 192 206 55 249 179 77 231 78 14 37 36 48 24 38 32 247 82 29 122 223 153 188 204 203 135 113 109 175 46 145 54 41 52 25 4 170 18 90 254 227 50 17 146 98 129 45 66 201 123 10 140 73 168 9 118 163 71 191 115 242 112 72 200 79 110 253 195 219 13 22 80 67 245 88 40 96 255 107 248 172 224 117 234 142 44 229 6 160 99 23 120 39 128 11 228 31 199 134 108 57 225 100 155 49 217 58 125 235 186 141 212 3 233 105 238 8 103 76 252 16 42 215 12 243 189 35 148 183 207 158 101 202 176 187 139 94 251 64 83 196 133 102 1 193 61 116 70 104 53 198 2 240 169 226 84 74 222 56 218 162 167 184 47 164 143 93 75 210 216 81 214 43 144 178 121 5 131 89 149 62 239 85 15 147 27 205 21 232 119 59 151 244 137 124 213 209 95 159 241 30 246 20 91 156 190 154 150 161 111 230 28 86 173 106 174 185 68 127 7 157 208 97 63 87 221 34 126 236 92 130 177 180 197 65 19 60 33 211 165 237 166 114 
208 204 69 253 50 20 146 213 109 48 55 210 198 1 17 59 26 133 135 100 165 255 173 174 14 132 38 192 158 233 122 66 23 90 153 237 102 243 68 105 81 70 29 2 35 221 138 232 123 10 225 140 128 171 193 203 52 202 168 181 46 234 170 6 182 177 41 218 163 195 89 67 147 252 37 63 15 98 149 256 25 199 106 16 19 185 236 83 93 141 167 51 27 116 239 45 88 87 110 36 227 159 75 156 21 254 143 209 74 32 125 216 40 240 228 129 229 178 244 187 31 249 117 144 155 220 251 134 85 219 79 246 184 164 9 142 73 211 107 152 56 33 62 65 191 217 78 241 196 176 5 111 72 24 96 188 224 118 180 222 121 92 60 161 57 127 231 113 8 186 86 80 189 114 247 130 154 230 124 160 175 43 235 42 4 77 115 157 190 82 99 166 112 76 64 137 248 58 172 226 119 179 151 238 150 197 7 242 205 84 104 108 206 3 207 215 95 47 201 54 169 126 136 39 34 148 212 49 30 101 162 131 200 183 120 44 71 223 194 139 145 18 53 94 103 250 214 22 28 97 13 61 91 245 12 11 
162 180 36 35 256 41 131 52 96 159 132 91 219 187 150 20 166 171 141 211 16 157 128 179 140 11 193 123 230 49 31 8 45 82 224 205 1 98 7 24 110 228 217 95 64 255 144 97 142 223 213 195 178 107 209 242 185 145 124 88 77 62 190 115 55 146 234 216 218 108 239 105 27 13 23 177 225 87 248 201 183 22 43 59 89 198 236 33 18 250 170 4 246 220 42 79 119 101 136 90 58 121 30 71 68 5 152 176 28 74 254 94 67 104 40 109 203 137 114 232 191 65 29 196 151 25 233 161 26 2 241 39 222 19 92 156 3 212 240 214 69 86 111 6 125 116 70 34 47 113 76 122 57 153 56 99 130 78 72 189 175 253 112 127 208 46 117 237 63 235 12 48 174 73 14 226 106 244 204 10 172 103 100 17 210 188 61 81 243 194 44 165 139 197 60 154 66 252 215 173 169 54 221 245 126 143 199 148 184 231 181 155 133 38 192 164 75 135 21 160 15 202 9 168 32 102 83 118 50 238 247 138 249 163 129 200 207 182 167 149 227 147 186 134 206 85 84 229 120 158 53 93 251 37 51 80 
182 106 197 2 37 28 161 160 12 64 67 245 126 144 120 18 121 90 61 42 108 73 87 111 173 71 206 228 48 122 149 46 215 208 239 200 63 209 91 34 187 243 204 167 140 248 125 249 135 3 52 180 253 142 9 35 198 131 137 128 205 186 195 219 7 40 156 102 82 244 250 171 26 194 158 94 62 148 105 218 196 70 166 153 88 50 251 77 203 86 138 247 132 56 15 84 10 44 256 141 254 255 80 224 183 212 115 66 168 23 79 139 152 145 223 240 103 45 154 146 30 189 119 113 41 164 179 231 191 236 157 229 124 51 207 230 38 76 147 5 16 130 13 225 6 235 246 101 176 162 134 60 19 221 143 95 214 233 184 100 36 54 216 150 172 170 220 8 211 33 4 165 133 114 43 129 17 68 20 65 190 118 232 123 75 193 117 238 185 22 21 49 92 222 69 104 107 188 24 174 99 201 89 199 159 85 210 29 202 175 237 213 55 25 59 181 81 1 14 116 110 47 31 226 192 27 127 11 241 74 72 234 178 58 155 112 227 53 97 32 93 96 136 57 252 163 109 39 169 78 151 177 83 242 98 217 
108 244 145 121 103 12 82 27 40 115 217 126 5 37 177 140 10 29 44 80 68 62 99 119 213 150 209 42 114 97 141 69 79 189 92 158 169 15 100 113 201 151 208 246 75 105 247 224 174 109 41 165 182 51 50 199 185 216 112 226 211 125 167 255 219 241 138 183 28 133 45 175 215 238 16 230 253 54 205 173 242 207 71 251 38 101 193 73 46 7 77 4 178 234 33 56 88 250 83 188 65 3 128 89 156 147 63 48 142 137 32 192 104 111 87 84 23 91 130 134 98 206 14 254 232 8 204 18 93 235 39 153 36 59 120 223 17 90 110 35 160 252 107 179 172 78 196 163 229 52 24 164 166 139 171 123 106 222 176 61 218 85 55 64 161 136 122 168 20 31 21 197 162 95 228 186 191 239 154 60 184 9 212 236 22 190 221 76 30 240 127 26 1 19 231 6 70 67 102 245 220 86 195 74 118 43 34 11 210 81 135 72 203 249 237 155 66 144 25 131 256 214 159 2 187 143 132 117 225 94 146 248 148 152 227 116 157 233 58 180 198 170 200 243 181 129 49 53 57 124 47 96 149 202 13 194 
5 235 102 234 61 226 43 217 111 79 14 218 92 113 231 51 126 115 254 221 37 38 141 201 188 84 196 128 159 80 83 255 197 186 238 240 27 140 24 191 247 16 216 35 13 75 171 11 139 23 32 57 230 124 62 93 29 52 56 17 220 39 180 215 249 202 132 28 228 129 31 20 68 187 253 65 91 116 181 232 104 252 185 173 184 70 168 153 152 118 95 122 130 100 76 34 157 198 3 72 151 66 203 209 204 199 158 223 15 142 212 146 41 131 178 7 2 81 170 206 12 236 244 8 156 55 44 205 138 21 182 143 50 177 117 195 245 210 78 85 74 45 19 59 60 208 64 105 248 112 49 167 174 42 164 137 193 121 6 47 98 250 147 94 134 120 163 109 108 30 89 18 103 224 237 119 219 106 123 48 33 77 227 107 200 162 222 149 229 148 22 4 67 25 9 241 243 190 213 125 176 133 53 26 73 144 233 87 114 242 194 46 189 256 183 110 175 214 69 251 169 145 161 239 97 101 207 192 155 172 211 71 54 136 90 88 154 135 225 63 10 99 1 96 160 82 36 150 86 246 179 165 127 58 40 166 
145 129 38 104 71 138 79 17 69 77 207 135 163 42 205 223 132 86 100 169 66 215 97 47 212 243 183 182 15 180 226 144 133 109 31 16 61 178 244 84 200 3 242 137 171 113 152 118 206 80 185 50 106 40 35 62 140 82 217 56 36 237 33 176 87 116 92 246 105 159 238 122 255 20 168 21 161 51 32 235 241 166 251 22 248 89 229 186 108 256 39 198 194 187 216 236 192 91 209 72 191 45 153 112 136 252 12 193 8 218 249 28 78 27 37 220 247 184 250 10 196 128 57 225 44 254 67 14 127 130 110 68 221 188 154 60 253 83 141 107 46 2 175 74 160 214 73 85 195 19 54 146 93 147 201 231 204 239 34 222 210 199 139 162 23 149 49 7 65 181 9 102 41 75 120 151 25 190 24 90 143 155 158 173 233 101 103 58 179 98 202 30 76 48 18 148 95 53 55 134 234 213 43 208 170 59 167 232 240 172 11 142 211 219 189 197 157 125 164 174 64 114 88 228 165 224 81 131 203 29 1 119 150 126 124 94 96 115 6 52 117 26 13 5 156 4 111 99 177 123 245 63 121 230 227 70 
110 209 123 172 230 256 208 197 1 35 134 27 152 201 53 86 79 16 111 137 196 85 107 217 226 98 47 38 116 255 154 218 159 220 151 222 50 103 82 233 177 191 195 245 139 231 254 117 119 242 89 31 207 75 91 64 166 24 20 54 213 145 185 188 13 7 194 69 65 105 251 126 23 9 252 114 67 147 6 171 133 71 225 216 57 22 130 186 227 212 29 221 32 17 205 235 46 163 33 125 124 158 164 4 44 93 118 42 173 243 234 156 170 106 198 249 160 10 74 167 140 232 182 58 78 236 84 122 247 100 83 11 19 224 142 189 121 135 112 63 190 28 120 206 5 68 66 129 88 70 39 223 143 34 132 25 51 175 96 250 104 184 203 36 237 95 18 248 183 92 157 62 12 73 214 199 30 113 179 127 239 55 8 178 41 210 80 181 187 52 77 60 211 176 76 228 87 204 49 162 45 14 115 90 153 81 215 150 72 169 43 241 144 94 48 161 193 240 26 128 59 61 56 40 15 246 253 174 165 180 37 146 229 97 101 136 131 148 202 149 192 2 3 155 200 108 21 168 219 244 109 238 102 141 99 138 
229 121 176 50 150 26 112 155 88 170 230 99 1 92 212 216 67 217 36 241 40 181 8 15 87 85 19 161 215 149 245 143 204 108 211 35 151 46 201 24 11 55 34 63 37 239 97 18 195 213 43 157 162 227 130 78 242 80 106 238 186 253 131 9 129 30 111 247 113 154 175 101 76 110 52 209 221 222 196 147 160 197 220 31 16 135 226 59 93 10 172 167 49 45 70 140 82 119 200 32 133 64 174 219 73 116 91 224 21 83 191 62 41 84 81 28 42 203 214 255 58 124 128 22 96 61 166 17 117 252 145 234 115 139 173 171 223 146 152 134 240 74 163 71 207 249 122 198 177 4 138 225 236 54 39 144 235 210 208 123 168 231 14 107 27 102 94 5 165 33 109 244 68 86 104 95 3 193 98 75 250 237 89 248 60 2 189 182 159 12 48 118 114 51 65 6 90 126 66 125 142 137 105 72 127 132 218 180 178 256 23 158 148 100 184 44 194 20 53 246 7 57 190 179 254 29 169 141 103 136 228 77 243 156 38 232 205 187 13 202 79 206 47 199 120 233 25 192 251 56 153 185 69 188 183 164 
68 65 78 83 29 172 1 139 77 182 124 201 98 151 173 144 99 189 79 148 217 137 186 136 195 147 216 17 5 215 236 42 243 46 178 249 117 76 145 135 138 256 86 31 133 107 142 119 190 159 75 235 154 80 120 2 27 250 87 202 116 93 63 220 232 205 118 153 121 6 157 208 92 73 104 39 96 109 54 175 161 20 206 26 102 16 18 230 95 171 47 239 115 57 10 253 245 70 25 37 13 193 55 198 48 51 105 180 167 228 240 131 241 74 214 192 35 36 162 32 81 179 28 176 224 251 90 199 246 61 169 222 126 218 209 22 52 150 112 226 164 168 23 58 62 4 43 91 163 233 188 94 44 143 225 69 211 194 114 141 45 53 152 34 12 254 15 146 49 64 106 187 213 71 97 231 111 219 101 8 128 149 160 212 110 84 72 123 170 82 234 134 60 24 100 223 252 210 50 67 200 11 204 140 122 196 21 7 38 59 56 177 229 185 166 30 174 85 203 130 132 191 181 247 183 129 248 242 14 88 227 89 3 125 127 197 103 155 41 19 158 184 108 40 165 156 66 237 244 238 113 221 33 207 255 9 
216 191 139 196 227 135 5 240 23 31 50 52 77 222 11 176 66 198 207 248 14 32 161 243 16 35 27 86 256 12 1 185 249 90 105 96 51 152 120 218 45 102 134 117 148 30 80 182 203 206 255 132 41 202 129 95 174 69 178 68 234 246 2 165 127 133 247 65 141 46 22 111 40 48 21 250 60 18 215 113 229 15 47 56 200 179 220 197 195 54 3 226 175 82 100 209 241 157 121 93 236 87 162 136 20 253 153 13 42 143 228 221 62 53 24 110 58 235 254 186 210 17 34 159 223 251 88 25 137 78 130 190 158 8 138 124 67 131 118 181 142 126 212 37 180 211 232 233 205 74 84 39 213 89 219 184 33 183 160 171 123 85 154 155 238 149 194 225 150 116 101 242 49 164 29 166 188 76 59 106 72 177 204 245 156 6 252 140 169 98 187 189 10 44 73 103 109 163 125 64 112 244 144 151 114 147 83 146 214 92 57 145 38 4 122 201 217 237 36 231 79 81 71 63 108 192 97 75 173 99 61 224 167 26 94 193 55 7 168 239 107 19 28 208 104 119 115 172 128 230 199 9 170 91 43 70 
64 212 55 242 155 223 172 186 183 53 89 35 4 199 127 34 163 93 144 107 168 75 245 197 83 52 176 181 67 3 57 164 81 140 99 110 65 170 11 156 152 167 191 255 9 137 62 153 14 71 12 122 173 66 76 21 77 88 201 175 104 7 216 54 192 161 6 74 86 204 141 220 174 32 207 20 226 229 24 25 190 120 230 38 33 249 116 78 114 240 203 150 70 236 43 15 252 73 209 113 158 194 44 239 63 227 169 177 256 165 151 222 40 171 115 68 243 128 135 51 19 147 136 134 148 85 90 101 251 162 123 129 37 233 185 48 36 166 23 49 87 225 248 210 195 119 160 189 247 56 232 13 105 200 124 61 109 208 28 41 111 143 202 132 80 91 231 218 193 139 180 17 219 117 184 130 157 221 92 95 100 50 125 241 211 205 1 108 196 59 103 214 82 72 5 238 79 22 96 246 228 159 178 94 112 250 98 217 179 102 187 30 42 224 39 26 142 47 29 131 121 97 18 149 138 126 118 154 8 253 235 16 31 146 45 10 254 213 215 182 69 60 188 145 237 206 84 106 2 133 244 58 46 27 198 234 
54 137 42 15 171 185 181 166 114 99 136 115 123 14 161 18 216 237 173 45 155 90 227 199 178 50 141 205 253 144 127 212 247 183 62 226 218 217 145 110 192 103 82 210 64 158 85 239 164 81 138 97 201 29 236 143 3 179 68 73 58 71 177 13 208 186 125 191 55 134 244 195 88 250 11 5 200 107 232 146 39 206 223 135 207 203 46 77 60 211 156 52 10 72 126 25 63 65 118 213 249 59 20 238 140 243 204 252 148 149 231 47 153 220 139 67 182 108 40 9 36 4 124 196 256 234 49 96 233 169 175 21 242 152 51 37 98 104 245 190 119 74 111 160 19 202 174 163 76 240 168 132 32 162 235 131 189 221 106 105 28 84 197 142 66 130 109 1 27 121 151 248 128 180 209 69 95 120 224 187 230 194 170 133 215 129 219 241 165 53 24 78 75 61 167 214 228 48 172 26 101 193 38 184 70 150 34 83 31 41 122 23 188 2 86 92 102 112 17 147 80 12 35 7 22 116 255 113 89 225 254 33 157 30 6 176 229 198 57 154 246 87 44 16 94 93 222 56 251 79 43 100 91 8 159 117 
226 153 216 243 218 136 154 114 233 50 7 227 184 120 31 178 102 129 97 99 234 43 135 183 211 197 205 141 58 100 27 248 15 256 125 162 250 253 188 181 187 163 91 158 84 62 32 236 79 171 149 54 96 126 192 68 237 11 228 73 219 118 83 111 198 119 40 56 33 213 245 18 199 39 71 220 116 38 138 150 70 57 127 69 103 172 157 140 90 123 105 104 74 232 4 177 212 30 130 25 134 47 9 121 67 238 131 51 1 12 225 42 29 35 23 224 249 19 89 194 204 180 108 179 170 17 200 10 53 161 208 235 209 215 36 107 64 16 137 59 8 78 186 203 145 80 117 165 95 66 98 133 201 217 88 185 63 113 45 174 254 22 166 239 175 151 87 109 46 2 94 167 34 223 55 207 240 242 26 44 156 82 72 85 65 92 231 37 189 173 229 5 222 139 210 24 75 132 148 155 152 60 86 191 106 169 159 41 241 61 20 221 6 21 146 176 28 13 246 112 255 247 164 81 252 195 3 196 52 190 144 143 147 115 14 49 142 251 206 76 168 122 202 124 93 160 193 244 101 128 77 182 230 48 110 214 
21 161 108 100 99 156 79 74 107 26 86 249 49 211 220 6 75 127 35 214 94 191 149 13 1 158 231 207 228 230 103 225 67 180 89 71 62 109 233 50 68 147 193 32 148 202 44 184 56 197 98 256 101 224 48 183 223 23 198 217 2 37 145 124 176 93 237 41 64 203 5 167 169 232 82 111 77 25 27 239 146 57 8 153 90 173 219 106 121 171 66 116 218 190 210 4 209 87 112 11 70 253 17 194 129 162 14 9 137 117 226 140 33 55 240 159 113 31 60 165 97 155 43 199 181 242 120 69 248 182 244 192 251 80 20 216 160 131 151 73 54 34 38 179 104 12 114 196 175 234 46 29 178 59 95 22 102 241 122 134 188 128 144 154 243 84 40 212 81 3 83 201 185 61 246 76 7 200 133 15 213 63 30 139 150 215 247 235 42 123 132 152 126 157 18 236 177 24 222 187 58 36 250 115 105 78 85 255 170 206 138 245 92 51 52 141 136 254 164 118 189 172 45 186 221 19 65 16 168 205 195 119 125 10 227 135 166 72 28 88 174 39 91 142 204 238 252 143 229 130 110 47 96 53 208 163 
206 148 64 222 45 136 193 162 199 63 78 235 10 218 164 44 89 167 118 79 27 88 16 190 12 200 58 160 229 60 179 108 253 39 84 209 244 4 149 70 82 139 119 181 52 86 95 138 158 208 210 121 165 98 43 8 226 166 212 14 236 99 72 194 241 216 113 6 132 107 146 128 156 251 142 140 24 100 243 114 252 152 201 106 207 35 33 1 48 66 30 21 36 111 101 62 23 151 38 129 163 230 155 125 227 225 65 19 29 57 150 180 214 185 144 40 205 184 197 242 157 105 135 219 237 233 116 204 32 31 71 54 178 59 17 73 68 213 170 115 234 26 42 127 85 134 97 122 183 203 249 102 169 145 191 47 254 232 7 247 215 96 20 220 34 22 90 256 28 239 51 110 49 238 61 198 56 231 11 126 81 133 147 94 161 153 55 240 176 131 15 93 250 37 186 3 195 188 211 248 223 46 228 221 196 18 83 124 177 120 53 217 171 67 103 187 224 69 50 104 168 154 74 75 255 5 192 182 9 130 117 109 202 174 137 41 91 87 143 2 77 25 245 13 246 175 159 141 189 173 92 172 76 112 80 123 
74 196 131 223 82 76 167 60 226 51 218 189 11 113 209 195 225 88 127 233 221 28 181 112 161 20 6 85 26 198 46 159 227 178 177 175 8 10 123 234 241 69 97 103 192 135 68 231 149 72 137 56 55 252 1 132 70 65 119 80 99 38 83 153 117 62 174 185 191 42 125 17 86 208 236 110 204 203 235 148 79 71 63 228 201 186 106 183 179 245 126 49 206 12 213 188 102 214 9 139 176 122 251 37 143 237 93 31 41 120 129 109 89 90 4 140 172 36 247 91 244 59 19 190 150 205 22 162 193 155 43 173 224 134 182 157 24 158 136 35 128 142 29 61 54 67 15 78 73 45 124 217 163 219 111 114 108 39 138 156 169 34 197 66 121 229 151 215 243 180 255 107 95 160 207 3 23 52 27 194 50 40 77 166 64 212 58 220 145 87 16 164 154 57 239 256 75 48 199 200 165 170 98 32 92 33 187 47 232 202 171 242 7 118 240 14 144 104 18 222 5 147 210 253 146 141 25 130 184 246 100 133 81 13 116 2 254 101 30 53 44 21 84 250 211 216 230 105 248 115 94 238 152 249 168 96 
23 77 78 254 47 104 247 36 12 59 65 149 84 165 216 28 163 193 117 151 99 60 189 70 173 51 45 55 115 129 30 16 112 53 250 80 69 202 256 162 4 235 56 54 140 209 203 119 238 2 227 118 252 10 152 240 176 52 91 79 195 122 109 101 13 138 207 18 237 75 107 158 22 213 3 196 128 171 218 194 68 81 154 124 205 223 157 160 93 24 183 182 103 131 177 134 116 255 15 50 249 87 35 206 150 211 141 44 233 153 111 159 25 172 92 9 215 180 191 74 144 156 123 26 219 108 27 184 121 64 14 136 94 217 20 130 231 142 98 186 29 232 243 222 199 89 132 208 58 11 85 120 187 248 8 90 185 127 201 229 86 179 114 137 82 95 31 57 164 178 251 33 106 167 197 40 83 48 253 226 126 170 181 133 242 42 198 236 7 46 21 228 147 67 125 62 135 166 97 72 5 100 73 139 71 244 168 190 146 19 200 63 188 148 245 66 241 145 37 234 105 214 76 96 143 192 174 225 113 169 39 175 230 210 220 61 43 38 88 49 204 155 224 110 32 17 161 102 1 221 239 212 246 6 41 34 
58 124 180 116 237 254 170 103 84 30 187 189 197 52 113 171 109 221 148 229 253 199 119 200 230 192 15 92 175 209 20 32 179 255 242 44 162 206 8 89 142 163 238 7 107 243 36 205 169 74 12 97 27 5 161 245 110 120 54 134 249 2 198 100 217 50 236 213 132 144 78 130 173 155 172 220 23 35 34 146 106 185 90 190 81 250 211 102 140 37 61 6 216 177 128 183 40 203 49 136 244 66 63 160 87 186 83 143 149 59 178 247 223 69 208 93 228 227 214 72 73 126 194 164 9 193 241 77 131 42 224 11 215 67 24 53 114 235 212 218 13 111 167 38 71 153 174 86 159 196 101 117 82 31 210 231 62 41 99 112 18 88 240 75 201 204 115 165 3 60 157 145 195 1 176 138 108 154 45 182 85 94 150 141 133 125 96 232 39 248 168 222 137 234 17 123 118 48 14 47 79 10 156 28 104 25 56 256 91 207 147 16 188 55 64 4 46 251 225 135 76 166 122 57 65 139 129 121 80 239 184 127 158 68 219 252 152 181 246 21 19 26 233 33 95 151 43 191 105 22 70 202 51 98 226 29 
156 35 151 87 41 192 252 243 256 174 141 217 2 158 201 152 232 109 233 240 57 3 60 219 225 129 155 100 81 149 130 7 92 168 47 140 123 112 113 18 58 207 241 211 43 94 160 199 195 143 254 209 110 216 54 182 69 64 42 138 108 56 63 246 70 46 30 163 213 251 203 144 80 200 173 23 107 88 96 121 136 78 198 62 116 239 1 27 84 12 236 235 98 187 4 249 234 255 89 21 184 164 77 10 176 180 181 125 157 188 17 212 11 76 85 49 105 55 117 148 191 231 36 122 133 82 202 72 137 9 153 103 16 145 142 179 32 165 238 40 73 99 159 190 106 226 244 74 39 119 170 51 193 194 111 128 38 146 223 93 34 247 229 5 183 124 118 185 139 248 33 127 50 197 71 8 22 37 97 220 172 90 68 83 75 186 214 66 134 6 79 29 215 171 147 175 222 61 131 250 126 135 169 26 161 91 52 224 177 14 13 65 150 230 102 53 48 15 114 242 31 210 132 237 196 189 115 154 67 45 28 208 101 166 104 44 95 24 120 204 205 59 227 86 206 218 25 221 178 245 19 20 253 228 167 162 
234 226 51 236 85 76 239 191 89 230 208 80 73 65 229 12 133 189 178 147 237 53 128 155 201 161 222 27 111 165 69 160 144 45 22 224 124 116 98 138 94 233 194 125 93 87 232 235 52 20 170 95 220 5 141 197 212 184 117 97 56 119 203 19 240 102 127 202 21 211 216 39 137 243 143 40 81 225 256 115 84 255 32 108 18 154 55 171 90 177 41 187 91 25 173 207 247 107 241 44 246 152 253 113 121 58 213 238 186 70 242 219 221 252 106 77 64 159 61 68 120 198 109 193 209 223 2 110 131 146 134 123 185 48 180 59 200 99 169 196 16 149 50 129 10 175 166 31 15 24 114 42 78 63 158 6 96 245 7 210 228 118 47 3 100 105 167 86 218 57 43 37 182 250 136 30 244 29 9 214 38 17 75 4 153 49 231 176 35 79 172 192 206 26 188 11 157 190 199 14 46 34 227 179 205 62 60 135 28 174 162 142 54 156 249 74 101 150 122 132 145 248 66 139 140 104 164 88 92 13 195 215 151 23 168 163 72 130 126 71 181 33 112 254 1 83 82 36 8 217 183 148 251 67 103 204 
163 252 77 160 108 101 44 40 85 206 179 109 14 197 210 100 200 170 193 249 223 240 207 96 70 4 201 171 93 11 155 194 3 230 195 37 122 212 73 161 71 53 80 202 42 208 125 43 57 48 55 46 19 26 143 228 41 98 217 162 5 234 254 180 247 158 184 59 186 129 17 153 142 103 242 178 115 8 61 22 183 219 69 105 127 76 140 227 130 169 24 164 253 132 233 146 248 232 215 204 148 112 165 119 45 75 94 110 147 72 166 245 56 74 203 118 39 189 121 95 220 79 133 173 156 151 20 67 27 88 116 196 192 78 149 34 123 65 191 213 117 35 181 150 172 102 134 235 114 12 66 83 38 52 221 152 185 159 33 6 241 50 29 30 177 214 63 244 82 137 157 49 188 226 87 124 168 2 136 28 218 54 104 32 256 238 167 131 187 9 239 246 81 231 68 107 222 15 175 205 91 182 10 199 84 135 141 209 225 36 7 138 190 47 120 92 111 128 31 174 237 229 62 25 97 211 23 1 145 126 236 139 16 144 51 154 90 243 255 106 251 18 58 60 86 224 176 64 89 13 216 250 21 99 198 113 
126 117 27 114 190 219 244 125 155 235 69 206 144 193 175 94 34 198 225 2 210 115 183 23 72 170 102 161 57 124 143 142 121 20 207 255 32 146 97 25 165 43 217 1 26 233 188 201 10 232 108 185 177 127 182 65 194 179 29 135 67 33 61 150 157 59 189 133 151 153 100 104 204 174 178 180 159 171 19 136 147 46 230 103 66 222 15 12 195 82 18 58 16 123 52 192 168 254 63 106 42 38 181 229 236 130 4 148 73 113 203 64 74 36 85 17 13 75 50 221 28 5 111 8 154 246 166 145 176 163 239 7 132 51 152 253 247 96 62 83 78 249 21 122 245 128 79 131 37 169 98 141 49 214 31 243 202 93 237 110 129 218 47 200 211 191 199 164 92 228 77 138 226 89 116 252 162 107 41 140 81 224 197 39 14 48 227 205 134 3 223 248 118 86 119 186 24 44 40 101 209 212 234 22 167 70 87 256 80 30 156 88 242 215 231 84 160 54 56 241 137 99 11 173 105 120 60 139 95 35 216 196 109 208 71 112 184 6 9 251 68 149 76 55 172 240 158 250 187 45 90 53 91 213 238 220 
241 63 185 162 12 5 200 75 152 56 158 120 3 121 223 113 23 14 59 224 77 128 159 52 10 168 206 222 131 54 96 6 79 183 39 102 25 27 81 140 35 132 42 94 170 242 141 2 181 178 88 218 87 57 244 199 65 103 254 214 216 16 53 153 78 184 148 4 147 11 123 163 71 46 64 82 8 252 203 34 233 31 129 130 192 229 51 115 86 248 20 32 204 195 208 112 251 179 7 135 253 74 225 21 60 37 18 227 149 249 250 104 177 210 150 155 175 255 92 9 90 61 143 41 108 101 212 125 93 213 106 138 142 15 245 28 191 207 239 173 145 198 109 156 43 221 24 1 98 97 126 127 114 171 91 187 62 169 160 30 116 219 110 238 69 193 234 80 246 13 157 196 36 107 137 124 47 40 215 220 231 201 243 205 161 73 182 228 151 44 144 186 48 217 194 33 84 38 134 164 26 68 256 202 139 235 89 154 99 29 211 146 236 122 55 100 136 190 165 70 166 111 119 22 66 76 72 105 85 95 189 230 174 232 83 133 167 237 49 19 180 197 209 45 50 17 118 176 58 226 240 247 117 172 188 67 
4 74 184 162 203 18 111 70 171 141 145 60 128 101 85 109 38 166 228 243 149 90 173 174 124 14 112 104 71 76 55 92 234 241 204 154 67 163 254 199 126 207 209 158 46 2 236 108 212 50 147 129 94 30 72 44 17 64 250 113 27 65 91 237 194 57 182 153 142 61 251 103 39 100 10 13 218 41 59 119 186 73 135 143 47 115 8 79 106 219 133 134 22 21 148 77 146 178 32 7 242 107 62 53 140 118 29 87 34 23 233 253 138 227 159 220 205 105 210 80 181 5 19 239 255 127 130 43 110 177 136 125 165 83 98 97 137 151 256 211 102 155 231 215 37 188 246 213 190 176 33 245 120 25 58 169 191 42 95 201 172 24 230 63 223 9 12 168 214 238 235 244 144 69 200 189 202 229 48 1 193 221 51 40 180 208 192 185 247 132 15 116 81 198 161 222 84 167 121 93 175 66 216 86 179 139 75 156 28 89 187 240 122 252 170 54 224 20 206 96 197 152 99 45 164 68 88 226 232 196 195 6 131 225 217 157 82 150 78 52 56 114 11 35 31 123 183 26 117 16 248 36 49 3 249 160 
161 209 31 35 149 220 83 175 174 139 55 94 133 167 110 103 44 17 165 234 187 74 147 113 65 21 193 92 18 60 24 99 111 251 73 85 146 188 206 13 124 205 145 210 240 48 68 102 97 37 200 5 155 82 28 221 255 38 140 70 127 148 57 250 10 14 123 190 56 199 105 218 53 202 178 86 64 25 3 212 95 1 229 197 45 30 78 100 160 58 32 52 98 185 245 163 201 138 136 41 40 12 20 27 243 244 51 186 153 39 120 242 157 7 162 182 217 108 75 112 69 81 198 29 34 173 222 134 236 211 228 144 137 172 79 189 77 72 26 43 208 66 223 63 117 170 235 230 87 207 154 224 126 125 132 6 237 59 150 152 91 116 164 104 215 106 168 226 46 119 49 9 246 16 142 23 36 131 227 118 62 192 191 33 194 183 171 11 109 22 158 252 129 239 96 130 179 19 169 249 177 135 151 84 50 248 115 61 184 141 247 238 101 253 204 90 225 156 88 71 121 4 213 67 42 80 180 93 114 76 128 2 122 231 176 143 47 159 241 195 54 196 107 256 254 233 8 219 166 89 232 216 15 181 214 203 
150 111 185 62 115 57 173 95 189 48 176 231 80 35 8 217 9 29 215 52 194 100 220 93 11 223 38 226 232 205 10 64 216 106 97 197 139 156 82 154 225 207 187 237 180 72 204 143 51 126 152 241 75 141 243 200 201 179 21 79 235 164 92 86 170 84 132 163 24 224 208 114 125 123 33 7 148 99 12 136 160 43 144 96 157 127 119 222 168 17 161 147 171 253 247 1 254 133 175 67 159 206 28 6 4 30 69 108 32 246 47 191 16 221 199 31 13 213 219 162 165 70 116 234 229 3 140 55 90 76 251 122 110 113 149 131 146 203 120 63 41 250 196 65 58 202 105 104 188 153 212 56 174 77 83 137 23 102 85 66 138 182 54 109 91 142 166 27 242 40 68 228 117 2 103 183 135 73 130 39 101 25 18 239 198 107 218 193 248 249 49 89 158 129 61 5 94 42 81 240 88 236 78 128 233 60 45 134 245 155 195 169 15 178 71 151 167 214 256 46 44 37 50 87 36 230 53 118 14 20 192 209 59 22 112 181 255 74 177 186 184 145 26 124 190 252 34 227 172 238 19 98 211 121 244 210 
200 228 97 95 65 41 72 64 225 55 116 250 17 115 226 108 120 77 60 113 15 85 16 124 117 164 231 148 88 173 207 96 68 123 143 101 193 7 10 110 243 136 183 188 81 151 191 152 252 125 190 202 147 240 222 169 256 146 220 235 249 217 210 109 197 122 100 172 184 195 160 185 209 73 161 138 247 69 22 18 8 75 105 32 121 48 111 42 153 142 219 134 127 198 218 158 133 76 61 239 35 6 237 229 92 145 70 140 47 33 244 34 241 83 167 79 5 206 177 130 54 201 1 21 128 165 149 212 213 234 13 194 227 37 246 57 62 43 106 166 144 80 14 254 94 135 24 187 2 251 248 178 171 132 139 253 23 189 159 104 157 93 98 180 53 126 230 203 71 176 199 112 56 4 12 86 26 44 63 40 11 214 119 59 118 204 29 242 30 87 236 9 91 208 89 28 175 90 186 170 215 168 102 154 19 25 162 27 156 82 107 232 78 255 224 114 20 216 45 74 39 155 150 137 221 238 50 179 211 31 38 67 36 205 3 192 46 49 182 51 196 99 174 129 163 141 52 223 181 131 84 103 66 245 58 233 
137 216 237 165 231 43 195 16 40 104 196 74 139 108 24 185 136 138 34 187 3 248 144 6 201 110 47 97 50 98 76 25 90 128 10 244 219 149 202 119 207 146 179 52 46 192 227 152 85 175 253 188 99 105 135 12 126 221 101 250 84 115 242 157 208 234 42 220 171 241 113 59 222 118 154 60 132 239 70 49 214 102 131 212 92 45 5 62 95 48 81 117 198 199 217 65 39 120 226 33 153 246 7 26 123 112 91 178 2 77 163 9 125 155 75 68 56 243 107 173 121 164 150 14 190 124 15 249 210 111 89 193 4 174 127 151 20 229 133 145 182 19 168 213 38 100 191 232 223 22 1 176 177 252 256 73 233 79 64 224 35 181 55 83 230 161 61 44 148 183 158 206 170 18 116 63 203 169 28 32 147 87 58 143 211 130 41 218 103 200 72 160 109 94 66 180 134 80 236 209 238 254 36 37 78 167 96 247 82 17 93 27 53 141 245 88 8 29 114 31 240 106 54 184 205 251 166 156 215 13 204 30 197 67 189 21 186 140 228 129 71 255 194 69 23 122 11 172 86 225 159 235 51 142 57 162 
96 115 136 118 58 232 150 119 181 234 4 40 32 208 143 246 55 22 86 14 148 238 245 129 127 65 38 23 24 114 230 108 214 210 81 135 84 111 177 249 82 57 144 66 42 188 50 216 255 122 243 256 223 3 138 92 161 125 47 126 201 78 112 159 90 101 209 9 37 87 156 151 35 169 71 109 53 34 229 180 239 139 183 72 62 211 160 123 31 205 213 219 60 102 226 179 158 174 228 130 49 63 145 69 222 242 141 20 217 190 39 79 186 176 199 140 121 30 68 128 80 164 46 153 182 29 105 74 244 204 100 54 27 85 131 253 171 59 89 70 172 6 251 146 83 98 194 104 237 28 206 45 168 48 236 11 196 43 184 202 162 147 165 215 1 149 36 187 254 133 75 235 189 192 26 16 248 157 252 10 120 116 21 73 137 97 175 220 198 207 93 163 185 134 250 52 241 13 103 2 19 113 197 25 56 8 224 15 110 166 33 221 132 142 95 7 227 88 117 18 51 170 5 77 193 200 61 173 94 178 191 106 203 91 12 233 41 124 67 154 195 247 225 44 218 76 17 155 99 152 64 107 212 231 167 240 
25 254 51 42 131 155 90 108 163 236 95 26 102 75 28 175 153 149 165 248 37 17 176 20 217 123 137 89 111 15 232 162 246 140 100 19 113 184 2 76 47 99 104 129 30 60 156 106 120 172 84 82 235 208 121 34 39 242 171 228 241 50 7 239 224 138 41 16 237 247 210 225 214 168 255 33 223 103 31 141 61 11 83 36 56 229 161 92 91 3 85 64 151 45 21 194 212 179 8 4 12 80 23 93 119 133 38 122 238 49 132 249 220 97 250 43 234 146 240 200 24 205 73 201 59 74 190 198 211 193 72 218 6 152 231 159 143 79 126 77 117 191 135 147 206 18 226 87 110 164 58 1 216 105 177 134 48 186 35 40 188 5 244 142 195 178 253 81 115 180 150 46 197 32 139 185 52 62 252 199 98 118 63 107 68 181 204 44 78 65 27 114 207 53 215 116 166 233 230 145 67 209 86 174 14 192 256 148 109 243 125 154 170 213 29 112 96 157 173 88 54 222 167 127 136 221 94 189 227 251 71 10 187 55 101 160 70 245 13 158 203 66 124 183 169 144 57 196 128 202 9 219 69 22 182 130 
209 235 143 29 179 224 169 81 132 150 162 128 63 218 100 177 109 71 175 223 214 184 122 8 130 171 107 197 199 6 68 205 250 46 156 198 181 95 41 141 255 201 176 33 114 158 215 193 142 67 60 135 59 253 187 120 91 42 113 21 30 212 121 84 51 248 57 19 137 225 73 131 7 83 102 79 133 127 165 54 234 172 136 178 183 237 160 40 168 170 77 106 151 157 65 129 252 110 62 80 254 182 112 64 153 239 246 206 43 211 99 58 103 230 159 116 10 94 180 14 75 251 35 191 164 11 204 221 26 236 15 195 163 24 245 92 2 155 87 241 56 90 126 146 16 32 243 203 134 145 66 226 82 13 104 192 18 98 138 50 61 20 17 208 148 38 96 152 144 55 207 49 194 93 45 125 244 174 108 70 47 5 219 222 23 78 85 89 123 220 189 188 186 105 154 196 166 115 139 88 233 161 149 4 185 173 27 231 140 101 53 227 118 39 72 217 69 117 242 232 86 229 48 238 9 28 210 31 97 228 202 147 44 190 25 52 249 200 167 119 240 213 216 37 256 74 76 3 22 12 1 111 124 34 36 247 
19 54 99 142 20 62 170 80 148 16 39 86 235 149 4 122 137 38 72 181 25 209 150 2 241 202 153 227 244 143 233 237 118 36 58 173 214 11 57 52 48 194 166 32 126 217 24 138 68 250 45 163 172 61 167 156 95 190 219 223 124 83 125 105 84 230 121 117 236 37 1 132 188 22 224 18 169 29 144 100 221 130 242 78 240 17 15 216 178 97 40 222 101 189 123 182 201 251 128 114 73 255 47 247 179 192 220 198 135 42 5 155 111 249 93 67 112 184 107 65 225 7 120 180 103 245 215 253 196 55 151 134 51 140 246 85 41 60 76 127 43 14 102 35 183 26 175 168 77 203 252 21 154 33 110 13 205 131 12 64 66 50 174 195 133 8 91 81 146 9 228 82 147 238 69 109 207 254 98 71 49 92 106 63 3 88 31 208 136 75 164 89 129 59 10 6 96 197 243 185 199 165 160 234 187 210 139 157 113 177 145 70 218 53 226 248 104 158 94 90 44 162 79 191 232 229 159 30 152 231 74 200 46 141 115 34 204 171 87 206 239 28 186 116 193 119 161 27 176 23 212 213 56 256 108 211 
247 177 56 105 153 144 229 86 92 21 216 134 100 188 227 242 57 176 47 226 34 124 184 185 131 211 208 146 254 159 23 44 181 28 17 145 173 89 129 244 136 203 162 14 189 138 30 251 228 53 201 143 237 130 111 253 197 235 68 6 112 127 158 33 40 207 107 256 161 98 137 171 36 166 55 94 119 232 187 81 49 96 91 172 190 139 85 93 58 217 37 121 183 221 169 50 195 67 109 141 196 99 157 113 3 210 199 223 70 1 117 75 52 125 214 82 156 116 255 103 46 78 31 241 45 142 243 198 152 76 148 123 239 69 164 231 101 248 12 206 97 250 245 11 147 4 20 18 41 182 175 194 167 174 83 122 222 87 35 218 43 63 200 115 25 178 65 238 249 29 24 84 73 26 110 15 193 230 150 102 60 170 104 180 74 95 151 64 120 202 186 66 191 246 10 133 48 240 165 163 16 2 39 90 225 126 8 168 135 209 71 61 72 9 22 192 88 108 32 106 140 234 160 224 38 236 155 233 215 114 77 27 154 213 19 54 59 212 204 219 128 7 5 80 42 252 149 220 118 79 13 51 132 179 205 62 
182 233 77 158 226 51 152 107 127 216 167 134 66 35 160 197 209 58 198 139 6 145 57 47 207 195 12 250 153 43 231 214 129 128 39 14 174 204 114 155 146 210 154 70 7 133 2 46 138 123 19 68 244 206 76 126 156 83 196 44 36 181 147 120 238 234 239 189 10 53 37 149 117 115 121 157 29 211 119 84 172 85 190 15 3 18 45 60 230 112 86 63 33 103 80 188 246 235 242 5 78 98 218 208 8 21 110 90 62 64 241 148 184 108 91 65 240 32 82 176 175 42 178 179 79 118 89 54 171 124 30 102 151 4 93 141 248 59 194 236 227 9 88 164 73 92 104 24 135 142 166 20 245 27 109 252 28 52 125 140 96 13 67 177 202 74 116 215 256 225 224 113 255 247 223 99 243 23 41 205 101 222 201 229 173 131 48 130 94 16 180 192 253 200 251 105 150 22 26 56 1 221 162 50 199 106 25 72 95 143 132 144 122 237 254 169 136 100 71 165 40 38 159 232 11 163 213 17 168 161 228 137 170 249 34 219 186 203 97 87 61 49 69 220 55 212 183 31 75 187 217 191 193 81 111 185 
10 31 217 200 81 203 2 6 219 19 99 14 141 247 68 62 98 120 91 189 138 116 236 33 73 77 204 9 72 50 83 197 75 232 78 28 239 124 192 12 69 79 180 243 157 8 214 248 32 52 88 46 87 36 168 252 255 93 106 59 113 128 64 208 163 240 173 188 90 174 233 101 70 118 249 38 17 158 184 74 85 241 117 154 44 191 190 37 110 56 225 23 107 201 152 169 49 20 210 96 136 127 223 57 108 100 21 182 199 165 205 5 84 95 221 237 97 159 119 29 183 18 195 92 142 175 254 89 24 178 234 63 130 94 179 27 7 177 218 115 60 196 207 22 45 139 256 244 111 186 55 222 133 65 229 151 121 82 39 224 67 15 166 194 11 216 161 181 170 245 143 41 71 149 246 4 58 30 16 206 80 102 187 43 123 122 35 202 171 34 235 42 86 137 253 211 162 209 76 26 125 135 145 53 227 13 132 198 54 147 155 51 228 193 104 176 230 153 131 251 114 129 126 172 103 134 105 146 160 212 213 164 47 144 112 109 215 156 61 167 140 150 231 66 185 48 242 226 3 40 238 148 220 250 25 1 
33 103 73 214 2 63 231 133 55 111 99 117 88 76 196 97 47 108 253 3 207 1 70 251 210 54 45 228 6 190 256 249 195 20 173 11 48 186 148 137 134 175 236 139 80 164 203 15 150 197 122 163 178 67 32 138 100 90 180 79 193 233 86 141 129 109 13 238 135 239 4 39 101 21 183 77 248 130 227 121 16 144 74 75 60 120 42 243 27 18 223 51 247 98 192 5 19 128 105 56 152 229 69 37 96 115 82 235 92 140 9 199 232 25 94 211 209 240 184 155 89 170 154 224 29 237 151 107 61 226 250 146 202 194 230 217 36 10 234 160 167 110 147 162 49 106 14 78 46 112 157 104 17 204 34 241 91 218 132 123 142 145 131 116 176 84 216 93 44 221 188 124 161 156 113 57 158 38 30 189 62 187 24 7 245 87 68 22 119 172 200 255 83 12 153 64 95 71 242 179 59 65 201 198 212 149 58 213 185 208 225 126 166 191 165 50 28 174 8 23 118 222 127 31 205 52 53 252 26 246 177 206 66 171 254 40 136 219 182 215 81 159 35 168 244 220 143 114 169 43 41 72 125 102 85 181 
42 71 116 73 129 25 236 101 180 145 245 185 104 60 237 27 99 81 194 52 55 218 188 215 226 103 43 125 244 48 232 57 254 91 193 228 253 97 219 16 256 17 184 209 36 29 148 163 117 137 124 132 88 196 131 1 195 70 108 76 172 6 133 38 77 50 89 160 5 234 109 235 214 26 95 59 149 182 152 225 249 40 68 9 231 175 251 23 45 210 105 153 242 147 115 8 154 10 183 211 169 47 72 84 181 83 204 24 201 51 246 223 18 58 150 22 203 120 208 243 12 174 240 100 206 141 134 139 33 56 106 217 143 164 140 166 94 144 238 168 35 7 61 191 178 173 186 167 46 230 241 198 13 205 49 98 2 176 30 32 202 62 121 67 255 136 64 107 11 212 177 170 74 138 110 31 229 146 34 127 82 227 85 69 63 75 54 247 14 112 66 224 21 122 87 123 130 93 248 159 216 220 190 79 80 151 197 86 252 41 199 213 187 135 142 102 20 250 19 158 192 222 179 200 37 113 3 28 15 39 114 78 155 65 161 207 90 96 128 44 92 157 171 118 162 156 233 189 4 239 165 119 111 221 126 53 
18 224 164 243 150 15 108 82 170 80 71 113 38 29 220 203 93 208 17 57 162 249 96 114 236 78 209 36 159 151 144 104 123 65 237 256 137 66 216 62 176 56 253 246 76 106 51 112 148 142 192 171 25 68 166 156 254 127 232 28 154 214 22 6 85 175 213 158 117 32 86 1 248 42 92 165 194 212 139 206 240 233 55 231 89 115 196 9 244 125 172 190 3 119 178 44 46 188 185 187 30 179 204 202 69 141 124 100 182 47 101 193 39 103 201 59 177 102 155 75 121 191 8 49 21 226 60 181 215 133 45 143 218 199 168 153 126 107 109 242 5 90 72 238 219 37 50 146 223 250 105 234 61 160 52 228 91 163 63 174 225 138 207 198 14 180 157 27 245 235 131 152 221 87 136 4 186 81 31 149 16 197 11 200 20 12 118 210 252 167 128 24 247 195 77 67 169 13 74 83 58 79 94 217 239 241 23 97 147 183 64 73 110 35 88 10 41 84 53 189 40 120 99 205 222 2 130 140 145 230 122 7 161 173 19 251 70 34 111 54 135 116 43 211 129 229 255 26 95 33 132 98 227 184 134 48 
43 157 40 29 193 226 33 167 38 237 224 27 120 19 57 210 35 130 225 34 64 203 2 220 255 163 15 204 195 164 112 208 145 5 122 17 162 230 81 188 55 109 184 138 68 10 73 253 214 89 186 13 232 233 9 142 168 70 256 149 118 123 185 30 41 107 44 87 63 205 199 152 106 146 53 85 95 23 42 124 60 209 71 7 26 165 139 58 110 121 219 66 56 45 143 101 190 21 98 173 127 148 90 16 198 238 67 74 172 62 136 75 111 4 170 223 134 116 147 196 251 108 187 140 114 97 160 20 117 86 59 78 183 192 25 175 207 181 31 125 39 102 241 77 200 6 83 248 69 105 178 28 218 119 239 92 221 14 154 61 129 135 231 213 100 156 128 169 54 179 1 227 51 65 180 84 246 32 191 79 252 126 46 194 182 37 151 133 159 161 18 8 52 115 94 82 243 189 215 132 228 217 150 24 3 250 229 103 76 80 36 242 158 247 244 50 113 216 99 202 171 212 22 131 235 11 249 201 240 177 141 47 254 12 137 49 96 91 48 211 144 176 72 245 166 174 153 93 234 206 88 155 222 104 197 236 
73 229 118 212 172 98 195 218 256 241 250 86 32 154 142 153 214 138 35 44 75 238 178 100 202 38 210 7 252 50 146 163 117 52 89 62 223 203 217 147 15 193 255 61 101 97 105 125 39 1 150 205 190 6 12 139 74 23 71 10 234 206 43 19 135 17 197 55 56 84 198 204 244 220 33 80 90 196 239 173 104 245 26 140 181 59 4 156 114 211 141 70 77 92 87 148 37 20 180 113 110 192 64 94 183 83 85 209 54 200 169 130 121 11 253 51 82 186 27 47 158 177 134 165 16 227 208 60 225 221 102 166 123 78 99 79 182 96 143 233 116 127 72 175 228 235 24 13 31 65 207 42 168 164 222 230 5 45 2 188 36 249 22 159 21 28 176 63 187 108 243 48 137 152 34 216 3 76 8 25 68 226 49 107 232 88 236 170 155 132 219 242 131 124 126 189 103 112 174 246 157 191 30 231 111 247 240 106 145 224 184 199 91 254 14 161 162 129 57 179 18 81 144 194 215 115 171 41 160 40 201 29 58 69 53 167 251 66 128 149 9 133 120 237 119 151 185 95 46 109 93 67 248 213 122 136 
5 123 220 29 85 140 141 156 131 18 216 126 21 58 180 50 188 83 214 231 53 149 112 191 100 187 172 4 52 181 117 103 218 22 72 48 87 19 244 9 237 54 196 77 226 213 249 106 121 169 145 184 31 90 20 133 62 251 208 197 27 152 255 170 147 40 15 66 232 89 239 76 23 8 158 122 195 194 26 68 116 178 39 92 101 160 235 189 163 30 3 129 153 243 34 80 38 174 209 69 118 252 64 253 75 81 2 157 201 63 11 200 248 165 113 65 205 130 13 212 33 250 132 245 115 84 42 206 219 60 70 28 162 137 173 227 16 210 45 74 139 91 254 98 211 111 104 151 128 223 176 6 12 17 240 233 186 148 14 43 114 215 51 109 110 199 224 10 241 125 229 203 144 36 73 192 138 88 198 46 166 95 71 246 37 242 238 67 93 182 234 35 41 179 167 143 164 102 177 161 146 136 190 225 57 78 154 134 204 47 61 230 135 202 150 97 99 217 124 79 256 24 96 183 175 127 59 1 119 120 105 44 142 221 247 7 228 86 168 155 94 159 107 82 207 32 193 222 185 25 56 236 108 55 171 49 
201 214 62 130 196 182 239 145 237 107 94 79 37 18 86 41 16 200 172 50 126 139 25 215 71 101 245 233 175 197 99 73 83 22 211 170 14 220 116 52 75 133 150 91 154 84 226 69 159 45 102 60 85 208 252 51 40 127 72 104 113 229 122 178 93 3 74 185 242 183 103 140 192 222 193 12 151 67 131 81 55 161 213 204 206 88 160 146 147 33 2 49 125 251 29 179 56 187 198 63 134 171 138 15 59 209 111 244 247 8 78 184 217 203 77 224 143 238 46 167 42 110 177 108 23 123 97 158 1 61 21 250 176 144 90 43 216 44 87 132 207 100 47 235 168 248 152 142 190 26 82 232 166 9 20 118 180 24 188 163 191 199 149 58 202 230 120 241 141 53 65 186 34 173 30 35 148 10 98 57 11 19 106 181 128 135 48 31 234 6 218 221 246 174 38 137 115 136 112 205 240 212 105 249 225 155 189 156 32 5 256 157 17 162 89 28 195 27 66 92 227 169 165 223 7 96 255 129 219 70 117 231 36 119 13 76 124 68 210 236 80 4 121 243 109 64 254 95 253 164 114 54 153 228 39 194 
8 118 10 197 110 71 65 42 19 47 122 117 31 84 85 101 138 214 144 178 90 161 107 25 195 193 36 217 64 136 226 130 112 91 93 6 215 162 166 119 105 168 40 28 180 194 2 239 174 70 231 171 160 249 108 49 182 48 255 22 203 124 61 116 34 198 58 54 13 103 253 121 227 191 209 224 221 250 176 240 99 146 238 97 46 175 254 235 165 123 60 32 17 16 72 234 236 196 218 248 18 181 228 125 39 183 126 79 29 67 63 30 102 145 139 5 216 225 37 21 233 212 173 159 104 76 151 186 150 41 210 15 131 179 12 127 141 14 219 206 147 247 24 242 204 43 26 27 154 57 200 155 232 77 256 78 222 237 134 223 4 163 245 167 114 184 68 55 149 66 172 74 73 120 230 188 251 201 153 202 38 177 246 158 1 83 241 82 100 52 143 148 95 53 229 244 187 33 98 111 252 142 7 170 205 75 44 35 23 115 50 137 51 135 81 211 106 189 69 20 169 45 94 129 88 80 208 56 192 190 11 86 96 157 9 87 140 109 207 185 243 164 199 213 128 132 156 133 152 3 62 113 92 59 220 89 
110 154 32 49 80 10 37 132 148 29 73 69 197 147 94 39 163 44 233 139 216 111 129 202 25 14 256 16 128 194 157 67 188 43 85 189 217 253 244 187 8 144 166 156 30 152 28 200 63 103 143 35 33 220 56 239 236 218 71 76 231 248 185 137 223 229 159 193 104 99 116 87 221 107 9 47 15 251 213 93 171 246 127 249 11 227 155 142 91 123 199 186 182 131 125 92 138 243 135 19 45 150 228 77 167 75 176 198 145 124 168 17 109 119 242 208 83 90 78 57 179 42 234 214 22 153 36 66 61 196 51 122 100 212 3 112 247 195 126 192 59 146 184 219 174 183 235 64 162 201 108 177 23 70 106 79 209 34 24 31 203 160 6 18 205 46 232 96 21 254 20 164 204 149 115 12 158 114 55 48 241 175 165 84 95 169 89 86 215 133 2 121 141 224 40 60 178 134 41 240 54 211 206 68 245 140 226 105 1 238 113 7 173 81 13 27 53 58 255 172 252 72 50 102 97 38 161 62 237 118 120 136 181 82 52 170 151 5 210 225 191 180 88 98 207 250 190 101 130 4 230 117 74 26 65 222 
118 238 91 80 44 165 161 146 251 64 156 236 120 88 18 150 86 10 189 144 219 127 15 138 197 34 27 170 160 183 196 212 67 83 75 1 125 242 181 145 72 19 96 134 135 111 33 131 239 23 171 51 245 164 136 48 169 157 93 217 58 175 50 241 124 25 52 167 29 66 182 231 142 82 149 204 153 163 115 8 256 35 97 101 53 121 247 246 228 71 70 99 79 218 178 63 59 68 22 92 190 168 143 253 209 193 192 130 14 31 112 186 37 233 16 45 89 235 176 104 73 94 208 205 158 65 55 95 232 243 179 43 213 229 54 191 214 255 140 221 116 98 87 123 141 249 147 152 248 62 201 12 47 227 36 3 244 6 223 240 174 206 41 211 172 187 126 108 39 184 109 230 202 103 42 110 199 11 215 154 78 17 90 24 207 5 222 113 234 155 177 203 57 7 100 137 32 224 220 102 195 84 133 20 250 151 173 2 76 185 60 159 40 132 200 85 129 117 106 26 226 162 56 210 105 49 9 148 114 28 198 46 188 119 237 166 69 74 13 61 216 81 21 30 225 128 4 122 38 77 180 139 107 252 254 194 
234 99 109 7 22 204 242 119 58 209 248 31 128 34 30 130 37 222 62 160 201 126 251 167 3 186 149 111 203 82 166 139 254 216 108 17 159 71 152 177 116 19 66 5 136 47 60 75 131 233 12 10 125 121 168 169 104 46 194 105 156 199 70 227 140 255 69 221 51 192 173 239 18 174 25 96 153 162 135 196 236 163 241 187 124 137 89 190 11 113 230 122 81 114 36 183 138 252 91 123 101 42 41 142 134 245 249 87 198 28 185 73 147 202 141 247 6 232 161 20 50 8 79 26 107 155 61 102 54 24 180 188 1 100 92 170 157 2 98 200 148 179 210 215 218 132 112 76 223 93 56 175 48 127 63 45 207 228 129 237 44 57 171 165 106 117 184 206 84 150 53 253 189 238 235 181 74 23 16 256 80 52 176 231 219 146 55 250 154 145 213 103 59 144 182 110 64 115 95 229 214 94 97 38 191 9 193 21 72 212 86 14 29 224 65 217 143 77 15 43 240 243 68 39 85 225 244 197 90 195 208 246 35 83 40 211 67 33 4 220 13 49 158 164 151 27 78 88 172 178 205 120 32 226 118 133 
54 191 61 206 124 218 88 3 238 148 132 67 146 169 1 64 213 60 58 65 207 187 80 79 48 96 104 210 223 211 142 46 57 176 6 235 250 255 123 150 203 221 121 91 89 168 240 37 138 158 204 153 78 184 114 229 107 181 47 156 163 135 111 149 25 128 117 62 164 251 215 86 245 106 16 32 42 177 167 179 197 21 74 13 39 5 234 68 99 208 59 249 143 90 231 29 166 44 212 172 27 8 216 33 137 38 162 93 127 119 110 136 109 100 83 55 246 193 11 199 147 225 256 122 26 2 49 226 105 101 23 7 151 17 134 161 228 182 232 217 227 70 14 9 194 35 214 248 63 53 69 126 22 75 18 103 180 254 209 174 170 244 144 175 152 145 190 113 178 52 160 189 112 4 130 10 36 24 81 116 233 253 188 173 183 12 230 43 237 185 155 71 141 222 19 87 239 243 247 154 171 82 102 201 241 157 97 131 73 125 95 50 77 252 20 45 139 98 31 165 159 30 76 56 133 84 40 66 28 220 92 200 15 196 242 108 236 115 195 202 85 224 140 72 41 118 120 186 129 192 34 94 198 51 219 205 
28 202 98 209 75 179 64 241 217 126 94 168 164 108 247 72 59 172 60 237 245 112 1 161 56 137 196 198 227 194 91 226 84 102 49 95 128 120 7 66 109 186 45 34 242 24 151 88 183 25 133 2 40 190 80 10 19 123 158 182 85 248 212 117 6 197 121 124 203 188 41 16 68 219 36 192 86 181 233 157 9 235 232 200 225 204 76 177 213 21 100 5 201 103 61 174 30 162 144 39 78 169 170 230 236 176 143 249 115 44 140 27 145 53 50 221 238 90 173 240 92 77 160 153 207 255 254 228 253 18 104 113 166 184 199 178 15 152 193 216 17 211 156 142 89 110 250 47 165 118 83 146 251 93 35 119 139 180 206 231 148 82 243 185 79 114 175 214 11 191 187 107 131 67 69 234 97 22 4 141 51 37 167 252 223 195 136 224 125 73 205 74 8 96 130 71 159 3 210 63 222 218 122 55 215 116 135 99 57 32 48 127 65 129 163 13 29 31 70 43 208 46 20 105 12 155 54 171 134 138 62 239 52 42 150 26 81 132 33 111 58 14 154 189 229 246 38 147 106 220 256 244 101 149 23 87 
40 221 178 4 239 164 157 6 197 224 75 82 92 187 233 81 35 199 234 62 238 158 193 180 133 192 226 181 110 58 43 88 52 118 120 103 249 236 114 128 112 241 201 146 23 117 169 142 248 25 147 204 50 149 190 139 255 16 196 51 217 70 55 132 123 203 171 33 244 198 101 122 13 182 166 154 160 74 94 26 22 153 73 184 44 126 91 41 37 93 87 143 46 243 137 30 229 218 168 219 2 191 69 102 111 131 78 107 77 45 11 251 113 179 59 152 36 66 63 173 206 129 231 135 163 98 156 136 86 130 24 32 235 57 106 105 205 28 227 83 194 97 17 195 189 202 127 138 177 165 72 144 245 7 116 253 188 54 125 223 60 220 56 124 254 79 49 119 64 208 104 212 207 71 27 61 172 95 151 38 100 250 68 232 185 186 10 20 47 84 213 18 108 15 89 225 150 228 39 200 240 242 96 252 148 34 134 209 90 145 215 246 1 8 256 3 247 19 14 162 174 121 80 65 5 230 210 170 67 42 85 53 140 29 161 21 237 176 211 175 183 115 9 167 99 12 222 159 48 214 31 155 109 141 216 76 
31 242 154 4 35 46 145 148 61 207 12 95 65 129 25 125 64 114 194 41 49 249 208 94 256 203 120 152 142 113 33 72 84 53 153 169 237 127 22 134 62 37 220 233 137 232 3 146 193 14 230 178 255 110 30 215 182 158 28 79 177 223 176 248 50 184 128 98 100 250 199 73 183 105 69 34 222 140 227 78 42 156 149 240 106 45 88 221 252 144 201 92 8 246 122 118 210 67 167 36 7 70 197 112 123 151 57 40 124 198 191 83 32 19 159 190 180 138 16 119 185 135 77 170 226 244 9 6 219 243 115 81 132 107 1 121 76 131 251 23 54 10 117 97 60 200 174 108 111 168 86 143 87 239 192 43 188 39 238 130 195 48 254 181 89 91 147 101 90 231 179 228 103 29 59 150 164 139 206 11 253 80 217 136 44 186 26 196 234 96 85 161 236 47 229 56 102 68 71 187 245 15 204 52 165 51 160 75 163 133 218 13 17 189 235 247 109 58 205 172 20 104 214 166 175 55 18 21 5 209 141 93 63 157 126 162 202 66 38 27 213 171 211 116 74 225 224 241 82 173 216 99 212 155 24 2 
216 80 9 245 124 7 169 66 129 218 200 199 83 170 19 86 202 18 220 241 225 49 181 177 226 251 25 123 78 43 136 183 120 248 195 253 229 210 152 175 79 125 48 113 71 233 82 165 141 81 145 59 134 137 117 70 156 64 119 62 131 36 254 52 207 54 178 201 67 20 144 215 189 214 166 61 2 74 140 222 91 4 242 130 17 160 112 34 31 212 185 151 56 164 256 100 196 87 108 243 98 42 190 128 115 97 168 230 180 29 161 37 6 162 10 77 149 72 249 147 26 244 146 44 182 110 55 157 69 15 223 187 252 76 106 99 236 221 159 89 109 209 234 46 65 143 38 121 14 118 205 204 39 224 237 50 122 8 60 179 255 116 40 246 135 238 57 68 154 217 45 155 191 188 114 58 158 176 247 1 167 203 95 12 132 85 126 194 172 111 208 84 11 35 23 107 92 250 51 102 150 142 213 21 93 192 227 22 27 198 88 41 153 197 148 103 184 193 219 174 30 211 75 206 139 28 105 232 90 33 24 13 186 173 73 53 138 104 239 32 63 231 235 101 96 163 16 133 47 228 5 94 240 3 127 171 
196 152 58 174 178 144 37 29 118 157 52 81 247 185 16 172 140 195 133 187 31 65 68 83 9 64 85 134 96 100 180 208 63 80 69 238 101 124 199 230 120 27 159 54 87 226 24 256 129 98 50 148 105 149 141 251 161 233 23 173 57 17 113 94 242 203 237 146 111 165 182 6 2 213 212 74 18 186 160 219 250 145 91 71 153 34 26 102 61 46 75 150 246 119 151 121 244 220 135 122 204 223 191 162 108 33 92 43 13 227 164 4 224 25 8 194 198 255 106 221 188 42 169 30 249 3 93 158 254 177 243 229 214 107 190 39 59 245 217 127 234 84 147 231 95 49 20 137 55 28 51 56 89 168 116 235 170 88 142 192 11 184 130 117 10 232 76 252 210 179 1 41 163 115 109 66 132 104 128 67 206 47 19 209 77 222 5 7 114 90 189 86 99 126 21 205 181 70 175 216 156 97 40 200 155 240 236 171 123 211 60 44 72 22 79 73 112 45 36 125 82 193 183 154 228 12 248 78 53 62 215 103 202 176 138 32 241 253 15 139 239 218 225 14 167 143 201 110 207 197 131 35 48 38 166 136 
120 100 246 249 70 28 64 140 91 129 197 199 107 231 222 110 86 54 65 37 191 167 196 186 184 15 24 112 236 75 174 201 87 240 51 66 198 157 30 227 150 16 109 106 12 88 21 36 23 83 152 22 32 202 219 50 162 115 27 132 79 221 148 101 161 60 172 185 108 59 169 53 45 81 244 93 19 181 190 179 253 52 143 113 224 235 189 149 250 95 67 144 133 205 146 226 77 78 89 218 175 80 85 237 248 126 117 62 102 121 114 210 92 136 232 26 55 38 11 94 122 41 76 2 207 163 124 166 176 99 151 212 61 204 68 243 74 187 39 139 25 46 255 42 43 192 118 17 216 57 145 104 13 168 233 56 182 215 195 241 20 211 71 1 63 127 180 213 183 238 178 131 31 229 44 98 111 164 49 138 209 155 156 247 6 58 165 208 119 48 3 7 153 200 173 252 82 9 239 34 171 90 159 223 230 84 130 256 96 194 97 137 116 135 18 234 123 14 128 29 40 245 103 105 214 170 4 134 10 125 251 154 147 5 203 177 72 8 35 193 47 33 158 242 160 225 228 217 220 141 206 142 254 188 73 69 
246 64 130 3 181 237 122 135 161 42 151 115 210 250 121 242 31 95 238 19 71 32 112 93 219 101 150 50 183 214 7 171 163 251 236 154 82 52 30 172 221 179 111 194 61 209 204 37 253 54 56 216 105 188 167 243 240 143 63 255 200 182 49 12 169 72 206 166 212 6 100 22 81 126 233 43 88 256 191 239 90 96 227 213 35 34 184 46 192 198 176 125 153 77 106 222 94 134 147 202 128 190 229 83 177 244 157 114 97 197 86 9 120 141 144 232 85 8 55 217 189 91 5 127 59 76 107 80 148 174 2 109 160 57 168 110 152 29 149 164 231 27 196 87 187 79 158 45 220 44 11 129 178 48 102 39 173 195 234 14 156 201 193 113 138 62 235 175 117 21 13 136 33 137 69 223 185 252 208 89 247 36 159 119 74 225 17 133 66 73 51 16 145 205 241 226 75 140 228 116 199 47 65 84 215 108 28 18 132 123 207 218 26 146 248 60 53 186 230 38 211 165 98 1 67 203 180 68 131 170 155 15 162 78 23 142 10 254 41 20 245 224 58 92 4 249 24 25 139 118 99 40 70 104 124 103 
1 256 39 122 145 108 99 253 25 163 209 222 57 212 114 48 50 168 132 28 89 244 197 97 60 27 254 46 95 22 210 169 143 175 116 201 243 33 12 241 131 63 173 26 81 221 188 214 135 187 216 167 207 156 7 64 4 155 79 234 236 208 139 205 112 88 255 250 159 41 204 34 164 202 130 71 17 84 120 150 74 137 160 10 252 58 52 59 193 49 186 138 125 92 226 172 247 206 129 251 151 29 152 249 123 191 147 211 106 94 233 240 127 54 124 176 134 115 161 68 148 83 183 190 98 239 220 62 75 203 53 140 72 9 20 228 18 232 165 237 146 24 66 37 185 235 136 65 248 196 189 45 224 118 15 195 3 170 21 245 184 149 113 73 103 36 162 229 13 141 6 171 43 31 105 90 61 91 219 199 181 67 80 142 246 194 182 153 69 101 174 86 55 76 77 85 213 109 56 40 16 158 51 223 23 96 117 225 217 230 38 19 11 42 200 111 179 231 87 144 128 44 238 192 157 198 119 104 215 70 133 126 2 107 47 242 35 32 78 8 100 218 110 154 227 14 93 178 102 30 5 180 177 166 82 121 
138 115 141 207 18 189 94 78 28 215 10 117 212 214 13 156 127 248 34 57 188 147 197 73 208 157 15 240 232 51 253 48 99 56 96 124 7 70 11 65 202 250 201 67 183 243 155 144 182 220 87 170 75 95 80 76 135 148 205 179 181 247 185 153 63 122 227 123 92 29 33 6 213 38 176 169 23 125 221 22 21 86 4 25 184 191 150 3 238 146 114 45 230 49 244 5 235 104 68 217 118 186 83 69 116 249 39 163 30 44 1 31 27 255 237 58 107 77 254 234 139 190 154 180 172 109 98 239 120 54 90 79 12 50 121 89 61 130 161 225 222 226 229 37 111 204 231 17 20 177 119 252 242 72 175 174 218 206 137 236 41 224 82 228 165 91 129 246 106 200 60 152 43 192 132 209 223 71 193 47 149 140 134 105 196 203 211 151 100 145 219 74 158 2 233 187 112 53 133 19 52 8 167 108 9 162 178 194 14 26 142 32 159 195 164 103 199 88 40 24 136 66 198 101 81 97 35 84 251 210 173 241 93 42 85 110 216 168 59 128 16 113 102 126 166 46 245 160 171 64 131 55 62 143 256 36 
24 215 43 1 4 99 15 246 250 97 193 14 211 204 244 19 154 20 195 112 216 93 89 138 67 152 80 115 205 232 168 91 86 189 201 143 11 9 227 37 129 54 125 197 226 247 179 73 116 95 149 236 203 206 228 77 170 223 253 225 35 237 106 251 248 102 242 131 156 12 180 178 182 151 66 207 65 3 128 174 233 142 188 202 6 164 111 252 68 139 51 96 100 198 17 18 144 33 254 119 69 63 16 88 10 135 239 7 231 169 134 75 71 32 217 5 50 49 84 57 121 137 220 136 107 47 147 83 224 36 210 74 219 25 61 159 26 132 190 45 196 187 221 82 238 235 160 76 124 177 42 145 230 243 118 249 78 29 166 240 104 113 46 194 87 222 79 98 256 191 208 126 60 141 127 172 158 2 185 122 161 105 23 229 90 110 114 133 255 101 92 200 13 81 58 186 241 64 140 48 30 21 157 150 163 209 155 173 184 38 176 175 183 148 181 213 39 153 72 234 59 94 146 8 167 56 109 41 34 31 245 22 53 27 85 108 218 55 162 44 214 171 62 165 117 70 52 103 120 192 28 123 212 199 40 130 
125 28 110 113 124 51 39 22 189 213 198 230 161 244 41 145 100 153 194 165 256 127 7 177 106 212 226 49 45 246 9 200 220 82 104 128 98 86 172 233 17 52 129 179 224 197 234 114 24 34 247 152 118 166 242 142 158 214 183 13 31 204 155 122 132 14 94 195 40 107 202 248 205 30 184 72 167 252 109 3 101 133 85 134 175 117 245 67 77 217 182 60 135 97 96 23 92 10 240 43 236 123 112 223 163 62 238 190 54 162 126 8 206 64 99 18 4 50 66 111 144 221 88 243 33 192 42 11 168 150 187 6 32 239 69 25 46 21 210 151 216 103 180 1 232 16 207 171 159 196 176 131 229 250 225 255 59 141 61 231 208 120 65 102 71 138 237 235 154 55 249 75 37 47 149 251 181 136 193 146 5 170 48 56 188 89 26 93 139 90 35 19 178 63 209 201 157 130 199 80 12 105 185 68 241 27 38 164 78 228 15 191 219 87 148 121 254 79 119 44 53 140 173 84 115 203 215 108 95 76 253 211 73 70 81 147 143 222 160 58 137 227 116 169 156 218 174 91 29 36 2 74 57 186 83 20 
245 231 9 108 153 246 62 81 28 78 187 35 159 146 40 209 188 130 17 137 193 33 95 143 251 150 113 85 101 176 166 216 16 230 197 11 68 237 98 8 79 97 202 75 167 36 211 214 107 102 244 6 205 66 196 56 194 212 207 218 103 183 19 23 7 169 157 86 184 53 106 161 26 139 135 125 204 39 93 203 182 217 179 45 129 44 120 73 126 59 173 4 57 226 67 1 147 32 219 50 132 138 92 213 115 164 175 118 124 221 42 223 24 158 248 69 247 31 34 61 199 15 3 104 22 77 256 252 239 145 192 235 131 144 148 253 21 70 233 29 152 229 128 82 208 27 227 215 185 90 110 241 105 142 232 123 51 195 141 25 155 5 242 134 91 13 20 255 191 72 94 80 162 119 160 172 55 186 41 149 234 88 201 170 100 140 171 220 65 177 76 64 174 206 117 87 99 243 228 250 49 63 84 114 154 249 111 240 37 136 236 222 83 47 54 163 190 122 58 165 89 74 52 198 127 116 156 43 18 14 46 133 189 112 48 178 109 254 96 225 121 200 180 2 10 38 210 60 30 181 12 151 168 238 71 224 
219 123 240 119 24 236 244 167 228 2 220 200 158 97 20 9 95 87 202 147 115 253 44 230 67 165 31 93 51 61 83 7 152 12 6 155 94 208 82 126 26 157 251 182 109 150 120 80 78 62 173 127 46 39 41 190 171 8 122 211 30 53 47 206 14 175 146 52 195 241 114 63 130 15 231 54 243 58 242 218 254 124 125 64 207 17 223 212 107 169 89 210 69 112 57 154 59 29 232 10 252 227 116 160 66 45 128 247 50 38 224 238 161 42 55 22 177 153 229 3 233 21 201 49 221 113 144 13 214 189 203 81 27 249 145 215 199 188 151 16 178 129 48 18 191 170 111 222 180 250 140 193 248 246 159 117 56 4 34 196 33 234 172 141 65 86 108 163 92 245 198 23 71 106 1 164 36 148 76 25 192 213 185 118 105 79 179 110 239 186 166 194 28 142 133 40 104 11 43 184 149 176 137 168 205 216 103 183 68 135 60 156 91 77 70 73 132 187 72 75 131 209 225 237 134 84 35 138 235 136 162 197 102 19 88 121 255 5 181 143 204 226 139 101 85 100 98 32 37 174 256 217 90 96 99 74 
47 31 169 239 45 250 71 39 105 4 247 208 197 176 80 96 143 207 46 150 173 216 221 227 146 172 61 200 72 156 113 51 201 22 68 224 192 244 55 188 165 159 103 32 85 130 136 230 119 79 24 81 26 124 83 88 254 235 18 82 248 137 64 91 102 138 15 237 40 19 107 95 218 106 121 84 246 204 177 126 16 10 223 57 189 62 175 162 167 99 220 196 52 252 231 140 1 128 125 7 63 89 241 11 145 43 225 60 115 8 198 164 67 101 38 153 12 202 217 134 75 242 131 108 212 123 44 214 109 76 36 9 49 199 236 185 66 28 245 229 151 93 190 215 23 206 234 54 183 34 30 127 154 222 50 209 226 181 94 182 42 142 149 144 37 139 166 155 25 73 184 129 104 90 21 65 114 178 6 100 77 78 194 240 17 70 255 203 163 179 193 29 132 148 133 59 158 191 186 147 56 35 48 253 243 152 110 5 233 58 27 211 33 87 160 53 20 219 117 232 174 116 168 195 210 180 157 205 69 74 238 2 13 171 170 228 86 92 118 141 14 112 41 120 97 187 135 122 256 3 161 111 251 98 249 213 
144 255 151 164 128 233 46 175 67 230 119 192 12 129 27 174 1 135 138 62 94 241 85 178 143 96 52 126 234 235 166 47 108 141 169 99 53 83 160 152 165 140 28 171 127 162 37 122 226 58 18 172 251 63 32 90 76 44 97 167 248 61 253 93 92 77 114 239 59 109 222 8 82 65 250 188 68 42 199 201 161 118 64 48 124 10 189 177 4 112 220 2 80 209 132 89 219 91 247 187 205 50 179 244 29 134 66 245 237 71 216 139 181 25 98 212 38 229 125 202 197 40 45 136 15 107 163 130 6 183 49 240 225 186 56 153 73 36 35 86 5 218 214 111 196 228 215 182 238 193 246 159 17 224 11 236 72 88 57 249 16 256 147 231 206 116 137 211 208 113 39 105 252 110 148 9 121 55 79 75 43 103 176 87 123 145 81 26 74 170 243 131 185 60 154 194 155 21 20 223 120 3 142 23 95 227 191 184 104 195 203 232 102 24 33 19 173 22 34 156 146 207 54 242 69 13 158 115 7 51 78 149 101 14 30 150 200 213 221 210 180 133 168 100 106 204 31 254 157 70 41 117 84 198 190 217 
132 22 62 141 203 193 126 194 165 52 133 198 47 190 109 1 79 136 106 61 148 113 56 188 182 256 12 5 247 154 83 130 102 78 170 205 68 87 215 223 38 118 162 240 8 208 84 244 232 57 7 43 239 140 3 173 146 116 88 128 233 13 97 225 235 185 27 137 89 192 49 139 206 179 10 160 251 171 114 209 29 90 231 41 129 67 237 112 95 159 147 135 220 152 108 153 142 6 242 218 77 178 42 175 181 73 224 155 158 9 254 122 227 64 213 149 53 92 167 150 145 250 85 186 111 37 243 81 252 115 214 71 59 183 144 74 66 222 195 201 105 70 103 36 210 164 94 168 24 23 184 229 75 31 151 163 50 17 65 255 189 245 180 166 134 98 217 119 121 187 15 212 248 35 161 14 127 236 138 82 124 100 54 230 207 21 72 123 246 216 202 26 55 28 11 241 234 219 63 20 177 204 51 253 48 156 44 69 40 30 157 19 200 228 199 4 18 226 197 131 86 174 34 238 25 172 33 221 60 101 32 96 39 110 2 104 76 107 191 99 45 80 91 120 176 143 58 211 117 196 93 16 169 249 125 46 
108 247 64 77 58 144 189 136 154 235 238 63 85 168 19 233 57 31 234 102 164 231 20 116 230 160 194 91 30 214 54 14 115 74 95 161 49 175 46 250 127 29 151 72 65 249 70 68 197 135 252 123 173 51 110 201 172 92 62 159 188 130 199 5 169 17 191 244 118 228 240 25 101 143 40 206 23 13 219 242 141 87 137 181 146 205 76 215 157 38 220 28 2 207 104 117 185 155 182 251 79 145 166 156 83 243 133 225 47 245 18 218 184 216 1 42 32 167 149 204 67 80 179 192 86 239 44 126 208 221 125 174 186 178 195 158 6 24 128 237 61 134 229 211 81 22 119 41 16 162 203 152 34 73 39 111 129 11 75 71 59 96 202 183 232 150 84 142 131 89 12 60 93 171 241 107 180 15 88 255 27 200 165 138 163 213 223 78 106 248 236 122 140 109 210 112 190 82 187 9 226 100 26 45 121 256 103 99 97 10 48 227 55 147 8 98 114 7 43 21 148 170 52 90 177 120 69 94 224 196 193 153 36 132 4 37 222 209 139 56 66 217 53 35 3 254 176 50 124 113 33 253 105 212 198 246 
60 90 175 180 129 50 253 207 5 66 137 107 28 144 110 218 157 204 43 12 179 235 122 91 76 152 51 170 55 149 135 22 162 84 136 203 139 210 6 123 208 59 240 11 49 70 237 194 19 35 201 102 138 163 9 177 58 71 85 209 220 20 112 192 26 82 242 227 73 198 238 97 164 94 148 106 83 40 195 98 188 41 230 89 250 228 150 13 25 219 108 211 241 233 205 146 77 248 216 140 143 224 189 34 124 24 160 151 45 197 114 156 212 223 99 251 80 30 159 169 42 158 127 29 125 79 111 178 126 95 141 243 88 21 182 2 72 236 186 64 173 246 3 252 133 52 231 184 69 113 8 222 166 74 115 54 68 245 256 37 132 226 255 36 1 142 232 65 119 217 100 193 145 39 57 105 47 215 75 239 176 130 161 244 171 61 67 168 87 38 154 172 16 81 103 10 200 181 190 32 153 254 14 196 4 185 109 134 62 56 104 174 17 155 167 249 15 117 225 121 191 93 234 53 247 183 120 18 206 86 48 31 116 214 131 63 27 187 92 96 202 147 213 199 46 101 78 118 7 221 165 33 229 44 23 128 
247 19 103 167 127 190 68 166 123 146 158 216 118 137 185 77 162 170 76 164 182 136 171 39 129 150 8 86 72 6 172 25 11 80 64 124 237 241 145 239 245 116 244 73 50 31 192 32 17 105 82 243 252 165 41 96 47 89 211 93 183 109 29 57 219 71 34 84 113 49 201 74 254 220 148 175 178 60 200 100 202 204 173 98 30 22 152 16 26 52 138 199 101 235 106 92 225 10 40 90 4 104 69 198 210 78 255 184 221 66 5 83 186 256 246 67 79 251 18 63 56 120 193 163 207 141 143 191 59 203 226 97 139 58 169 234 9 151 240 12 144 206 126 102 125 157 228 140 253 21 95 61 37 53 205 35 87 27 2 122 217 130 24 168 176 23 147 142 114 15 215 229 195 197 121 188 180 238 44 38 189 155 160 48 233 179 248 194 43 212 115 108 177 117 65 236 222 230 208 153 132 187 28 51 133 131 134 250 54 232 1 242 196 3 107 46 91 33 224 88 13 223 214 227 174 62 213 156 99 85 154 7 111 14 119 135 42 231 36 75 218 94 112 161 181 81 159 45 249 128 20 70 149 55 110 209 
28 155 241 127 65 107 99 236 158 70 5 173 29 83 254 53 162 138 10 219 244 112 42 215 163 114 209 208 160 101 90 58 81 152 225 120 184 243 74 66 77 24 49 27 124 100 55 102 174 86 250 33 194 182 6 80 170 221 146 23 91 150 197 3 248 9 136 175 139 45 199 121 60 17 223 168 62 177 26 231 57 195 247 119 204 147 190 239 76 21 63 30 31 193 56 54 44 189 137 233 85 84 61 246 229 116 183 68 41 51 39 140 36 14 4 172 69 255 154 37 141 249 164 52 206 115 122 178 13 181 253 8 217 211 228 200 32 144 227 64 149 18 11 2 153 234 218 192 78 212 22 232 202 59 104 220 213 166 111 108 40 130 196 96 176 1 245 16 148 210 87 34 92 50 230 82 240 161 157 109 123 133 159 242 256 72 142 93 203 126 214 128 132 89 180 113 67 20 205 118 98 25 145 129 201 135 71 95 226 125 106 224 186 198 38 238 47 251 171 97 105 216 167 48 7 88 151 12 156 185 252 191 187 134 110 235 222 117 94 15 43 169 188 143 131 207 165 46 79 35 237 179 19 73 75 103 
147 181 235 168 78 157 48 100 149 143 13 86 107 38 28 19 170 55 16 111 117 35 58 206 96 233 177 44 23 90 160 217 194 202 182 61 6 187 102 190 179 60 57 26 197 47 85 188 144 89 33 208 146 64 236 242 40 192 10 105 46 51 158 133 193 31 174 134 72 231 222 130 53 180 91 199 223 246 45 88 118 207 82 81 8 56 165 104 244 172 116 110 154 136 101 75 103 243 9 30 227 87 240 54 230 232 221 245 69 214 62 3 238 106 219 37 225 20 212 229 167 65 218 63 43 73 210 142 204 99 123 173 39 205 83 94 79 4 27 18 159 12 80 176 216 132 161 215 121 71 164 237 145 108 211 255 184 169 17 189 254 195 93 21 127 114 24 14 226 224 119 247 109 135 166 178 139 1 124 239 122 151 248 125 68 137 15 32 66 129 153 198 41 156 220 120 5 203 196 138 84 11 234 22 126 252 128 29 50 97 7 150 92 213 249 131 52 67 241 162 112 76 70 183 250 191 115 59 253 42 163 95 185 34 256 209 201 171 186 175 98 155 2 228 49 148 141 152 251 74 36 200 25 140 77 113 
172 65 117 12 129 124 89 45 140 20 161 112 209 61 231 60 120 174 97 206 191 122 230 144 181 176 192 24 14 115 88 85 87 91 202 187 205 94 184 153 8 19 188 107 7 105 200 56 44 113 71 16 169 110 185 11 49 67 157 249 84 22 30 36 78 72 171 213 167 245 31 165 179 212 246 254 5 130 227 159 80 41 189 240 229 68 40 244 77 116 170 70 201 100 133 151 218 15 101 236 197 109 238 210 32 119 127 148 177 55 193 146 243 25 53 128 196 154 62 54 150 199 162 228 145 132 75 96 178 223 134 106 180 126 149 252 164 138 81 233 74 216 59 123 69 4 104 111 255 235 251 250 52 63 234 248 163 253 9 237 118 190 121 220 182 222 17 195 114 26 99 66 37 186 27 247 183 95 194 58 23 224 226 79 211 39 239 3 64 76 38 90 51 102 137 214 160 34 242 204 73 147 13 168 28 103 152 221 47 215 241 93 207 217 156 48 10 173 141 57 256 139 43 83 143 33 50 131 1 175 219 232 155 29 203 142 46 21 198 135 98 18 2 125 92 208 166 82 108 225 136 86 35 6 42 158 
255 124 200 13 88 51 142 189 244 192 247 165 35 251 229 225 98 145 210 70 63 240 130 89 204 217 113 59 252 161 220 100 67 36 211 183 62 144 30 178 250 137 50 106 219 38 126 246 32 235 107 49 243 221 64 152 25 4 139 2 46 90 163 102 236 28 12 147 172 164 237 138 173 241 83 94 104 166 215 203 109 143 233 11 103 194 115 69 212 85 181 95 60 127 140 158 105 136 118 18 196 177 8 79 151 43 176 242 169 31 245 171 1 48 21 57 91 81 222 132 41 74 232 55 202 193 231 33 125 16 5 54 205 27 201 75 254 218 190 111 82 61 216 116 188 191 207 141 47 159 119 198 227 19 187 65 148 34 108 72 20 10 197 84 131 23 112 253 44 208 58 123 3 174 209 9 214 228 157 99 146 92 150 87 186 226 129 168 156 15 76 134 256 71 160 73 39 234 223 199 37 110 238 45 52 133 122 56 77 26 213 40 29 120 114 22 121 66 117 182 80 180 17 230 93 24 162 167 170 155 97 149 135 175 184 249 6 14 224 128 206 68 195 179 86 239 53 96 153 101 185 154 7 248 78 42 
212 19 211 110 4 164 176 205 220 26 144 137 254 250 88 63 57 60 71 9 13 135 103 174 225 227 161 75 235 29 133 218 222 208 35 158 216 47 184 121 6 175 41 116 129 247 80 187 56 51 180 251 132 221 246 150 92 167 219 252 191 241 206 193 55 242 23 39 108 49 87 117 199 228 118 12 149 209 36 172 163 177 181 234 147 151 244 152 76 243 157 168 131 70 204 189 143 83 233 130 128 15 67 134 140 3 112 50 43 93 166 113 124 136 165 182 195 84 170 53 17 148 62 69 46 104 183 105 240 202 1 11 25 217 68 249 27 238 226 248 79 90 120 114 125 145 231 14 74 37 54 178 232 185 160 16 48 86 190 154 73 207 2 38 91 85 123 64 230 253 237 21 18 111 200 5 8 22 203 196 44 65 186 115 159 239 58 126 192 194 72 210 24 198 45 30 107 155 179 7 40 255 119 61 96 201 153 106 32 197 245 109 28 214 42 162 224 66 101 102 82 156 127 31 171 100 97 188 139 138 81 77 142 94 122 146 98 215 95 34 20 59 173 169 141 223 52 89 236 99 10 33 78 229 213 256 
68 88 187 250 178 85 36 224 137 51 17 188 44 194 233 198 75 139 138 53 92 212 11 81 104 67 175 99 141 61 18 226 192 109 37 251 60 1 173 41 246 7 172 165 238 133 145 168 103 20 144 24 242 79 206 203 136 199 25 45 186 66 152 150 154 123 189 76 181 34 146 6 185 159 38 214 27 126 241 177 217 121 131 72 208 73 243 130 153 93 8 164 196 119 142 111 134 69 87 56 255 155 2 122 55 117 95 211 204 114 70 234 225 83 90 148 149 97 50 239 102 63 254 13 183 94 231 216 49 247 248 54 205 191 237 182 157 100 118 249 26 116 23 52 169 256 202 220 9 180 161 115 84 245 110 143 3 163 82 213 193 167 35 71 156 219 58 232 29 166 43 201 124 218 151 12 184 120 235 135 162 22 42 65 10 30 129 47 106 176 197 229 158 31 209 171 59 101 227 57 125 105 62 86 132 113 74 200 80 160 127 222 96 28 107 210 5 128 240 39 252 244 19 15 89 64 14 78 223 108 40 46 4 140 33 32 207 77 147 21 91 195 253 16 236 98 112 48 190 215 230 221 170 174 179 228 
54 125 176 20 13 107 89 32 156 26 25 24 151 58 70 74 181 171 186 35 15 175 72 164 18 218 83 254 60 4 127 243 106 56 140 122 78 61 183 191 245 209 238 153 142 149 212 91 165 132 200 97 67 198 27 227 170 93 6 229 135 103 160 131 77 116 248 247 161 21 90 172 73 7 96 11 182 42 120 75 111 166 66 10 233 85 23 214 46 76 154 193 63 169 50 255 236 36 86 37 152 158 197 155 237 162 95 84 30 62 205 174 224 118 92 51 199 228 239 31 173 179 144 234 211 34 3 19 129 115 221 223 231 113 28 130 250 145 69 242 194 12 108 256 138 157 240 119 105 104 53 232 201 59 139 126 9 251 235 17 124 204 187 150 33 177 100 82 220 79 203 41 22 47 44 184 114 195 143 244 133 102 148 206 168 39 196 216 65 52 94 112 188 121 217 8 71 101 136 123 178 219 81 87 64 222 230 226 146 208 40 57 189 141 80 207 225 43 147 202 213 109 192 163 68 117 185 88 246 128 55 190 38 16 210 29 14 253 180 98 241 249 252 99 137 167 45 215 5 134 110 1 48 2 49 159 
68 47 108 228 55 27 211 54 66 208 238 248 33 69 183 199 53 92 95 118 243 76 206 131 90 149 134 182 57 127 28 200 7 214 159 46 176 42 29 229 145 148 195 86 188 81 142 143 22 120 139 163 202 6 50 58 123 109 4 126 226 67 191 221 75 136 227 231 119 61 166 233 13 25 256 171 179 14 132 157 190 96 251 218 94 154 164 48 99 23 217 245 137 34 78 146 165 181 15 249 111 184 189 98 37 130 30 252 135 186 242 160 250 84 100 16 254 212 193 219 235 204 178 31 213 49 73 158 247 79 101 117 253 19 93 172 80 115 197 129 192 180 97 77 88 153 18 40 38 185 133 89 255 232 26 196 237 3 62 230 175 21 107 74 151 216 39 51 170 201 41 72 225 44 173 1 52 85 152 187 207 63 12 210 60 244 5 239 220 156 224 17 125 116 112 87 222 8 71 215 198 10 203 236 155 59 168 167 147 11 35 110 140 141 113 2 56 64 121 138 65 124 174 241 20 9 177 128 240 162 32 103 223 150 161 122 114 194 169 83 24 209 106 45 144 91 70 234 36 104 105 205 102 82 43 246 
85 123 87 126 193 121 215 51 86 75 124 256 213 141 4 189 233 88 187 110 67 47 44 184 26 100 2 96 255 237 185 146 102 15 19 209 163 34 164 61 92 129 170 31 216 65 72 178 62 98 234 230 53 14 218 201 114 68 29 210 147 115 186 139 131 219 91 206 222 235 35 181 191 111 45 229 155 253 9 200 74 203 24 179 95 8 36 81 71 197 205 149 240 83 247 16 161 60 128 133 82 151 204 21 194 103 195 242 199 23 252 239 106 148 79 246 171 182 245 140 7 118 94 99 175 227 28 56 54 225 236 104 202 226 172 254 221 192 125 90 241 70 11 169 166 251 27 238 69 50 207 224 211 30 156 136 158 5 10 122 25 112 165 17 73 39 208 117 153 154 20 217 77 55 231 113 57 243 214 37 177 144 138 127 159 212 46 89 108 40 152 132 63 76 80 180 228 3 120 145 105 6 64 42 1 183 41 32 43 93 101 188 168 18 97 119 66 134 137 249 173 130 220 58 48 223 196 250 150 167 49 107 116 84 176 33 135 162 12 174 157 22 109 248 190 160 78 198 142 143 13 244 52 38 59 232 
219 165 191 85 9 30 37 244 216 182 203 171 66 234 12 231 179 168 73 183 130 256 161 162 22 163 23 172 1 92 135 136 192 29 147 14 108 27 82 80 129 93 112 187 239 59 65 215 60 246 185 49 225 160 169 159 13 241 222 120 149 212 69 35 100 138 24 118 75 208 151 44 188 140 193 139 77 106 74 255 235 174 233 180 218 81 61 143 248 76 178 156 202 56 115 240 133 122 94 247 4 38 89 141 71 186 103 70 190 32 95 20 101 181 217 98 227 206 155 26 197 78 126 195 3 175 167 46 25 223 104 173 97 211 88 201 96 19 146 228 50 242 128 110 127 144 237 230 72 123 189 124 236 249 87 198 209 199 17 33 166 6 245 232 7 107 158 114 11 142 36 2 43 55 16 91 47 250 90 125 220 48 62 79 64 164 148 86 207 177 21 68 15 18 111 213 200 10 58 150 145 105 102 54 34 224 210 99 251 67 53 119 57 176 113 238 137 40 131 170 42 252 116 229 196 154 39 117 254 84 28 152 8 204 41 253 134 157 5 51 31 194 226 83 132 184 205 243 52 214 121 221 63 109 153 45 
119 77 93 226 107 32 94 79 213 220 16 87 201 17 47 74 38 124 25 103 148 169 150 152 40 248 44 2 173 50 132 194 46 28 42 159 137 233 227 1 135 202 9 120 240 205 185 39 64 223 117 24 168 75 199 151 54 154 177 221 35 175 80 208 65 138 187 91 145 167 30 136 126 204 96 176 90 125 144 181 111 228 211 174 67 128 250 139 57 129 157 236 49 247 109 86 189 14 245 235 200 251 197 106 218 242 160 88 118 178 10 230 105 97 82 27 26 33 83 48 22 216 224 100 156 225 153 113 52 114 183 112 85 255 98 58 149 37 59 212 131 249 239 162 71 20 68 19 253 141 76 231 217 63 62 133 163 95 184 243 237 229 191 127 155 11 34 254 110 206 207 102 134 180 158 51 123 61 164 41 196 219 21 78 70 23 31 60 147 36 15 5 210 66 12 69 179 195 244 234 53 45 209 193 3 130 115 171 172 190 18 81 89 214 198 104 246 56 8 92 143 182 238 146 256 222 188 215 161 170 101 241 43 142 29 140 4 99 6 122 203 108 55 186 7 121 84 192 72 73 166 13 165 116 232 252 
14 20 64 158 226 113 10 138 36 177 6 194 48 188 244 189 4 146 124 75 233 230 143 129 76 252 35 67 127 66 238 130 40 166 247 109 181 196 33 131 139 44 224 86 157 213 229 119 31 217 205 39 102 128 13 178 112 208 201 122 155 140 193 180 2 81 68 186 221 111 203 136 240 63 170 87 135 211 192 94 215 8 91 210 182 126 220 92 18 90 118 184 62 167 133 249 47 120 24 77 57 21 71 256 103 148 46 235 27 153 169 156 53 89 163 149 165 236 123 51 159 216 144 168 185 22 99 105 72 82 25 73 212 241 104 60 173 150 248 246 59 206 15 96 219 231 160 245 218 80 227 152 183 74 223 116 110 1 37 255 42 243 154 100 12 161 49 32 97 162 61 176 254 190 145 125 41 239 151 9 108 147 228 54 171 200 56 202 132 222 3 83 117 88 17 11 187 214 29 242 172 199 137 121 197 142 38 7 85 250 45 198 98 84 107 251 16 26 174 5 204 28 253 19 179 30 225 23 65 78 43 101 95 55 207 232 34 141 114 93 50 209 69 52 106 115 175 164 70 195 237 134 234 79 191 58 
41 63 69 1 213 8 44 162 231 43 6 105 232 156 113 109 166 242 71 95 49 25 199 229 58 14 54 53 110 24 236 36 11 138 139 204 218 13 74 230 187 247 83 214 248 117 116 175 224 168 92 129 194 90 33 65 158 243 38 246 238 154 111 118 149 37 132 68 235 96 133 253 244 171 114 205 144 240 134 220 206 122 123 169 121 94 97 21 207 178 150 191 170 84 182 70 245 59 164 211 151 140 177 137 185 128 73 29 208 64 106 222 130 225 209 79 107 7 145 88 155 17 98 81 216 181 20 142 57 173 227 101 3 143 51 195 256 89 184 234 23 60 228 219 198 241 34 172 180 35 16 233 141 174 115 202 46 188 212 87 126 77 148 152 186 119 82 221 62 136 32 2 217 176 131 160 66 15 165 255 55 31 9 196 167 28 237 39 78 80 226 45 30 103 252 10 91 249 27 47 99 254 163 146 197 201 50 135 192 239 153 42 179 100 203 102 76 22 250 190 251 40 161 18 127 108 75 5 93 189 210 183 120 12 26 193 19 223 157 56 124 147 200 86 72 67 48 125 215 52 61 104 112 159 4 85 
30 136 43 3 116 58 237 239 208 46 248 159 128 242 171 138 89 211 119 218 230 78 189 99 179 123 247 72 97 65 252 142 137 130 246 27 77 126 42 103 34 109 38 49 194 238 2 122 221 84 172 31 219 202 17 186 168 35 111 207 149 10 39 56 139 6 210 236 120 201 195 161 226 70 165 187 197 37 229 64 51 215 196 115 15 192 212 129 33 63 1 166 106 91 125 68 178 222 57 90 191 93 28 40 11 36 205 13 167 206 251 157 249 204 12 62 95 29 94 176 124 133 104 225 160 214 88 24 213 131 18 55 153 54 59 146 156 245 102 216 60 141 8 50 180 155 143 22 151 184 134 107 228 182 148 224 183 152 32 121 181 83 177 100 21 135 253 203 82 188 185 220 81 45 243 73 232 75 96 66 112 76 244 98 48 199 44 127 150 7 105 23 87 16 223 193 190 200 164 174 144 170 147 41 254 209 198 25 173 85 163 240 231 67 114 61 4 9 80 117 113 92 233 47 158 118 26 69 20 145 140 234 241 217 19 162 255 169 52 256 175 14 110 53 79 101 250 132 71 235 227 86 74 108 5 154 
130 139 190 201 60 247 100 2 39 153 50 151 135 107 222 202 97 196 54 142 218 174 80 178 52 12 210 65 226 44 136 8 167 88 57 150 103 220 211 240 219 95 169 242 47 21 233 147 94 155 112 144 51 244 164 123 207 214 146 238 239 74 40 255 76 23 192 231 105 161 156 32 227 203 185 43 63 180 108 119 9 96 140 49 86 61 225 129 33 106 58 36 224 101 5 126 91 236 70 72 116 20 25 79 252 104 73 243 199 182 197 253 195 237 125 221 171 18 186 71 82 93 87 138 89 113 67 145 206 205 245 159 48 148 98 172 215 177 81 183 109 102 143 11 117 166 78 230 250 68 157 92 77 235 31 184 69 41 29 229 162 28 132 256 4 133 165 248 246 251 204 38 152 134 90 83 13 228 6 209 124 154 158 1 55 223 127 115 122 34 27 46 15 212 26 170 131 249 56 118 110 17 59 10 30 216 194 114 163 3 84 217 189 66 254 19 53 241 7 22 99 16 208 149 24 213 121 179 14 75 200 198 42 37 193 64 234 181 85 176 191 175 187 128 120 111 168 232 137 35 173 141 45 160 188 62 
202 195 123 96 239 251 52 216 138 119 248 81 146 135 12 107 167 201 25 18 68 114 80 82 221 177 40 193 17 243 33 214 206 50 93 2 175 224 255 103 29 23 227 111 63 13 157 55 207 158 249 100 141 180 147 117 200 232 66 118 48 64 92 121 106 236 115 244 226 228 126 89 254 127 73 62 41 242 113 252 128 246 148 219 49 39 5 78 88 197 156 145 124 1 87 94 194 65 155 98 60 229 225 84 139 153 22 125 57 32 112 30 151 169 220 199 170 241 172 3 70 256 143 245 74 168 182 209 137 144 77 211 79 231 109 188 208 152 159 230 7 45 185 205 173 164 75 76 53 4 97 163 35 21 215 186 240 161 192 165 9 162 54 132 90 108 86 101 213 223 44 189 105 110 8 198 142 38 120 83 250 34 233 150 10 140 130 51 104 69 247 122 59 212 238 102 166 67 19 183 203 218 31 174 24 91 160 15 20 149 56 253 28 14 37 237 184 136 72 178 16 196 46 234 235 43 191 210 85 6 58 47 154 190 222 42 134 176 26 131 116 27 187 133 181 204 95 217 61 179 129 11 71 171 36 99 
109 177 39 234 217 84 120 201 191 247 170 196 214 44 165 216 155 116 102 157 138 167 92 206 207 171 98 114 254 156 221 149 119 42 19 38 178 194 34 222 26 236 75 173 148 108 121 197 21 233 94 229 78 48 83 36 85 67 33 16 193 169 180 253 7 235 73 199 28 153 12 175 55 198 74 162 103 105 107 9 17 66 29 219 89 200 126 209 130 204 134 230 210 20 213 63 8 80 241 2 25 95 129 142 123 37 127 176 244 106 158 190 166 77 135 188 237 215 18 128 3 99 242 250 53 64 79 15 212 187 183 168 122 185 68 6 232 76 147 118 231 52 1 228 251 154 182 131 124 11 70 238 35 45 56 47 186 179 161 136 97 192 245 144 100 132 31 172 139 5 30 160 23 22 143 226 91 125 111 243 150 255 24 4 256 61 13 141 58 137 101 87 246 115 151 208 54 202 71 93 69 249 88 133 240 164 220 239 189 112 159 104 218 113 90 50 96 248 203 65 49 41 224 117 82 40 146 60 174 27 225 46 223 205 195 110 184 43 227 86 211 51 163 10 62 152 81 181 140 145 32 14 72 59 252 57 
63 147 68 225 2 194 168 101 224 212 66 48 87 36 91 19 230 219 220 80 98 196 136 40 10 104 5 151 129 49 29 65 108 248 93 221 25 109 255 55 115 199 198 172 135 174 15 21 181 76 12 215 106 24 27 53 56 154 183 126 222 84 50 249 43 79 191 111 23 216 30 153 241 173 77 140 110 195 211 158 95 130 17 18 38 61 74 162 116 3 119 150 13 41 46 155 148 182 234 242 206 33 208 71 85 90 185 227 125 156 141 236 35 7 58 256 229 37 32 51 124 121 113 189 128 165 97 246 177 78 45 137 26 243 184 200 31 169 82 105 231 81 193 22 228 149 218 152 146 170 8 103 100 207 89 70 83 16 75 245 11 239 112 247 253 73 131 133 250 252 96 244 166 123 233 114 47 235 54 178 94 139 202 42 39 167 60 1 213 72 209 4 161 145 44 64 52 203 144 238 201 122 69 197 205 57 190 34 179 180 102 251 226 138 9 240 160 210 20 92 171 59 163 157 127 134 99 120 214 86 62 88 254 142 164 232 159 187 117 67 204 6 186 118 107 28 237 176 192 175 14 143 217 132 188 223 
98 23 145 164 121 180 161 214 229 16 49 192 17 108 3 163 112 29 190 10 53 211 97 86 85 117 92 234 75 221 54 36 109 151 186 158 120 48 220 125 122 4 216 71 172 131 79 39 68 187 133 33 249 35 200 210 217 236 198 246 119 184 60 215 81 173 227 21 130 14 140 204 219 37 181 18 66 144 82 178 84 235 254 30 160 126 2 142 193 169 41 7 188 51 64 202 132 70 253 256 62 5 50 252 137 44 99 88 154 255 56 94 149 175 65 69 12 100 251 9 77 6 104 45 139 67 162 102 177 244 167 153 15 135 189 208 136 32 248 118 111 203 168 43 238 150 147 115 95 174 243 25 176 55 194 107 199 127 183 195 197 28 24 224 1 90 20 156 129 105 134 72 159 225 148 74 11 205 237 182 26 223 201 19 61 91 113 222 46 146 73 157 230 233 179 101 128 123 42 114 207 110 76 93 80 96 34 27 22 89 141 103 165 213 87 206 228 83 124 52 152 155 116 143 212 106 40 250 231 196 13 247 241 191 240 58 226 245 218 38 185 171 8 59 47 239 209 138 166 57 78 170 63 242 232 31 
69 49 104 80 96 48 256 141 60 145 133 243 39 5 79 91 148 28 170 18 24 83 73 190 154 139 216 162 47 123 53 35 31 176 204 63 197 230 110 199 222 239 161 213 46 87 55 251 186 153 146 61 92 97 22 202 193 29 109 183 156 136 242 238 226 106 184 77 82 120 66 187 42 137 135 252 166 164 163 208 115 11 215 244 191 10 150 212 194 217 95 165 90 89 196 111 117 36 205 160 209 85 158 19 6 16 207 255 203 52 247 99 64 129 27 98 167 127 118 50 223 43 4 58 241 235 17 62 112 188 147 23 68 74 236 143 178 93 174 155 86 41 57 198 94 195 250 76 14 34 134 81 171 229 102 84 40 38 245 218 149 219 78 224 249 140 234 119 8 103 221 237 114 33 2 12 201 214 101 107 240 159 54 15 179 121 232 210 189 225 200 32 1 246 71 227 169 25 248 108 175 116 130 233 105 144 151 67 128 181 37 185 152 20 56 182 177 253 51 192 21 70 113 231 100 88 206 172 126 228 254 220 75 45 44 59 3 180 131 13 168 125 30 72 122 142 211 157 65 7 26 9 138 173 124 132 
29 131 142 150 72 38 114 10 71 15 184 227 111 149 113 199 143 87 163 213 119 130 12 55 37 33 152 248 239 201 108 173 48 237 85 169 107 159 255 92 105 61 89 135 222 5 90 13 134 192 91 156 28 83 69 187 161 80 14 59 133 70 174 128 7 49 58 115 148 52 8 157 144 123 214 39 193 168 100 30 224 154 104 206 185 127 205 202 197 24 245 204 36 67 50 32 217 81 140 160 249 246 175 22 167 112 209 141 4 153 181 68 191 97 44 198 125 110 240 34 244 106 230 42 236 88 182 19 165 219 162 65 194 151 45 225 223 17 172 254 23 170 93 220 177 129 53 233 232 82 200 76 41 60 136 242 103 164 137 207 1 11 179 56 145 25 96 235 122 251 9 183 216 57 51 2 256 118 78 109 180 66 86 186 101 94 84 228 6 203 62 215 16 171 238 211 250 190 121 138 46 95 26 20 43 117 196 74 31 47 247 40 188 63 27 35 132 158 3 231 241 229 21 18 73 79 252 102 54 64 195 218 120 139 243 147 221 189 98 166 208 77 178 116 234 226 212 146 176 99 155 75 126 210 124 253 
239 34 209 88 97 252 183 49 99 238 4 22 182 76 152 226 21 39 214 178 108 181 157 132 220 145 94 208 75 96 107 51 137 169 196 203 225 5 162 161 17 9 124 135 245 187 66 40 192 89 114 197 26 235 63 133 195 185 227 127 221 48 65 41 217 164 250 215 142 189 198 121 167 29 71 95 130 8 168 254 237 62 151 206 244 12 72 30 240 123 20 19 213 180 110 207 128 60 92 118 105 201 98 232 27 134 84 140 25 218 101 67 166 35 146 186 109 54 222 23 83 200 243 219 113 188 47 205 176 24 202 153 117 28 87 16 79 122 81 33 149 228 251 46 15 204 74 170 231 255 230 256 13 190 1 179 91 131 150 136 104 53 177 147 191 58 57 10 11 224 111 193 199 126 100 216 234 80 14 115 103 233 56 102 174 112 148 236 253 171 3 77 155 52 159 223 158 141 175 86 247 42 68 249 59 138 194 120 64 129 44 246 90 154 241 210 7 61 45 184 163 93 242 172 82 55 125 165 43 85 69 212 2 78 70 119 73 50 173 36 211 106 139 229 31 160 37 116 156 32 18 6 248 38 143 144 
253 19 162 1 186 205 114 90 187 12 140 92 183 70 151 148 207 172 226 164 24 158 195 30 256 196 112 20 76 212 116 44 85 243 208 56 194 240 108 110 142 42 150 197 169 252 173 122 149 128 124 147 136 171 34 48 72 166 121 178 118 27 29 199 152 165 126 237 65 5 145 129 43 47 247 11 236 156 4 9 83 180 179 22 71 215 192 75 241 224 181 120 68 18 33 101 31 84 54 91 41 144 73 67 244 225 7 10 61 238 8 60 133 100 221 125 138 62 109 97 139 254 160 232 74 176 36 157 135 193 249 87 153 217 32 111 53 58 191 132 39 143 131 14 168 137 17 245 77 50 95 79 78 80 86 234 229 81 204 218 198 206 163 94 167 134 223 51 220 175 127 189 228 211 161 154 216 242 40 182 69 13 59 115 98 210 63 231 230 107 248 239 209 23 200 159 233 93 82 102 28 119 103 88 188 64 227 106 123 174 21 99 202 25 184 235 146 37 203 57 201 35 96 66 246 45 250 16 6 155 170 26 113 219 49 190 104 38 255 214 222 105 130 89 52 3 117 251 141 185 15 2 177 213 55 46 
180 97 104 23 214 133 149 204 112 73 203 8 62 145 178 142 174 66 163 209 140 54 92 38 42 109 134 126 63 80 160 59 58 116 237 41 252 110 236 234 228 119 29 122 244 9 246 108 11 105 218 132 200 150 31 86 216 17 100 106 201 56 55 176 46 33 233 194 162 225 70 47 169 239 135 170 148 240 231 188 143 13 129 10 88 167 14 65 247 213 7 51 124 103 84 172 156 45 253 74 21 183 164 168 102 69 24 249 232 81 251 12 87 37 229 30 71 138 75 1 223 48 155 207 165 254 159 5 193 205 196 208 173 219 34 22 256 83 43 195 98 182 190 181 2 68 202 147 15 72 44 136 107 94 60 248 222 125 114 101 137 153 50 179 79 243 242 175 93 151 78 91 144 217 118 117 49 90 177 111 121 96 130 189 25 19 123 210 226 154 82 157 3 245 128 115 113 152 53 255 76 227 6 158 77 27 230 139 95 185 18 146 206 186 235 221 191 64 36 20 171 198 89 141 241 4 16 224 250 212 39 220 61 26 57 197 120 35 199 131 161 215 52 127 40 85 166 187 32 28 184 192 67 238 211 99 
177 79 64 180 226 27 241 192 232 198 60 165 93 28 141 90 214 239 173 123 208 235 2 19 56 24 215 204 187 102 223 112 210 175 42 98 253 159 92 43 82 87 75 116 97 32 219 176 106 66 22 76 100 152 242 150 202 72 23 252 225 21 222 193 211 77 143 238 57 194 196 10 86 220 29 30 234 99 137 146 188 158 249 47 9 49 119 140 12 126 205 149 246 183 134 144 58 31 44 81 130 124 103 121 169 34 65 179 216 61 236 125 170 89 138 70 243 52 142 115 38 128 6 33 248 11 74 250 145 18 161 197 55 221 37 69 199 94 213 51 153 62 156 228 148 132 200 201 203 113 231 85 8 71 40 95 185 151 182 160 218 111 120 4 68 50 41 233 96 157 25 13 254 63 107 245 108 212 104 67 240 5 122 1 206 26 181 131 139 136 230 217 7 88 35 209 171 163 16 191 3 244 80 20 117 167 135 154 172 178 118 247 229 48 78 110 17 59 166 255 195 190 162 237 39 168 91 53 164 101 83 189 14 224 73 251 133 114 46 109 174 45 147 127 186 129 256 105 54 184 15 207 227 84 155 36 
242 196 67 238 37 154 92 129 247 108 172 138 169 168 66 61 219 210 231 87 73 9 121 214 177 140 150 6 192 246 68 134 30 249 213 26 76 176 218 57 162 12 146 29 159 107 209 189 64 203 83 178 43 41 103 124 250 71 256 111 70 34 156 98 253 215 114 243 251 173 198 60 151 86 237 131 200 239 14 183 77 65 125 4 10 143 119 133 201 85 19 232 75 93 248 132 234 91 101 204 50 84 157 52 20 127 163 130 74 49 56 205 185 217 144 55 186 145 171 105 227 224 207 167 181 110 118 47 46 38 233 199 240 230 69 22 35 225 182 7 106 115 226 31 155 202 245 123 148 187 112 141 39 82 152 81 222 179 221 100 3 11 95 32 166 175 15 42 195 13 51 99 27 80 16 161 184 97 59 153 223 28 78 48 90 135 142 120 147 24 206 180 170 194 216 96 8 193 190 5 102 122 208 228 94 158 2 137 89 164 117 33 254 212 72 104 126 220 18 17 174 197 44 128 244 252 23 241 36 235 191 136 188 45 79 62 40 113 53 63 1 160 54 255 211 116 58 229 25 109 88 236 21 165 139 149 
46 238 22 49 253 4 68 208 82 251 144 224 89 86 59 240 183 134 83 245 34 44 55 127 8 9 38 101 96 117 130 90 216 58 93 226 195 32 143 152 155 159 53 174 139 150 243 99 107 156 133 142 244 249 36 28 210 199 118 20 30 246 114 131 237 129 106 250 161 100 218 184 247 21 221 33 2 78 225 43 40 202 255 145 16 201 165 212 105 179 233 50 126 230 182 196 51 149 164 214 176 54 103 31 239 135 79 154 197 35 23 128 65 190 213 204 254 180 187 125 207 172 186 138 236 162 200 194 10 14 87 206 235 215 192 98 205 25 12 63 223 48 256 37 124 242 136 132 75 47 148 39 71 97 24 61 3 146 15 52 173 6 56 109 211 229 163 166 160 112 60 115 169 29 193 219 188 84 108 110 17 19 91 62 111 26 198 228 74 157 88 241 76 234 77 67 102 217 27 5 80 141 81 94 113 123 140 85 177 189 252 18 203 231 92 167 1 121 158 57 171 178 168 147 220 185 73 41 222 209 11 95 70 181 227 119 45 120 122 232 42 137 104 170 7 13 153 116 72 64 66 191 248 69 175 151 
124 247 193 113 19 180 198 255 94 164 171 2 5 173 84 9 100 251 137 209 80 50 91 226 248 139 130 122 150 165 178 110 230 45 49 197 117 59 155 241 65 192 82 149 186 189 213 146 157 236 195 64 62 109 27 21 40 190 132 252 134 249 154 145 3 222 106 211 181 42 37 219 14 26 159 220 22 85 179 126 175 87 36 151 141 8 214 93 231 148 221 53 81 250 73 76 72 223 61 25 99 31 182 217 11 71 161 228 86 234 102 203 67 143 210 194 147 89 118 98 29 47 77 185 17 136 183 153 13 135 70 7 246 212 120 78 41 224 66 253 144 108 104 142 95 57 215 39 30 162 6 240 33 229 34 12 158 107 233 174 103 201 169 51 60 218 140 131 237 75 35 167 128 177 119 10 114 208 63 188 170 202 18 166 115 129 206 227 74 127 168 245 254 172 90 56 138 15 116 216 160 101 239 123 44 96 256 20 111 196 204 46 238 200 207 54 184 83 121 88 176 187 235 97 156 112 4 28 68 24 205 105 16 58 69 152 55 243 125 52 38 23 1 232 43 79 133 191 225 163 242 48 32 244 199 92 
51 92 113 216 150 217 50 205 19 100 23 145 177 43 26 256 14 209 188 79 39 226 129 15 168 94 76 104 49 126 252 89 214 153 245 130 22 163 96 204 234 193 93 229 223 143 199 117 238 139 230 244 91 18 41 201 32 28 72 155 133 206 180 48 60 58 119 11 255 220 102 138 109 183 101 83 208 175 131 80 47 162 157 111 25 186 158 227 53 235 232 34 189 29 120 13 110 179 6 164 141 207 66 112 46 114 178 249 219 233 182 198 42 65 149 128 84 148 44 242 81 213 239 210 154 122 31 61 137 248 17 1 184 171 147 124 74 144 195 78 160 52 196 187 45 35 85 236 159 167 90 173 118 30 106 9 240 4 146 64 176 2 57 40 97 70 88 190 75 231 16 56 12 54 228 203 36 221 191 115 98 87 212 123 99 116 215 21 237 251 211 67 77 33 181 135 24 136 218 185 225 71 253 161 103 3 69 254 5 108 222 142 169 165 105 82 62 151 224 27 20 241 37 174 63 10 55 156 200 134 125 243 152 132 38 246 86 247 8 140 172 170 68 250 194 127 73 59 7 107 95 121 192 166 202 197 
31 51 95 115 50 80 125 92 124 185 117 114 96 129 54 144 230 138 255 236 87 74 189 139 57 13 208 244 5 229 210 68 172 84 89 100 209 137 101 119 127 249 181 237 41 72 197 174 213 231 36 128 207 10 1 168 90 239 135 195 8 214 69 250 254 35 243 235 55 42 133 152 187 121 199 192 82 88 226 24 21 71 32 215 198 177 122 182 232 81 123 164 120 225 59 136 190 48 79 118 7 203 196 171 158 39 241 106 224 246 183 140 154 107 62 63 150 146 37 162 178 103 49 220 85 78 130 6 104 76 186 200 34 110 15 212 30 99 44 163 256 60 156 109 56 176 216 184 97 66 175 91 83 61 52 204 28 202 159 188 191 157 45 211 27 40 143 108 155 29 201 169 77 9 26 17 20 4 170 23 147 43 160 223 227 112 251 47 253 3 222 151 218 25 102 219 234 86 14 167 94 161 19 98 70 18 67 217 247 148 132 33 65 228 111 240 179 46 149 116 131 142 2 252 166 105 205 141 75 233 194 12 22 173 126 165 153 73 248 245 221 53 58 93 145 64 238 180 242 113 193 11 206 16 134 38 
65 214 218 20 64 108 201 166 224 97 77 158 93 235 222 48 177 35 134 80 159 133 247 110 150 34 173 25 99 178 61 44 183 100 106 111 131 23 197 109 236 113 163 125 46 132 130 244 124 255 189 161 196 122 238 90 58 246 69 135 220 57 212 52 24 51 223 242 184 87 88 3 82 240 228 72 10 76 101 213 230 227 41 8 169 171 187 216 239 29 119 248 53 211 176 117 138 140 55 137 127 27 194 6 156 154 252 191 21 141 104 206 78 38 2 152 60 250 210 116 118 174 245 165 126 142 145 205 15 74 22 120 157 200 114 86 5 107 146 30 13 105 102 215 71 249 254 123 12 75 98 232 202 155 83 115 188 49 54 185 79 195 208 180 160 59 181 148 207 26 204 199 95 179 68 182 45 103 92 42 31 237 62 221 147 217 198 219 143 28 84 121 81 67 203 39 136 63 226 70 162 192 129 37 139 32 193 170 256 167 144 190 229 151 9 209 186 128 73 89 56 241 18 4 91 1 16 11 85 7 149 234 33 164 175 43 66 225 233 96 47 50 172 17 112 36 243 40 14 94 153 251 19 253 231 168 
13 166 69 81 211 171 130 142 125 227 178 204 100 218 135 213 160 170 203 105 210 225 76 12 145 3 196 14 11 49 15 242 219 51 39 56 153 41 61 84 66 120 222 221 57 220 182 93 228 137 215 36 87 212 28 38 26 163 128 185 35 194 92 37 121 89 17 151 173 154 238 25 156 53 223 131 95 256 187 246 181 234 43 217 85 74 54 140 80 104 40 169 90 29 239 94 62 78 21 190 114 23 10 24 149 200 155 254 20 123 9 27 249 102 111 175 198 176 232 52 106 68 251 33 252 247 77 64 255 60 189 144 183 199 193 132 174 231 46 138 161 188 22 216 157 184 65 117 202 197 192 8 248 208 58 129 179 224 32 168 127 101 98 209 177 97 126 206 241 119 244 42 79 6 235 1 214 150 165 201 110 18 67 112 134 141 109 44 152 233 245 133 55 59 5 167 118 164 122 115 186 70 139 82 136 143 99 195 229 226 124 159 91 4 75 30 63 250 2 207 113 162 180 71 243 86 148 230 103 146 107 172 108 48 116 253 240 158 31 147 88 96 34 16 50 236 45 73 237 83 7 72 205 47 19 191 
11 116 228 123 29 213 66 179 157 70 236 210 100 226 5 61 241 217 92 255 120 44 243 134 109 125 230 14 172 2 138 41 13 166 186 242 95 62 128 32 245 64 117 183 143 46 27 248 237 74 151 33 216 214 194 147 174 6 197 87 121 18 86 76 105 253 203 139 212 161 130 37 149 135 106 23 224 21 193 36 1 107 132 180 115 145 219 171 28 75 246 199 162 185 222 12 59 99 48 124 238 67 34 256 83 136 240 65 198 209 249 169 252 167 4 251 142 187 181 103 153 133 178 31 144 131 43 184 163 118 211 114 254 78 122 7 233 204 53 68 137 188 15 235 84 38 165 69 73 39 25 96 146 9 192 79 182 250 229 141 176 173 20 19 102 22 97 30 247 80 52 10 113 93 108 71 215 160 126 234 89 42 72 51 159 170 45 60 55 202 223 207 148 195 206 239 3 231 150 154 85 190 208 91 225 164 57 119 218 101 175 104 26 82 156 189 63 111 54 129 201 50 112 196 155 56 140 221 40 77 47 205 127 232 244 24 16 110 49 94 98 220 8 81 152 177 191 88 35 58 200 158 168 90 227 17 
59 36 133 35 77 16 228 80 221 138 142 196 194 218 27 123 50 170 249 69 211 38 252 1 106 15 215 253 88 198 8 100 188 53 137 207 56 222 95 168 135 89 2 87 124 68 108 216 235 86 92 162 232 143 239 247 6 192 175 199 144 82 136 182 153 21 172 54 131 208 220 101 248 102 12 64 42 205 97 229 176 212 48 94 245 154 203 85 116 195 140 107 238 242 110 185 23 129 121 233 184 79 189 84 234 141 99 13 115 47 114 3 180 204 103 165 39 83 127 31 120 104 24 225 26 193 63 149 241 75 164 125 169 134 202 93 197 181 217 209 74 57 17 4 139 96 34 166 187 244 227 190 9 250 148 151 40 161 236 119 111 112 55 41 58 178 157 255 71 206 237 145 224 130 223 62 117 163 28 30 132 231 147 152 18 60 201 32 45 43 7 105 160 67 25 46 156 186 22 109 243 251 81 78 226 76 14 254 126 118 37 20 72 183 167 230 44 122 128 219 73 91 246 65 158 98 29 210 159 214 191 66 90 146 173 10 11 171 51 155 179 49 150 19 256 52 200 174 213 70 113 61 177 240 5 33 
230 38 188 1 125 4 124 115 164 69 208 2 249 48 81 3 214 107 201 138 109 32 213 210 120 88 102 96 200 149 228 150 123 40 128 169 212 141 113 126 160 179 47 117 136 122 58 15 14 197 134 236 127 11 108 13 24 204 16 131 245 192 91 183 112 130 86 59 92 84 98 100 71 129 148 203 246 242 44 103 185 237 163 72 101 184 83 6 152 77 222 174 78 118 180 33 215 73 240 9 116 55 49 191 175 146 224 199 143 87 151 170 26 42 68 51 198 17 76 229 37 239 172 36 41 220 132 70 79 31 110 218 25 65 61 209 241 248 205 195 133 145 135 106 66 193 250 186 94 99 105 231 95 189 46 147 45 75 254 153 74 64 54 142 34 252 22 243 196 182 190 10 60 235 244 167 176 144 63 159 178 202 82 19 67 39 139 166 21 80 121 233 171 89 247 168 155 29 253 165 173 93 194 30 119 114 140 43 56 20 28 85 256 177 7 251 217 90 227 226 62 225 181 207 27 5 232 157 223 18 187 35 53 57 221 50 104 234 97 255 216 12 238 206 156 162 111 137 211 158 161 52 154 219 8 23 
195 247 139 243 37 107 179 188 71 241 80 178 146 106 194 126 18 168 255 27 214 131 239 109 157 94 16 89 129 35 189 101 100 154 185 44 19 51 172 141 25 186 219 112 61 142 1 159 234 13 58 64 34 218 68 116 15 199 191 79 93 9 148 153 221 2 177 78 72 120 183 233 113 69 92 115 196 103 237 12 105 108 54 158 160 152 49 137 252 192 134 90 208 23 225 6 228 242 144 76 200 180 31 98 161 48 176 226 20 187 53 87 201 150 223 11 212 66 190 166 156 46 245 222 119 17 121 140 211 104 4 57 36 8 145 149 30 127 47 22 96 220 135 70 236 249 10 209 244 151 182 73 175 213 215 174 59 84 67 60 136 132 14 181 203 91 253 83 216 240 65 251 256 229 254 193 117 21 125 42 205 45 207 75 118 206 164 138 248 184 130 110 173 77 231 114 147 204 29 81 230 122 227 3 155 111 97 28 169 88 55 33 56 123 43 202 217 165 124 40 41 238 32 163 133 62 74 143 170 162 232 50 128 38 246 167 171 39 63 86 102 198 197 210 7 250 24 95 82 52 235 99 5 224 85 26 
195 199 41 253 213 216 36 28 125 220 170 134 176 142 155 10 209 127 237 212 198 2 89 88 79 17 20 40 168 181 119 131 50 205 22 4 230 133 121 11 99 192 186 71 1 3 43 204 107 141 250 174 64 115 244 151 13 31 123 156 5 190 69 236 148 228 126 238 108 6 68 62 161 169 193 104 33 77 34 105 252 83 215 243 59 101 242 116 58 85 234 214 111 241 229 240 109 51 145 102 231 158 197 226 63 135 94 153 86 165 29 90 185 159 225 251 56 211 120 122 19 152 42 140 65 48 178 132 235 67 80 92 81 110 172 183 166 208 14 70 113 223 32 171 232 144 61 23 130 256 44 189 72 255 248 143 167 74 246 25 27 95 206 150 52 247 35 73 162 164 239 78 233 200 154 7 163 117 173 191 57 149 224 106 138 187 46 103 196 112 87 139 160 18 218 194 129 45 221 203 49 137 245 210 8 124 157 47 136 207 93 53 39 82 98 177 26 182 54 38 118 12 91 219 147 9 30 66 217 100 180 202 179 96 114 60 37 84 55 75 15 254 227 24 97 222 76 128 201 249 188 146 21 175 184 16 
144 173 222 122 134 3 12 113 80 208 197 212 242 85 224 20 140 84 56 91 111 73 158 26 74 253 216 236 118 157 193 237 79 250 169 35 87 7 161 214 41 97 58 196 223 5 23 86 243 121 15 114 203 180 225 235 128 240 187 151 177 150 218 159 103 124 78 105 146 189 219 101 247 206 229 249 174 64 51 251 152 178 99 175 67 40 14 24 168 36 155 215 227 154 95 28 62 192 142 109 110 136 147 198 232 181 49 143 138 211 179 48 11 54 207 42 18 68 188 153 30 239 117 4 66 10 44 172 38 131 52 231 61 71 27 17 104 112 255 167 139 228 108 83 199 241 194 32 57 230 8 70 162 210 2 50 6 217 100 60 93 77 120 53 37 184 204 156 195 31 92 149 129 81 125 22 116 75 39 45 248 191 46 186 141 234 55 182 123 148 89 163 226 170 65 33 132 69 96 233 106 220 252 25 115 137 9 72 183 205 133 127 90 82 160 164 29 19 135 1 176 130 76 244 256 200 246 47 126 119 245 59 185 88 238 145 221 21 107 102 13 202 209 190 34 63 201 16 98 171 165 43 254 213 166 94 
204 143 26 41 240 112 36 191 39 144 206 61 176 246 65 126 181 130 178 205 245 54 80 219 129 252 230 48 121 232 134 76 173 55 187 20 75 106 10 13 28 147 81 52 179 99 35 193 172 153 157 24 127 90 253 46 120 203 108 235 115 158 229 58 234 227 32 88 56 180 98 3 128 141 27 5 197 216 49 242 132 177 214 163 213 233 101 119 18 12 250 152 123 217 95 244 50 136 220 238 47 140 164 231 166 70 8 170 73 67 146 199 251 31 104 194 256 38 89 19 45 159 84 66 93 85 137 226 254 44 71 96 92 167 138 109 113 122 148 68 53 156 131 200 135 236 211 161 241 118 63 184 195 57 110 100 224 198 165 222 82 201 105 212 1 4 60 223 37 16 25 43 87 192 218 6 102 124 169 255 29 91 189 33 249 221 196 114 182 42 9 64 103 79 62 139 188 210 243 22 72 51 116 21 34 145 107 248 74 78 190 59 237 151 183 247 83 208 69 228 175 162 133 186 111 150 171 86 94 77 30 2 142 7 15 185 239 97 40 155 209 215 225 154 207 174 23 11 149 17 125 14 117 202 160 168 
191 214 124 175 12 183 153 238 139 11 163 56 30 52 61 64 254 251 237 85 117 119 9 2 93 159 50 143 179 82 206 187 236 91 165 66 126 188 173 230 112 54 26 168 78 200 231 80 208 8 24 55 255 53 182 17 135 77 4 207 13 210 171 127 212 5 60 234 92 247 162 222 223 46 75 89 43 31 51 185 201 131 76 57 102 245 97 192 243 103 16 128 197 202 69 68 155 10 87 23 142 62 83 19 114 146 45 7 181 199 225 150 176 133 140 29 134 136 67 244 110 37 118 28 203 122 96 228 149 81 21 147 33 141 3 232 18 209 144 58 99 39 215 160 248 167 123 106 242 100 79 41 129 241 109 186 35 256 22 211 65 74 218 107 125 239 240 145 132 169 38 220 195 180 164 233 34 249 20 152 216 157 198 158 252 94 204 189 113 161 14 121 224 73 177 219 88 101 229 90 86 70 246 253 120 44 59 217 111 194 115 156 250 130 95 108 47 32 221 226 172 138 174 84 178 137 148 116 166 196 6 170 105 184 49 193 190 205 71 104 15 213 40 235 1 151 25 27 48 42 72 98 63 227 36 154 
52 109 48 78 242 73 80 150 5 223 153 110 169 232 27 231 11 97 8 82 14 54 101 203 69 218 13 178 94 215 254 77 189 115 124 127 15 139 156 64 229 40 12 62 199 92 220 129 47 53 247 113 106 95 234 159 116 198 66 70 26 163 188 144 162 2 102 87 154 219 239 23 137 249 184 28 140 33 256 217 108 10 177 7 147 195 138 59 200 230 240 85 39 209 251 68 57 83 16 126 96 6 29 123 214 170 141 196 9 75 151 104 19 237 88 175 111 171 67 173 167 226 99 143 174 76 180 3 142 236 100 186 132 145 157 86 128 105 4 191 197 148 93 207 183 246 228 50 72 179 233 114 41 213 176 45 166 79 201 155 227 46 204 119 89 187 65 35 250 190 37 131 122 1 133 118 60 165 253 25 252 134 61 205 58 172 31 238 43 161 181 38 51 130 164 24 168 117 32 212 193 56 112 44 98 235 36 63 243 120 206 182 135 22 74 222 216 202 17 211 225 208 42 91 55 192 221 30 71 248 20 210 158 160 152 21 90 224 241 194 107 244 136 146 18 34 255 121 245 81 149 125 84 103 185 49 
117 178 125 200 148 248 167 106 196 246 234 63 76 80 127 13 223 112 229 173 88 164 41 141 227 177 150 217 163 175 153 32 45 136 85 236 238 205 206 162 242 53 14 209 107 1 171 193 55 102 26 241 77 105 15 73 221 237 18 62 222 252 16 233 122 114 166 176 52 61 224 97 19 9 96 49 94 213 131 249 183 181 58 118 27 146 23 180 151 154 10 226 99 188 64 186 203 187 251 60 191 7 170 39 254 231 6 134 44 214 253 29 50 169 192 124 216 68 145 95 255 199 212 108 42 78 185 219 56 155 128 172 120 123 8 90 115 220 11 137 57 228 195 21 133 208 35 130 250 230 126 168 24 86 142 100 20 179 2 138 197 30 244 12 144 54 5 147 81 92 75 110 84 34 98 109 135 82 37 239 225 66 243 28 174 33 190 36 194 69 46 139 67 182 202 152 218 159 103 215 31 70 43 83 72 51 198 161 104 17 240 25 47 149 65 156 160 235 93 40 48 101 111 165 157 59 38 132 210 87 201 247 89 79 204 91 22 3 189 4 116 207 256 119 113 232 140 129 143 158 245 71 121 211 184 74 
137 82 36 192 16 89 157 176 194 98 77 247 190 37 142 47 167 209 150 244 180 48 195 38 121 205 106 223 99 54 136 240 128 161 183 122 239 76 253 60 12 67 90 119 156 246 79 116 189 17 33 211 9 181 32 171 152 254 88 19 63 141 26 49 202 214 201 126 28 117 186 210 15 46 103 138 43 87 124 212 229 10 145 166 91 27 123 14 133 130 94 219 222 173 162 220 148 172 57 134 228 147 135 68 218 74 2 221 115 224 241 132 178 105 144 235 112 252 40 255 61 249 143 165 102 231 160 93 118 193 5 8 81 234 58 140 208 200 22 107 24 213 216 100 59 1 203 97 187 72 149 120 86 52 92 230 6 185 226 78 71 56 169 129 75 4 21 110 62 101 242 236 227 45 29 238 80 168 7 248 85 232 20 153 243 250 66 31 25 13 44 164 65 55 198 177 70 69 237 256 182 197 204 184 225 53 41 39 3 30 42 215 114 64 34 125 174 245 127 139 11 113 50 51 191 179 131 95 109 151 155 146 23 206 188 159 96 233 217 175 18 251 196 83 35 207 104 73 170 111 199 84 163 108 154 158 
18 217 151 104 201 26 171 110 152 138 7 115 97 118 149 41 93 141 102 20 100 13 96 243 187 94 234 80 126 255 31 161 154 105 59 256 177 251 176 77 174 159 224 254 213 229 223 38 150 226 25 134 173 192 84 40 206 128 193 148 221 103 142 137 70 236 36 219 99 209 241 23 107 86 9 66 79 2 237 186 14 15 30 211 44 123 203 16 132 232 218 22 3 244 212 188 250 200 125 178 248 247 183 216 147 227 50 179 49 46 39 185 47 1 191 162 29 168 169 55 233 172 120 78 139 27 71 196 121 89 155 140 98 122 61 19 35 54 85 165 34 156 117 72 194 153 90 157 51 111 116 158 198 170 56 124 181 182 42 210 220 8 225 240 68 230 62 6 235 143 119 180 145 163 108 199 231 10 63 202 21 214 131 215 28 65 33 95 167 109 129 32 252 238 222 190 92 5 75 24 113 48 45 73 195 52 57 81 64 58 242 69 37 133 67 88 4 17 175 135 144 130 60 106 76 205 249 184 53 189 83 136 208 43 228 74 239 146 207 12 253 166 127 245 204 11 101 114 87 91 197 112 82 164 160 246 
242 228 221 79 165 149 170 177 182 249 217 251 30 172 184 16 218 175 14 181 101 171 29 24 183 102 125 178 173 256 120 189 163 91 139 89 248 38 73 21 13 100 95 186 180 244 185 122 37 121 104 84 19 194 126 201 151 63 41 54 145 153 208 210 69 77 57 191 204 62 114 88 152 224 155 55 141 83 71 212 75 247 6 206 1 214 110 46 227 9 26 187 253 213 94 111 78 33 43 240 50 25 135 223 216 15 158 166 162 154 86 59 99 36 60 222 49 211 45 188 192 137 117 42 48 164 93 144 143 28 128 174 225 105 70 252 85 27 82 219 31 97 39 113 169 98 61 5 176 245 134 106 190 103 233 80 235 64 238 109 167 87 108 4 243 132 205 196 131 133 12 18 90 92 34 200 199 22 168 138 47 2 17 231 118 7 107 136 232 236 146 230 67 116 112 76 58 161 226 220 198 250 209 229 51 157 237 35 32 179 195 150 193 20 68 66 203 202 40 10 23 52 96 53 197 148 11 241 127 239 159 254 56 147 207 234 65 3 160 142 44 215 129 246 81 123 8 255 140 119 115 124 72 130 74 156 
152 169 232 213 29 136 167 204 189 158 74 17 118 113 180 60 88 195 256 24 96 42 114 157 98 239 61 39 130 99 75 211 20 102 246 145 238 230 185 6 46 54 245 224 45 134 217 149 231 127 179 201 59 251 198 135 48 244 175 241 86 112 93 58 237 207 140 83 131 43 62 214 51 119 228 196 128 120 71 142 23 68 163 129 252 139 247 138 101 21 124 209 182 143 65 49 63 5 181 236 78 153 110 122 203 27 32 150 15 154 9 79 215 53 191 221 73 100 148 187 176 14 115 141 69 156 218 194 84 178 229 132 117 11 26 89 147 220 107 160 52 12 8 155 111 41 30 116 106 7 28 126 123 253 105 216 249 227 16 92 202 166 56 38 164 81 10 183 40 162 121 137 243 192 67 177 159 85 34 161 208 109 94 254 173 2 188 87 97 144 174 76 242 18 3 77 146 170 186 133 103 44 57 19 226 25 31 197 219 36 199 190 72 240 165 80 193 1 4 70 235 200 151 210 95 47 184 171 225 90 66 22 255 205 13 108 55 248 168 35 223 50 82 233 33 212 64 91 222 234 37 250 172 125 104 206 
108 44 110 37 15 154 213 198 155 245 191 139 98 116 250 163 5 256 189 147 200 106 247 9 81 214 76 35 236 239 68 251 193 36 63 211 19 42 219 13 165 46 66 23 202 33 135 169 1 216 61 40 101 237 254 176 146 79 162 64 231 48 240 194 220 210 71 80 225 161 41 67 119 206 18 232 243 47 158 209 27 94 244 228 117 11 151 26 175 8 164 182 167 131 54 62 97 34 86 12 221 186 77 149 84 248 199 195 122 50 128 192 253 83 17 111 145 130 196 6 208 172 113 127 45 88 203 185 73 107 217 227 141 224 4 159 134 82 229 137 124 230 125 72 166 112 153 74 60 150 38 91 156 144 233 87 215 105 96 14 252 207 90 123 142 49 78 70 171 187 188 160 7 102 222 180 223 20 43 53 59 24 249 75 157 140 181 129 152 190 29 183 57 174 31 173 235 85 205 197 179 255 120 93 109 246 32 58 39 168 115 184 218 65 10 234 238 133 138 21 28 178 177 92 143 226 204 114 100 55 22 95 242 132 3 121 2 56 104 25 99 69 16 103 126 52 241 201 212 118 136 170 148 51 30 89 
244 208 142 188 175 228 76 92 100 199 255 245 5 51 9 160 145 174 221 60 70 226 14 16 46 177 190 184 137 152 256 187 178 163 131 41 19 218 173 197 143 146 159 35 136 75 47 31 48 212 105 179 225 116 235 90 217 4 129 161 232 181 138 237 113 231 240 127 59 242 40 57 194 147 98 251 216 87 121 229 196 97 26 241 195 102 201 171 18 38 114 36 29 89 91 12 191 209 247 248 39 45 106 213 84 215 27 156 10 254 63 246 168 182 192 58 96 20 3 24 95 8 150 170 56 42 61 157 185 165 30 132 234 2 211 230 118 243 66 206 115 236 151 65 107 133 80 141 88 68 72 134 219 34 186 126 54 153 82 101 7 74 154 55 22 21 227 122 189 50 43 130 220 86 52 110 125 32 119 200 223 183 224 77 148 202 249 49 79 214 73 123 239 144 25 250 198 128 155 233 44 103 222 33 253 71 1 85 120 210 11 69 99 112 53 28 169 83 6 135 15 204 149 117 93 205 172 207 111 203 252 62 94 67 13 140 238 81 162 109 104 108 23 167 193 64 176 166 17 37 139 158 78 164 124 180 
87 81 160 17 103 12 126 50 13 141 135 61 65 222 59 83 156 86 24 133 3 173 128 112 26 88 116 161 223 137 234 122 40 182 166 197 46 58 238 159 191 30 189 15 235 70 150 242 89 66 170 60 192 202 146 147 19 241 246 8 43 125 194 124 252 219 85 139 224 120 117 39 231 107 203 14 245 22 36 49 243 42 136 236 228 140 48 200 168 11 53 23 249 157 67 2 221 158 4 226 118 199 27 154 10 1 32 114 175 185 115 74 96 38 188 99 169 218 211 80 187 181 205 101 212 93 57 119 134 25 171 225 256 109 206 82 54 198 52 34 64 138 239 84 184 213 45 56 233 121 28 31 69 229 149 91 215 214 227 144 207 20 18 113 167 9 55 208 201 79 105 178 47 44 90 152 131 132 216 6 186 78 76 193 62 100 210 177 41 151 95 29 94 248 51 176 164 106 220 35 21 63 71 253 190 179 7 98 244 33 127 108 142 250 183 251 123 145 232 102 230 37 240 172 153 254 204 143 129 104 110 247 237 16 5 162 130 155 97 217 92 68 196 77 174 72 165 209 163 255 180 195 111 73 75 148 
201 124 55 187 77 14 110 167 92 25 243 78 108 230 37 166 17 22 245 159 149 98 49 164 51 15 232 60 147 24 35 228 179 219 74 101 199 54 126 170 241 57 185 100 64 95 33 136 88 190 213 29 145 231 93 102 198 221 188 196 134 212 99 252 217 255 72 158 205 254 237 234 120 19 112 157 2 151 47 137 177 227 81 107 38 34 91 30 87 118 66 208 169 193 140 125 236 184 62 59 1 104 130 154 82 18 202 42 114 117 207 11 5 191 189 123 246 71 218 31 68 200 103 225 206 256 90 73 4 192 127 109 58 40 173 148 223 86 160 204 251 9 144 36 194 20 239 70 10 111 46 121 216 79 235 182 45 27 248 214 176 153 203 171 132 209 238 178 141 222 249 94 174 131 240 242 181 8 113 175 155 210 26 244 142 65 63 165 43 53 122 220 89 168 23 195 163 180 80 41 16 253 152 247 84 172 13 44 50 12 76 115 69 39 161 211 162 133 28 197 21 106 7 6 183 128 52 67 233 229 186 146 224 250 215 97 96 61 139 143 226 85 119 75 116 56 129 135 48 83 3 105 156 138 150 32 
15 192 91 128 211 235 239 176 226 53 92 233 237 241 11 132 168 103 74 200 67 154 69 231 40 37 27 219 137 83 44 95 101 54 2 63 131 188 126 230 89 96 246 167 6 201 129 182 61 143 20 71 51 42 62 7 183 124 70 76 100 210 22 73 125 56 227 159 212 107 163 25 243 48 28 64 225 86 41 57 72 140 45 185 153 85 105 173 134 136 78 19 232 209 97 31 94 206 158 113 174 196 245 47 133 216 93 104 222 102 110 252 161 187 109 178 236 217 250 150 99 238 39 197 114 3 17 193 162 213 190 177 29 33 171 58 194 118 148 180 52 160 149 147 116 121 16 248 38 244 172 123 199 65 251 256 127 205 191 254 218 203 108 189 120 4 207 157 144 151 138 82 186 142 253 50 198 119 122 115 23 169 106 204 135 164 8 156 26 68 223 18 166 117 155 88 14 228 35 84 195 181 77 24 66 141 247 139 60 202 75 43 152 1 5 208 30 112 224 240 32 184 255 21 49 36 13 12 229 79 175 234 145 10 170 130 165 215 55 90 111 242 98 87 46 34 179 221 81 59 220 80 249 214 146 9 
69 250 22 156 144 219 183 77 51 37 107 235 203 180 72 233 88 175 70 16 155 241 8 210 172 138 153 165 238 26 79 49 198 29 182 45 17 197 117 122 86 132 101 166 54 30 98 93 129 38 9 237 55 123 12 125 106 140 234 174 179 78 209 205 159 136 62 171 89 217 50 31 42 162 7 124 118 57 196 113 185 218 178 68 19 240 232 220 207 112 251 52 135 100 2 60 82 48 206 256 204 195 252 33 186 64 212 83 61 81 214 158 73 43 108 249 202 94 231 97 192 41 130 116 109 63 131 6 10 87 99 47 246 36 194 154 14 157 199 92 39 58 184 5 145 139 121 143 24 236 96 4 74 27 254 227 147 247 200 243 190 211 134 137 15 65 32 67 169 164 225 173 111 242 20 248 226 102 128 245 151 228 71 146 127 44 21 142 110 76 215 189 230 35 84 13 34 120 28 25 18 176 170 103 229 191 201 46 133 53 1 160 104 11 223 193 105 114 3 253 221 75 119 91 167 66 115 181 161 239 213 23 149 80 244 85 163 141 177 187 40 56 90 126 224 255 216 59 152 208 168 95 188 150 148 222 
135 9 71 217 215 97 242 93 230 45 138 241 79 136 29 132 57 82 239 49 238 229 77 131 60 73 147 68 164 173 216 2 169 104 218 28 94 166 133 208 194 183 128 221 4 118 25 206 172 10 193 228 61 174 58 134 11 244 202 116 1 109 36 43 92 157 110 130 219 176 66 5 156 200 252 189 27 205 256 158 101 39 255 159 14 84 51 12 248 222 31 170 54 17 249 52 122 38 225 224 175 240 235 186 209 37 214 115 74 187 7 153 253 141 22 89 245 177 140 33 236 143 76 95 108 148 154 64 121 182 42 152 191 196 3 8 180 81 123 126 34 102 203 111 6 168 72 181 40 103 13 234 233 250 85 220 151 62 63 161 167 96 145 75 21 69 105 144 142 88 149 112 127 91 146 185 211 171 78 113 231 56 254 20 124 227 246 106 41 201 53 24 199 32 188 125 26 87 48 59 212 204 80 223 117 190 107 35 162 247 70 139 243 150 178 99 226 165 55 210 30 44 155 179 207 98 195 184 160 114 16 15 213 137 120 90 65 237 192 232 83 19 251 197 119 23 86 100 47 129 18 67 46 163 198 50 
208 238 66 119 202 163 233 54 166 109 89 42 211 114 235 31 61 182 10 37 86 81 36 84 240 171 252 172 190 212 98 9 65 7 254 105 191 148 40 169 181 183 112 247 232 90 209 121 155 220 117 230 154 6 173 175 141 140 56 207 122 116 143 206 124 174 4 152 253 164 8 100 5 82 38 16 184 59 136 188 218 157 43 251 198 129 72 18 246 71 58 231 22 241 185 228 195 156 151 204 24 87 227 217 95 239 249 205 256 20 74 47 91 3 106 49 158 85 139 193 35 224 147 203 170 46 134 76 248 19 137 33 135 21 93 80 194 223 67 45 17 120 236 125 144 111 244 132 92 242 226 180 131 130 221 159 197 70 79 179 196 13 26 146 107 214 99 48 77 126 128 149 102 1 78 133 127 30 69 250 113 142 176 222 192 53 64 215 162 160 145 2 255 118 62 101 51 225 50 245 177 68 189 123 213 237 63 153 138 186 57 103 199 178 88 97 161 44 15 83 234 73 52 150 55 201 11 94 60 200 25 110 27 28 108 229 165 219 216 29 96 187 12 168 210 23 32 115 14 75 34 41 39 167 243 104 
13 14 104 192 237 77 47 154 109 175 6 177 33 68 210 146 118 164 143 191 16 69 4 179 87 85 123 132 30 221 150 37 231 1 42 254 29 96 10 247 156 92 97 73 41 19 31 115 196 21 232 224 238 40 86 49 82 7 207 167 181 39 186 127 139 57 147 107 71 208 95 217 124 178 91 78 248 234 120 216 89 215 136 223 28 117 66 83 81 5 158 101 252 235 50 62 172 113 2 155 70 185 195 159 169 180 250 25 249 170 230 213 256 53 80 184 229 219 199 100 112 141 11 228 55 8 102 90 17 226 125 205 60 105 15 54 34 163 51 149 148 99 198 24 56 93 145 253 204 203 152 188 114 160 187 45 168 171 130 206 255 201 140 98 84 121 22 197 43 144 32 20 243 75 225 134 52 76 3 166 137 244 227 138 36 131 174 79 18 119 239 200 129 128 151 116 65 59 63 182 111 88 220 251 214 61 202 242 108 9 26 189 110 245 106 72 165 135 211 38 212 27 240 64 241 173 126 209 23 162 183 94 193 190 46 103 161 246 67 122 233 176 35 222 48 194 218 133 157 44 236 12 153 142 58 74 
13 79 158 25 148 82 98 72 58 243 131 208 138 250 59 34 29 69 49 38 76 247 255 165 173 193 109 140 207 136 26 238 128 144 129 122 168 39 152 145 220 108 198 150 7 60 240 11 2 30 110 27 37 3 61 209 35 106 127 216 194 50 176 162 22 64 55 44 83 62 213 226 190 111 132 57 139 231 47 17 210 73 41 65 42 118 84 203 107 219 204 95 169 196 187 239 206 117 125 188 199 201 236 200 12 43 245 166 164 241 170 91 180 68 123 93 214 121 227 135 86 202 51 235 80 248 104 222 87 197 54 237 175 178 102 205 232 167 133 116 78 81 137 141 74 183 71 101 181 249 184 92 66 230 185 97 28 53 5 177 244 252 189 21 253 186 99 256 246 67 154 36 8 94 134 16 19 251 217 46 242 195 130 115 24 40 23 6 160 105 15 33 192 215 211 172 77 142 223 233 157 96 174 182 124 179 63 234 163 31 103 10 20 18 85 229 146 156 112 9 75 191 70 88 218 4 56 151 254 149 113 48 52 1 32 89 45 159 14 225 126 221 114 228 161 90 119 155 212 100 143 147 224 120 153 171 
15 152 153 16 115 191 182 71 47 79 43 158 194 197 211 147 124 70 170 46 30 201 255 237 130 131 249 231 39 132 208 141 169 112 55 212 117 136 32 119 8 113 20 250 138 157 243 221 25 97 53 210 65 217 186 14 134 111 241 143 122 92 29 203 33 110 56 229 89 227 183 120 23 205 177 144 90 239 62 103 196 101 6 81 54 251 123 188 214 21 172 76 116 240 200 73 17 19 3 223 102 173 159 34 118 219 35 174 230 155 93 1 145 82 98 135 236 36 129 244 99 26 165 59 235 232 114 128 66 52 64 106 42 199 51 104 233 37 137 234 238 252 88 133 18 105 41 72 175 213 171 168 63 160 139 10 24 49 40 166 38 75 50 146 215 31 9 140 254 163 80 45 202 245 108 192 142 11 176 204 107 84 48 69 246 181 248 121 125 150 151 164 87 149 91 218 195 206 7 100 22 60 184 127 226 178 68 207 126 85 225 74 78 187 222 224 189 154 228 109 242 83 61 190 96 95 162 193 216 161 28 156 253 94 198 209 77 44 13 167 4 58 185 5 256 2 67 220 180 148 86 12 247 179 57 27 
152 96 24 140 256 172 174 15 131 57 46 35 214 157 240 144 138 223 242 17 94 66 101 202 226 149 225 206 171 119 235 111 135 137 4 26 108 58 228 211 155 69 48 212 50 80 54 220 132 231 44 170 129 98 239 74 136 106 201 37 185 64 194 115 184 76 9 51 14 190 1 16 67 229 168 8 244 234 219 146 5 195 224 210 56 85 216 10 145 102 93 243 205 125 20 217 31 32 150 250 103 192 176 40 95 23 177 154 178 53 218 198 59 123 237 71 197 142 25 105 121 200 63 84 245 27 41 179 141 164 167 253 2 122 182 88 62 112 147 89 162 252 78 249 70 60 227 126 233 79 29 68 130 91 47 254 151 61 163 207 209 169 6 45 247 248 203 99 3 52 18 42 114 133 38 236 213 28 173 160 186 232 34 143 104 7 221 159 128 109 196 193 222 75 118 215 87 175 148 204 116 22 208 55 65 77 134 181 73 13 241 187 90 153 97 246 238 199 39 183 158 127 100 86 139 92 230 188 12 255 43 113 82 251 30 72 180 189 81 156 161 191 19 36 165 11 33 120 110 83 117 107 49 21 124 166 
113 118 122 126 196 41 138 112 203 131 46 253 50 90 198 135 249 120 245 54 133 158 208 2 247 201 173 188 117 29 20 47 241 28 248 153 79 154 170 97 187 77 78 186 216 22 189 99 66 202 234 142 36 242 255 151 235 161 105 194 69 243 206 179 44 96 82 30 218 136 160 95 67 146 254 73 52 89 213 39 119 86 24 147 38 224 184 124 237 123 228 246 225 5 185 176 62 195 92 204 34 251 164 239 26 192 139 171 61 148 116 174 127 91 106 197 98 152 182 14 37 209 191 31 114 244 110 115 125 220 9 87 149 8 81 143 56 63 35 141 3 15 233 210 88 103 217 137 13 193 94 163 102 221 252 166 111 169 211 108 23 178 222 180 129 85 55 230 40 59 45 150 232 236 6 100 156 205 177 214 219 175 25 159 7 144 49 128 168 256 132 107 65 162 57 223 27 75 157 58 60 227 167 165 140 48 250 51 145 4 74 16 70 200 84 64 207 12 190 181 155 104 42 68 215 83 11 229 80 199 130 1 17 121 109 183 43 76 72 71 32 53 134 93 33 231 10 240 19 212 238 18 226 172 101 21 
129 194 232 138 132 133 168 153 84 101 45 184 127 222 226 171 65 242 58 24 48 90 107 185 109 152 59 188 93 7 161 124 243 40 150 35 122 198 164 237 245 87 126 29 9 3 125 250 228 66 95 175 73 174 246 103 5 134 106 197 219 178 209 254 252 38 140 26 8 216 240 36 182 76 27 16 181 1 154 205 144 6 196 31 68 81 177 77 117 176 46 207 201 70 111 105 230 72 123 136 224 96 61 100 220 255 141 85 156 55 191 44 121 28 83 23 51 189 229 248 212 15 223 75 146 11 86 89 143 112 170 32 192 42 142 67 151 13 104 99 74 233 149 17 80 217 166 108 187 155 200 148 14 214 119 183 33 128 225 239 78 12 22 57 131 203 251 238 169 92 37 147 145 54 18 204 180 97 162 79 135 165 206 193 130 4 98 82 199 43 157 53 62 94 19 210 49 215 115 211 116 20 139 173 159 34 208 39 186 163 56 63 21 227 10 88 120 114 25 91 69 30 118 256 190 247 235 64 244 160 60 52 195 71 2 249 179 172 234 236 167 221 218 241 137 213 253 41 113 158 47 102 50 110 202 231 
175 15 24 206 99 197 27 166 153 201 5 165 74 104 13 20 126 34 127 199 88 37 189 57 33 188 65 87 211 198 47 91 69 118 56 252 184 159 176 90 36 150 61 40 67 96 53 28 246 31 2 152 243 76 222 155 167 131 46 106 128 83 125 120 42 7 182 136 38 132 238 217 44 183 9 71 210 134 48 162 179 256 52 144 139 253 193 14 59 29 21 43 124 89 51 177 80 49 143 216 233 85 105 168 121 173 114 30 178 66 41 101 115 230 213 138 92 229 151 154 45 185 84 157 19 50 62 245 226 78 73 234 137 219 158 35 130 172 6 23 156 149 77 169 97 32 237 225 70 18 148 200 3 117 11 235 12 180 93 192 95 79 191 112 204 212 195 8 39 187 141 63 107 221 163 86 239 116 123 94 26 194 146 251 102 208 223 220 58 75 250 215 100 60 231 224 98 147 160 203 64 119 68 236 1 140 228 133 240 108 4 129 113 254 196 205 218 247 202 249 174 22 232 186 170 241 255 161 81 181 207 54 72 135 214 10 111 244 82 17 109 103 16 110 248 164 55 171 25 209 190 242 142 145 227 122 
137 100 6 180 239 206 153 157 231 59 50 236 243 139 151 41 101 209 103 122 168 71 108 8 13 147 53 111 31 138 191 171 200 42 190 221 192 253 232 14 23 112 159 161 16 152 72 251 99 20 97 37 144 60 197 162 220 154 175 185 52 148 246 237 226 156 80 45 247 125 149 40 201 207 116 3 238 172 213 123 51 176 10 166 208 205 96 36 22 78 89 94 9 240 142 73 105 214 33 224 219 49 63 229 134 177 7 15 67 17 133 117 61 126 184 92 84 186 234 46 83 34 211 217 170 136 54 228 24 2 193 241 79 26 128 119 21 132 164 86 106 39 145 129 75 230 227 202 25 198 18 189 120 82 124 62 215 38 58 32 19 68 210 255 194 90 1 187 85 167 163 4 155 55 29 252 254 140 44 70 235 195 249 121 12 65 245 77 102 203 131 91 183 212 182 256 222 74 5 135 250 188 196 114 244 11 35 93 248 69 127 150 216 199 56 48 66 141 242 118 233 95 204 173 98 87 110 109 143 181 174 47 64 130 88 179 169 27 113 57 160 81 76 218 165 30 43 146 107 225 104 115 158 28 178 223 
54 128 238 72 232 50 102 71 3 32 164 197 25 256 20 114 13 23 207 251 225 86 96 172 143 188 30 15 218 191 95 48 170 31 140 73 189 52 171 111 133 187 176 230 70 83 116 226 130 179 103 77 229 120 5 40 201 132 157 81 236 61 183 37 117 160 49 186 205 113 80 104 35 85 255 166 34 235 145 199 165 195 78 250 147 215 168 56 122 222 8 24 108 224 28 240 59 88 53 241 245 138 178 139 233 112 131 223 33 194 97 89 123 43 63 167 174 10 129 47 106 239 82 244 177 150 248 135 79 90 27 67 22 210 19 231 247 44 190 216 46 18 107 41 184 209 155 38 51 192 237 11 217 100 21 234 16 66 146 136 161 134 99 253 196 84 159 169 246 144 181 213 125 152 121 153 208 227 219 163 221 87 26 252 2 202 42 212 127 141 17 91 118 75 193 12 182 65 58 93 62 76 206 151 9 162 101 64 29 180 124 200 198 156 242 137 249 220 68 173 60 109 57 185 14 98 204 214 4 175 203 228 6 126 149 1 105 94 69 7 254 55 39 148 158 119 92 45 211 36 142 74 243 115 110 154 
68 17 232 188 143 253 35 19 73 57 12 8 146 160 96 235 196 175 138 24 92 137 120 217 133 41 229 26 243 173 27 244 34 227 84 30 214 118 53 249 158 10 85 148 88 91 170 74 207 201 211 124 187 46 38 83 165 66 251 116 164 61 37 103 6 45 87 185 221 154 117 100 205 82 89 15 191 132 50 29 18 200 254 168 95 42 177 186 237 72 52 239 44 119 22 203 78 126 43 247 94 172 190 156 114 79 241 166 39 204 107 197 238 9 7 145 176 113 180 69 62 228 218 139 220 199 159 60 64 216 131 104 13 81 25 242 130 162 98 121 47 224 109 56 122 240 234 223 75 141 151 102 215 2 149 63 127 55 125 155 208 106 236 51 192 225 183 161 213 219 194 167 11 71 49 202 182 142 174 140 110 195 129 123 255 5 246 230 147 59 157 33 70 108 31 193 32 67 209 152 231 184 28 21 99 179 171 97 101 135 144 248 222 3 86 80 77 150 250 93 1 58 153 206 4 128 14 169 16 111 36 20 65 245 112 226 178 54 40 163 134 115 212 90 48 256 198 189 76 23 233 210 105 136 252 181 
112 239 152 186 222 183 212 134 151 145 192 58 79 140 106 196 131 128 116 253 120 147 115 137 229 3 240 153 144 182 157 124 98 223 35 208 185 172 39 133 51 189 72 36 54 129 204 63 65 255 69 111 246 44 206 17 127 113 211 78 70 55 50 96 49 244 177 64 4 71 25 164 123 216 230 241 231 227 242 132 73 122 117 77 219 26 16 200 99 61 89 56 188 37 187 47 67 194 101 175 41 207 232 210 249 29 148 108 235 10 234 224 178 32 14 214 34 18 81 93 163 85 114 195 15 143 62 155 135 160 173 156 75 180 48 174 146 169 43 149 245 226 256 170 166 217 220 92 45 243 88 5 236 130 87 190 203 213 221 7 141 201 154 20 202 161 66 197 90 2 209 193 184 94 52 103 33 31 125 121 205 53 252 9 11 21 91 165 191 110 76 199 40 95 139 158 109 38 162 150 247 84 27 74 254 167 104 251 6 237 176 68 215 225 181 136 60 57 118 83 107 12 248 42 13 159 105 233 23 24 30 59 126 100 102 97 82 19 138 198 238 168 80 8 1 86 171 46 119 250 28 218 179 22 142 228 
136 188 156 179 25 221 133 116 64 255 59 152 201 218 216 239 146 149 142 137 84 243 189 103 175 251 191 227 131 181 79 199 44 52 155 217 95 50 187 24 247 47 56 200 252 57 241 96 165 48 176 58 147 246 120 126 54 55 78 106 2 234 51 43 141 177 203 15 45 125 154 75 76 16 61 245 111 100 72 248 18 13 140 88 73 198 94 178 256 166 41 17 145 53 114 250 132 117 23 3 222 212 254 213 130 26 231 8 164 4 208 92 123 34 134 118 33 240 104 192 108 109 232 161 102 46 112 144 83 6 138 110 207 27 148 253 107 7 14 128 184 81 193 249 97 153 91 242 60 35 12 65 93 190 162 40 171 219 214 230 180 11 69 151 206 235 185 170 204 87 160 121 183 28 197 10 127 29 86 226 186 236 74 135 158 66 99 223 225 67 115 36 38 172 215 80 31 174 49 194 113 237 68 82 196 85 119 21 233 98 122 19 30 202 211 150 77 205 9 139 62 90 167 159 143 71 157 39 129 42 163 182 5 22 124 238 229 244 169 224 89 173 63 105 168 70 220 37 1 32 195 228 20 209 101 210 
56 162 37 52 116 2 239 173 90 19 168 98 178 35 28 132 244 236 190 81 105 1 111 33 16 196 192 182 237 256 227 8 65 95 146 93 5 216 167 245 64 204 67 164 29 38 15 134 197 114 88 156 60 212 165 220 27 210 40 233 230 71 24 113 49 174 110 130 99 209 9 142 149 34 108 91 22 73 194 87 200 117 59 250 7 124 79 92 189 45 152 141 128 18 14 133 96 11 183 151 181 55 36 171 119 179 26 102 72 211 234 53 243 57 23 30 241 249 136 252 184 109 255 47 186 139 123 89 147 163 226 214 223 121 175 159 107 68 17 43 54 97 235 180 126 228 143 169 153 193 154 231 50 80 12 74 118 240 247 129 125 222 199 62 187 254 150 251 238 10 224 172 202 85 48 84 112 145 39 3 77 166 4 176 135 177 201 208 170 253 232 157 13 221 137 41 104 66 78 6 213 188 103 51 161 248 155 86 185 158 205 44 229 58 70 191 46 148 106 160 242 138 206 83 219 215 131 32 203 120 31 82 144 122 21 61 42 101 69 198 217 94 20 207 63 218 75 246 195 100 115 140 127 25 76 225 
234 146 170 97 80 103 217 145 237 94 99 177 195 197 171 93 168 190 233 12 141 221 50 34 181 67 199 156 138 185 130 250 246 247 111 17 191 45 132 200 186 63 164 16 106 84 9 225 201 254 82 208 70 46 218 92 240 81 220 72 79 142 204 91 136 8 128 179 66 178 90 28 58 119 43 64 96 214 51 167 207 159 48 95 241 196 194 107 165 206 15 77 61 104 215 87 122 253 242 49 161 120 182 162 243 198 124 154 239 255 33 39 249 56 121 222 31 68 36 62 35 211 71 11 229 131 126 213 102 139 256 151 22 183 73 157 18 52 6 172 37 202 125 219 123 209 192 89 153 143 19 137 5 147 30 32 140 230 236 23 216 108 25 166 13 21 244 86 113 65 212 98 193 245 163 2 74 117 187 173 169 75 152 26 205 110 1 226 134 135 189 223 129 54 44 7 27 100 148 112 158 118 176 85 184 228 235 88 144 174 55 14 115 224 238 4 40 149 3 83 59 38 78 101 203 150 155 24 53 133 227 10 180 41 57 160 188 248 29 232 109 114 69 60 42 210 252 116 127 231 251 20 47 175 76 105 
205 90 141 70 56 201 255 116 31 29 229 23 238 183 53 169 184 106 119 189 195 85 71 197 182 118 1 135 69 144 209 48 211 132 96 134 242 210 27 139 198 239 14 232 220 22 178 130 207 91 250 61 196 59 181 251 223 204 50 87 60 213 86 159 218 155 121 24 151 168 166 75 124 222 15 92 100 235 193 65 162 17 2 214 99 3 186 26 20 149 84 245 240 7 112 98 62 173 101 89 247 199 72 12 43 175 161 146 83 174 254 128 111 150 172 163 63 225 93 108 42 66 82 54 226 206 9 256 177 138 154 4 109 252 142 234 231 110 36 122 28 104 170 194 153 157 237 200 49 78 253 38 165 202 73 203 208 52 187 34 241 152 55 192 123 114 46 219 97 57 81 143 145 16 58 107 137 32 217 51 47 67 179 88 228 131 180 64 188 115 243 18 233 35 216 39 160 140 248 212 80 33 30 136 156 102 148 164 74 13 249 190 167 45 215 125 68 25 113 185 120 171 230 158 176 21 6 129 94 227 79 44 11 244 76 127 117 40 224 105 19 10 133 246 221 126 191 236 103 147 41 8 77 95 37 5 
140 23 245 202 71 76 132 65 147 84 188 148 10 238 174 122 86 251 244 109 247 161 21 185 35 55 221 190 167 98 75 24 182 17 143 164 172 70 214 82 106 112 111 168 54 64 96 120 155 110 77 45 231 242 92 13 142 160 73 26 61 67 97 38 223 101 197 252 88 218 250 215 118 39 255 123 163 222 20 145 30 60 121 130 240 178 150 12 158 256 134 246 11 230 210 42 80 127 3 179 187 78 165 46 191 156 229 248 79 227 53 200 195 198 32 22 139 95 211 66 173 254 116 85 183 128 4 105 162 27 237 114 5 220 72 18 232 201 49 153 157 249 51 216 14 31 8 171 7 29 34 63 228 59 48 224 166 62 204 225 44 56 133 213 87 239 212 169 28 1 81 253 83 89 196 93 175 159 37 43 203 36 16 104 208 108 69 235 100 144 15 199 90 135 58 41 236 170 151 6 189 194 126 181 146 103 141 131 129 226 68 209 152 177 154 205 94 91 50 176 117 241 219 119 206 186 25 207 180 40 52 217 9 57 184 47 149 136 243 137 74 138 124 113 192 99 125 115 33 234 193 19 233 2 107 102 
193 126 219 46 51 1 56 156 141 79 214 135 75 223 152 221 203 211 244 204 110 96 17 237 137 121 144 149 228 123 109 2 182 225 142 190 29 235 161 100 9 118 202 150 197 107 26 130 83 187 163 192 195 185 255 196 139 162 232 108 143 208 164 179 124 102 16 165 233 95 168 36 252 200 191 198 128 63 201 87 146 183 127 106 59 93 136 55 151 77 247 81 64 80 42 88 180 231 91 227 166 31 60 132 94 117 43 99 22 3 86 68 111 239 97 167 67 129 140 256 154 11 112 39 160 194 236 240 242 98 207 18 184 104 27 199 30 158 212 230 92 74 153 14 170 147 35 13 224 205 186 105 218 90 177 229 25 6 70 133 213 243 246 33 145 82 7 220 157 175 120 12 62 40 215 32 4 41 122 238 85 50 169 210 19 119 34 52 61 114 138 234 174 155 48 113 72 57 10 58 188 116 159 53 47 253 66 84 222 248 76 71 245 21 49 241 176 38 78 250 44 178 45 65 251 89 134 24 173 101 5 217 249 8 69 148 189 37 254 103 20 115 73 125 216 226 15 181 54 28 131 23 172 171 209 206 
103 208 69 238 243 118 64 161 117 184 21 252 14 98 120 27 87 68 134 212 245 3 256 174 244 13 52 36 23 89 17 109 204 216 229 94 224 26 156 242 42 250 51 253 249 171 144 186 61 81 60 133 207 92 10 148 75 8 16 200 56 138 223 119 30 239 50 37 176 22 227 59 185 182 66 74 163 86 47 194 126 6 166 225 232 142 25 162 127 104 153 65 84 178 187 219 192 12 233 91 254 168 15 79 39 72 193 147 90 48 85 55 124 155 78 49 19 44 95 130 24 202 137 29 2 143 199 214 5 80 54 116 228 217 45 101 203 7 236 107 154 164 172 77 67 111 97 83 113 230 140 131 170 135 222 181 237 38 82 141 241 234 160 43 41 93 165 221 206 34 145 129 173 63 246 151 183 31 11 123 105 1 136 102 169 210 188 220 197 139 28 150 167 251 196 240 218 248 71 195 190 235 211 215 35 62 191 32 152 205 106 88 125 213 100 58 114 175 157 158 189 4 18 198 179 146 255 57 132 112 159 121 99 177 115 149 96 128 231 226 180 247 33 201 122 110 73 108 209 20 70 9 46 53 76 40 
126 103 213 48 89 22 242 121 91 71 44 252 208 190 50 51 75 54 148 90 187 159 68 180 131 130 28 140 152 14 166 49 63 52 102 241 142 194 188 145 177 176 218 249 20 123 161 67 155 255 153 132 53 95 171 189 198 59 201 69 94 221 25 164 11 21 253 4 196 167 83 151 33 150 136 182 147 233 31 15 9 172 111 139 1 174 217 32 62 229 168 144 243 134 115 60 43 29 38 8 108 104 101 250 23 110 209 113 216 3 156 254 41 61 207 162 185 114 6 211 109 246 220 215 149 70 19 226 47 12 183 106 66 119 81 17 135 227 192 154 244 158 107 65 26 120 100 212 256 125 92 80 199 210 231 137 234 98 42 247 84 74 86 34 202 203 175 78 5 238 117 163 30 85 191 157 169 230 239 35 112 82 236 138 79 222 64 122 173 39 235 57 195 55 160 124 118 96 13 165 206 251 141 88 127 232 200 245 214 87 197 146 105 40 56 24 184 10 77 225 58 178 46 97 93 2 170 228 45 204 37 181 237 73 240 36 27 248 219 76 129 16 7 223 72 99 133 18 205 186 116 128 193 179 224 143 
148 42 235 82 149 57 29 21 217 74 90 246 239 94 55 192 227 68 251 43 44 77 124 22 78 83 95 199 32 226 76 70 115 98 177 200 123 81 144 127 219 37 142 206 214 69 248 165 84 65 7 16 45 15 161 47 24 163 59 208 8 223 31 146 125 35 169 176 184 243 189 72 25 96 10 213 51 178 85 62 11 256 166 171 48 36 174 230 92 19 253 53 160 17 40 104 100 241 147 254 112 194 58 222 113 67 211 228 193 236 14 135 23 99 212 181 102 110 129 139 252 170 232 173 39 97 75 128 215 80 140 49 152 91 242 63 118 179 119 187 56 244 191 126 50 18 61 87 71 130 121 145 154 204 220 201 237 105 13 41 114 106 141 20 234 182 162 5 207 249 33 30 38 137 12 245 131 225 66 183 27 107 134 209 155 122 103 156 186 195 120 64 60 151 190 111 133 205 116 26 108 240 185 203 150 9 136 6 153 1 117 28 159 233 224 231 216 180 229 109 247 89 54 52 88 175 221 218 3 196 101 138 197 2 188 73 157 86 132 34 93 250 158 255 46 238 202 79 167 143 164 198 4 168 172 210 
225 255 135 190 74 109 149 150 198 91 4 20 40 11 184 246 1 170 64 84 61 63 251 93 250 117 122 164 45 120 35 15 234 238 153 235 80 191 106 177 33 34 53 240 14 156 200 99 60 186 86 126 229 228 27 128 179 142 224 26 165 118 256 140 115 212 100 49 125 54 29 38 24 41 245 162 121 25 5 203 182 136 8 44 67 72 167 217 248 213 46 159 58 152 173 144 204 87 88 222 75 23 175 193 2 90 145 132 13 56 133 148 210 124 192 158 187 59 221 180 157 30 230 76 130 78 79 147 36 22 163 244 172 231 123 92 206 154 146 9 201 176 62 50 82 155 12 114 131 207 52 252 134 113 205 195 68 98 83 183 102 71 139 28 211 104 7 185 31 66 196 243 218 69 97 70 237 202 253 65 197 47 141 129 94 107 189 214 219 247 174 233 81 166 194 160 199 77 220 55 232 119 171 242 17 168 18 108 105 138 178 19 239 188 226 95 209 43 151 111 249 181 223 241 39 169 110 10 208 57 236 21 37 161 3 216 96 112 16 143 103 42 6 254 73 48 227 89 51 85 101 127 116 137 215 32 
184 30 42 178 83 220 66 204 139 7 72 208 189 25 194 48 222 171 218 51 79 59 210 76 26 244 180 60 190 71 57 214 28 142 58 125 68 159 209 255 33 5 38 80 164 43 146 44 104 242 229 173 137 121 226 233 86 231 198 108 21 96 160 149 124 177 138 182 175 123 110 11 150 174 111 216 217 215 18 119 117 211 2 196 225 46 234 98 237 156 128 114 64 39 191 256 118 37 202 179 54 82 126 32 6 99 187 145 205 1 241 15 94 101 253 49 157 235 69 148 113 200 206 67 74 230 249 47 127 151 23 29 115 17 250 252 22 88 232 92 35 199 107 131 97 240 141 62 81 34 120 140 12 130 93 165 95 135 116 9 162 24 181 40 251 153 10 195 61 152 19 223 102 78 100 254 163 227 207 73 247 186 192 134 122 45 236 85 248 70 56 185 161 221 77 169 170 20 105 212 50 197 41 65 63 155 193 147 8 154 166 176 245 144 3 89 239 172 213 14 55 136 132 112 133 228 31 75 91 53 4 103 87 109 167 27 52 224 203 158 246 238 219 243 106 143 84 90 183 168 16 201 13 36 129 188 
250 82 125 219 181 179 75 146 105 208 180 107 34 89 223 42 149 230 142 228 198 43 72 202 145 80 12 93 204 52 17 97 86 143 114 48 215 79 76 176 51 62 232 112 193 207 168 185 139 50 55 129 235 151 209 31 78 255 45 177 246 155 46 99 211 256 226 10 251 23 222 29 164 121 77 229 196 159 57 3 243 40 88 128 104 116 130 127 231 205 200 227 152 110 237 236 148 61 170 15 117 248 1 100 103 190 239 35 63 109 28 20 169 163 245 240 70 160 4 65 123 66 156 91 249 194 84 244 233 118 13 67 58 101 6 32 49 8 234 206 115 254 81 64 33 134 192 53 201 39 187 140 253 203 173 22 136 189 220 178 184 25 41 224 216 47 94 157 183 60 30 98 241 214 210 19 9 186 7 212 68 96 120 188 135 59 199 2 21 144 166 252 191 11 221 182 225 172 73 175 16 106 14 56 167 90 54 26 218 5 238 242 197 174 213 132 161 95 141 195 113 37 83 44 38 171 36 133 71 92 102 165 162 24 87 85 138 74 108 69 119 124 150 131 18 27 158 154 153 126 147 111 122 137 217 247 
83 4 177 10 76 139 15 173 213 244 47 239 220 148 120 136 67 91 152 53 98 34 200 123 54 208 77 137 88 38 251 252 130 219 26 112 192 199 178 135 49 37 89 117 191 215 93 204 235 108 33 206 3 22 242 29 155 119 189 128 197 61 133 92 194 68 142 43 106 186 28 19 188 11 231 50 57 84 51 82 75 101 165 70 134 56 21 138 13 255 170 247 30 228 212 46 73 151 162 156 42 94 9 207 229 161 86 230 31 169 175 16 205 224 179 250 248 20 176 225 1 174 69 71 121 159 104 147 153 172 184 27 210 114 171 41 81 254 5 52 222 232 149 95 203 141 78 195 63 116 131 97 129 218 7 237 17 32 39 132 125 145 109 246 180 118 60 2 168 55 163 202 187 160 164 185 115 196 111 243 181 74 214 126 8 245 102 209 103 18 64 226 99 12 241 96 249 146 113 157 127 144 6 240 24 62 14 256 79 236 253 158 182 35 85 150 198 223 167 216 238 143 221 122 40 234 105 45 44 183 23 100 87 72 193 233 65 154 80 59 227 107 211 90 140 36 66 110 58 25 48 201 190 124 166 217 
173 220 69 160 146 59 170 47 156 166 219 41 217 22 137 149 188 133 2 161 1 12 17 151 203 97 102 167 88 192 221 216 254 5 241 233 78 182 124 18 138 55 60 50 231 23 44 213 6 174 206 53 251 249 132 109 119 224 229 115 140 70 194 239 100 112 38 89 33 57 35 77 145 80 15 200 11 14 65 120 177 20 122 214 143 210 225 227 51 238 64 54 81 247 215 58 180 32 83 171 116 62 90 39 79 92 250 106 95 169 141 252 245 142 208 61 123 34 43 74 178 199 197 56 86 155 135 196 209 127 240 185 72 10 76 4 248 63 234 152 26 201 48 198 21 93 16 226 164 136 46 101 230 235 28 9 84 253 111 19 157 42 190 154 222 183 98 193 29 187 130 168 8 25 172 256 147 45 211 99 236 176 68 94 49 96 128 126 121 139 158 73 13 165 52 114 107 36 246 144 189 255 148 31 110 3 104 118 150 30 159 131 191 212 228 82 129 237 205 162 186 181 244 223 67 125 204 24 179 218 163 27 117 207 134 71 103 153 91 195 108 175 87 85 232 37 184 202 7 66 75 243 242 105 113 40 
192 219 183 117 213 200 82 249 136 48 81 43 226 119 215 198 105 167 132 96 57 53 37 95 51 245 228 15 154 68 238 191 217 69 188 170 39 62 121 129 40 236 166 90 32 254 225 6 242 250 77 196 190 120 149 23 83 140 157 202 127 256 118 100 97 203 59 111 85 145 5 113 144 195 174 255 72 60 243 207 87 122 159 253 240 42 221 63 61 175 205 28 141 9 210 161 66 182 230 135 181 10 19 246 151 155 14 231 107 153 27 20 204 36 128 160 58 187 25 54 30 16 176 168 247 193 106 220 130 34 194 165 152 109 71 189 112 206 123 101 74 110 45 185 222 21 146 162 4 163 98 33 143 104 218 29 65 3 50 75 17 52 49 24 35 13 70 212 41 38 252 88 244 18 125 208 233 241 73 171 46 209 237 178 8 94 124 142 78 102 139 2 11 91 239 44 147 248 93 201 47 169 179 158 86 232 172 177 199 114 216 197 7 138 186 156 26 80 180 227 229 133 211 1 137 55 84 150 223 115 224 116 99 108 12 214 164 76 148 184 79 67 251 131 56 126 31 173 103 134 64 89 92 234 235 22 
83 130 95 236 220 182 80 249 206 205 187 39 240 157 196 99 70 129 85 5 59 63 155 147 163 139 253 167 237 64 128 103 192 137 115 69 174 92 88 32 44 125 142 140 116 191 230 150 41 158 93 208 105 89 43 2 221 235 203 75 124 111 154 79 21 12 36 231 42 1 35 146 66 131 218 20 188 233 71 45 168 9 213 68 81 202 38 160 72 254 193 100 148 121 120 78 232 228 165 4 132 216 156 141 204 14 46 3 183 239 181 31 243 250 152 76 177 47 215 176 161 201 34 60 101 112 180 48 73 246 25 94 223 145 108 24 51 209 162 153 242 194 58 238 251 184 241 114 126 28 186 200 109 252 256 61 178 229 159 27 144 37 8 19 65 102 29 49 173 90 96 210 149 106 171 119 195 33 10 50 212 56 190 214 222 166 219 127 53 143 248 217 197 133 118 55 122 74 164 134 26 207 117 52 107 245 172 104 138 255 86 226 87 227 16 110 185 77 84 247 82 224 244 123 169 98 57 15 7 13 23 40 67 17 135 11 54 151 234 18 22 30 211 199 62 179 170 175 198 91 97 189 225 6 113 136 
208 204 123 149 81 134 207 117 30 159 145 103 109 59 88 90 107 113 238 80 152 203 121 110 209 106 249 85 161 111 226 64 114 214 19 9 52 236 76 38 229 143 138 128 196 186 146 234 231 18 244 237 92 57 253 62 147 176 224 157 191 127 248 22 212 217 2 139 189 153 242 173 235 223 119 20 168 181 24 105 195 228 61 89 67 188 98 37 36 84 72 169 232 136 142 193 44 91 199 132 77 245 28 144 40 73 116 31 205 108 183 51 1 34 16 200 55 14 79 69 39 66 177 210 198 46 240 23 82 122 219 33 130 35 239 206 125 96 190 162 158 120 155 187 118 78 74 6 222 43 182 213 250 42 13 86 65 8 115 129 160 50 227 171 97 167 71 241 25 256 150 170 233 197 56 32 21 63 185 83 252 99 220 140 251 5 29 54 246 202 192 70 27 174 201 58 15 7 166 112 178 93 164 194 49 68 11 179 48 10 137 126 165 211 156 4 230 104 154 141 101 41 175 133 124 221 47 53 255 17 94 3 184 131 215 135 163 172 12 180 100 148 225 87 102 26 216 218 60 151 254 247 75 45 95 243 
