128
37 1 81 121 46 3 88 126 28 26 8 5 118 86 114 128 85 119 50 56 106 45 79 54 87 27 127 97 102 25 41 73 35 95 120 52 55 105 123 113 80 43 53 51 60 72 68 65 31 22 33 34 36 49 14 107 20 40 39 69 10 16 32 6 93 116 57 90 30 110 47 115 103 112 84 58 59 38 2 23 61 11 92 17 15 124 125 91 70 89 63 29 21 99 12 76 77 48 101 96 122 19 100 74 71 83 66 24 78 4 82 109 108 44 18 94 67 117 104 13 9 98 64 42 7 62 111 75 
58 21 73 109 18 7 103 84 110 74 19 67 98 52 39 63 88 95 4 37 86 20 47 54 14 41 59 33 114 27 48 53 90 118 82 51 107 11 76 15 32 40 101 34 12 24 80 92 126 65 10 119 1 38 111 26 50 81 89 5 60 16 85 31 44 30 79 70 72 71 13 106 122 64 78 56 45 123 127 97 117 124 108 75 69 57 25 91 62 113 46 3 121 94 93 8 42 120 35 6 96 125 29 112 49 2 66 102 99 115 9 83 43 61 128 104 77 116 55 87 105 17 28 23 22 36 100 68 
103 84 112 48 23 98 82 56 123 120 90 78 10 19 115 11 97 15 37 32 81 122 3 87 20 25 116 118 111 92 4 108 104 5 7 54 64 117 8 88 58 44 31 128 35 39 93 99 95 46 40 36 57 94 96 79 76 89 62 17 107 2 74 49 16 60 59 52 42 67 125 86 47 29 69 102 101 51 45 13 21 121 71 33 119 100 70 41 24 127 113 6 106 75 72 50 55 91 73 110 124 9 43 77 85 28 27 66 80 18 30 14 38 26 34 68 22 109 12 61 63 1 126 65 105 83 53 114 
14 9 51 62 12 118 83 111 26 28 67 76 100 64 41 75 39 110 32 84 8 45 46 95 61 120 96 19 17 22 47 37 15 63 99 69 80 93 126 3 4 90 112 127 77 102 121 115 38 27 66 48 6 128 125 36 20 65 25 23 109 79 113 58 11 106 73 108 49 18 94 105 72 91 16 35 30 31 71 119 54 68 42 44 70 21 40 50 86 97 29 7 85 103 24 13 74 87 101 114 82 124 116 107 33 5 1 60 92 78 98 59 117 88 53 122 34 81 2 104 123 10 57 52 89 43 56 55 
46 48 50 15 33 5 112 20 100 83 108 89 110 125 81 102 67 41 11 94 31 30 109 16 104 21 80 103 60 57 118 128 123 22 85 106 36 114 1 68 53 95 75 116 24 45 117 34 126 37 69 42 13 2 38 54 23 105 76 97 7 19 115 86 119 82 87 14 65 40 101 43 51 25 122 107 3 18 62 72 55 77 4 10 9 70 79 17 88 27 52 8 73 32 64 111 120 35 99 84 29 58 78 12 26 59 6 66 98 113 56 92 49 44 71 47 61 127 74 124 28 121 39 96 63 93 91 90 
17 40 25 10 74 71 97 105 2 121 54 12 100 113 22 39 37 50 35 34 84 68 127 110 64 13 56 91 118 87 45 26 124 31 77 49 28 96 6 76 48 4 73 125 107 106 102 99 18 55 3 60 122 15 32 119 51 52 128 116 90 126 78 69 33 98 70 104 83 81 19 93 59 101 79 66 65 41 86 1 38 30 94 24 21 9 58 80 123 112 62 43 75 27 47 82 117 114 88 42 72 53 109 120 103 111 5 8 20 57 63 23 108 11 36 85 16 7 46 92 61 29 95 89 44 14 115 67 
32 106 116 77 34 48 82 97 44 22 100 107 62 69 45 81 12 83 101 112 127 39 1 57 56 102 61 38 114 93 110 5 11 85 30 70 128 42 21 4 86 40 67 29 41 13 94 80 65 96 99 20 37 25 50 98 66 60 43 28 121 46 9 79 113 117 74 64 109 18 87 125 35 14 92 120 111 47 6 89 91 73 104 7 3 19 16 123 72 24 108 71 49 15 95 75 27 103 78 51 26 10 31 115 55 118 58 126 119 54 76 52 63 122 33 90 88 53 17 105 124 8 59 36 2 68 23 84 
27 106 2 74 123 111 87 52 91 119 16 73 36 77 54 29 6 38 108 115 67 10 93 68 126 100 71 63 120 22 14 50 40 102 95 104 56 26 96 48 11 46 39 124 103 55 89 30 86 24 4 57 75 62 33 69 79 127 31 9 25 94 110 70 34 60 80 37 58 97 28 90 112 20 41 105 116 64 8 83 101 109 15 66 17 44 128 43 61 122 125 1 107 88 3 117 118 18 49 12 114 51 76 98 42 59 84 45 113 7 82 13 35 92 19 65 121 5 85 53 72 23 32 21 99 81 78 47 
77 124 12 79 31 58 117 87 21 100 116 119 59 44 93 102 101 73 108 96 80 22 75 11 25 67 98 69 91 49 51 88 28 36 89 104 48 66 85 41 33 94 19 20 65 114 121 17 99 35 115 113 90 16 62 10 47 40 57 37 55 122 86 9 110 63 53 4 118 34 1 3 18 95 70 126 61 84 112 74 60 107 71 23 72 76 127 26 97 24 105 106 14 15 7 29 32 45 103 30 64 83 52 81 42 128 43 39 68 54 82 38 8 50 6 13 92 46 5 120 109 123 2 111 56 125 27 78 
44 38 98 69 43 51 68 62 106 27 113 122 28 76 126 15 42 99 97 10 85 86 96 120 6 71 19 84 18 4 74 36 102 26 128 109 31 12 89 17 72 23 63 58 80 118 53 33 52 45 48 75 94 73 1 82 103 11 13 22 29 55 65 117 101 64 105 78 61 67 123 87 92 110 91 8 83 49 35 14 56 50 24 116 37 40 90 125 47 2 104 107 34 100 39 25 16 30 88 66 77 111 114 79 46 119 108 115 41 9 5 54 70 32 112 21 124 93 127 121 95 3 60 59 81 20 57 7 
24 61 69 38 98 50 95 23 107 116 36 57 44 65 8 58 127 49 125 128 109 106 121 78 31 28 41 123 12 73 74 9 22 18 11 33 55 21 67 112 1 3 71 34 68 6 82 93 91 101 102 26 99 47 25 92 30 111 64 115 72 46 86 85 43 114 13 37 32 66 122 81 10 97 90 4 56 87 96 76 15 53 120 20 83 62 54 126 60 110 117 113 77 42 27 40 29 35 16 59 84 45 89 124 39 63 118 70 2 14 7 88 80 48 19 5 119 105 108 51 75 52 100 79 104 94 103 17 
65 67 98 41 3 19 103 94 57 34 109 14 102 42 120 90 1 117 89 35 123 16 121 78 53 119 49 18 71 9 40 113 91 11 92 43 62 45 26 75 30 73 63 79 72 33 77 80 95 99 31 51 116 28 4 17 107 44 8 82 96 111 6 122 13 50 118 32 24 128 29 105 38 12 86 56 74 58 100 93 22 69 7 20 47 48 55 39 46 101 37 27 10 64 81 25 36 106 97 104 87 114 83 21 124 110 23 85 59 61 2 5 125 115 76 84 54 66 88 112 68 108 60 127 15 126 52 70 
73 70 85 94 37 74 103 32 92 108 29 55 40 33 79 18 120 67 9 123 4 28 34 27 8 24 36 19 22 113 122 100 121 14 50 61 53 126 38 12 69 91 20 62 80 60 57 75 76 95 127 58 1 3 98 71 59 97 89 49 65 106 2 44 30 125 82 16 17 111 45 52 128 101 116 68 25 93 47 105 72 110 77 7 96 99 48 56 64 42 86 13 78 84 26 124 107 109 10 115 87 66 104 63 54 5 23 117 6 46 118 102 21 81 31 51 43 88 119 11 112 41 83 114 35 39 90 15 
48 120 12 32 53 36 26 125 116 88 72 55 29 86 87 14 10 45 1 124 126 63 102 6 7 3 51 74 5 118 121 97 46 89 27 8 18 100 37 96 92 30 21 2 44 109 20 78 95 94 123 66 103 69 106 104 127 35 79 28 62 49 70 59 40 4 68 99 114 43 42 56 119 23 22 34 122 83 41 11 13 128 82 52 25 81 16 67 50 113 108 19 110 15 90 98 91 33 31 60 38 47 64 112 111 75 24 85 105 77 115 84 80 117 93 71 73 76 58 54 9 17 107 57 101 61 39 65 
123 100 63 87 62 39 23 82 12 65 52 107 112 70 11 19 122 7 36 46 61 57 75 42 37 16 117 83 28 34 78 76 14 85 31 20 103 40 101 102 115 71 125 59 25 45 60 90 24 121 2 127 56 43 22 50 96 1 18 111 128 44 8 97 99 84 104 86 4 15 118 124 88 51 55 80 58 5 74 49 32 30 120 119 94 126 108 79 89 113 48 106 26 72 35 95 67 38 81 66 116 98 109 91 54 53 10 105 29 21 77 92 9 64 6 47 69 33 27 3 17 114 73 68 13 41 93 110 
1 96 40 99 12 97 107 78 82 21 19 43 39 94 9 111 32 11 103 84 49 122 79 24 98 88 22 112 16 14 128 20 83 114 30 86 33 85 46 68 15 55 71 109 119 62 28 4 115 72 69 45 73 57 92 65 87 53 48 3 17 81 18 52 36 117 64 113 90 106 124 121 80 108 47 50 6 7 125 56 37 126 77 123 26 13 118 44 34 8 29 42 105 110 91 54 59 31 100 60 70 75 66 61 95 102 35 23 38 51 27 101 25 120 127 74 67 116 76 10 63 2 93 41 5 89 58 104 
31 81 21 20 83 110 32 116 22 85 68 42 64 53 24 99 87 7 125 36 105 92 89 62 46 75 17 34 57 100 118 113 60 41 67 43 11 74 91 40 66 49 8 52 98 95 4 90 35 69 94 72 77 58 78 55 25 119 96 121 26 80 14 71 19 13 112 29 28 30 128 103 54 111 117 82 59 23 39 44 127 45 38 126 37 122 10 3 97 27 76 104 61 65 109 2 18 9 33 106 79 101 47 5 115 108 1 124 114 16 93 84 120 86 56 51 50 88 102 63 6 123 48 73 12 15 70 107 
25 39 24 85 15 106 31 2 124 81 93 14 52 95 68 8 37 29 30 123 41 116 79 54 78 38 102 18 64 83 71 62 126 121 6 49 36 94 73 12 19 32 60 22 76 100 16 120 97 45 117 67 80 109 89 21 84 53 91 90 112 99 96 114 88 87 75 55 105 122 72 11 66 86 58 43 51 70 65 103 5 26 110 57 63 4 9 111 61 101 74 17 13 1 35 44 27 47 107 113 127 77 50 40 10 98 3 34 108 59 119 104 82 92 20 7 69 33 23 125 115 28 46 128 42 48 56 118 
76 75 127 63 18 61 71 58 85 124 125 21 114 4 11 104 119 78 32 68 41 13 122 96 17 115 43 51 89 73 14 37 49 2 74 95 64 69 98 121 128 94 100 35 110 88 22 3 40 45 20 55 30 116 44 33 19 31 8 117 111 84 56 12 26 93 87 6 99 112 15 120 108 82 91 47 81 42 7 106 126 109 57 48 101 103 107 25 16 118 52 97 80 34 123 105 113 72 54 53 79 50 59 10 39 24 28 102 90 86 29 83 77 5 62 92 65 27 60 70 9 67 38 1 36 66 46 23 
104 43 3 34 79 56 70 116 64 31 15 72 112 85 119 73 46 101 84 125 53 128 69 83 68 115 1 109 61 38 51 113 77 32 126 124 28 117 107 82 87 111 80 42 8 103 102 40 47 36 105 90 26 17 97 74 13 114 60 99 9 21 96 27 57 24 7 44 35 78 110 66 33 71 23 59 2 14 98 86 45 108 76 94 25 127 92 93 120 81 91 12 37 100 123 49 10 18 67 5 122 55 48 41 63 4 6 16 88 75 22 11 58 65 19 118 89 62 30 95 20 52 121 39 54 29 106 50 
121 30 75 88 66 19 1 114 23 28 8 49 120 98 35 31 22 61 67 90 107 38 12 37 20 77 51 36 50 64 96 117 3 62 58 94 95 18 53 59 48 115 26 93 14 34 84 101 65 27 127 78 83 68 25 5 89 97 69 76 43 125 10 108 81 128 2 124 73 103 116 42 109 86 104 29 71 112 63 47 91 13 9 99 85 33 100 79 111 87 122 40 119 105 6 72 110 118 15 32 82 4 17 16 21 52 44 41 70 55 106 80 56 54 60 102 123 126 45 113 57 74 7 11 46 39 92 24 
78 103 67 31 86 106 64 72 47 124 41 87 109 58 30 13 45 59 33 28 5 121 8 26 1 107 127 122 101 39 93 44 100 94 4 40 62 25 108 12 115 79 117 84 76 65 21 95 37 128 43 52 89 123 71 55 111 36 126 88 119 91 110 14 46 102 61 85 73 3 32 116 114 10 49 118 42 66 90 120 92 53 9 113 77 81 50 27 74 69 104 75 97 99 23 80 34 18 19 83 51 98 56 68 2 7 48 17 60 70 63 15 112 24 16 29 105 6 54 57 38 11 125 82 96 22 35 20 
67 75 50 121 20 11 116 70 82 71 7 119 111 41 97 92 40 42 22 94 115 102 62 84 89 110 99 10 87 3 36 98 37 101 68 91 16 117 13 95 51 33 79 45 46 5 69 106 86 4 53 55 126 2 19 124 52 56 12 76 107 80 123 27 58 26 120 35 113 66 88 93 114 6 29 128 18 100 90 9 127 17 28 103 38 30 63 108 81 21 112 14 105 77 73 44 48 72 23 78 83 125 39 65 104 54 32 43 96 34 118 25 15 57 74 85 64 59 1 8 122 60 61 31 49 109 47 24 
67 39 4 115 96 8 122 22 89 16 45 48 41 3 37 74 81 107 46 85 5 17 66 9 123 25 50 57 94 102 93 111 33 64 128 77 103 60 27 52 24 79 36 98 78 32 20 121 54 109 28 104 18 51 108 34 114 95 82 63 38 19 100 76 88 47 90 83 110 105 86 106 75 59 113 55 118 99 70 69 12 53 61 49 71 11 101 97 56 91 30 112 31 1 65 127 10 87 2 40 44 124 58 126 62 29 7 125 80 72 42 13 35 26 120 119 43 117 14 6 23 21 84 15 92 116 68 73 
29 82 124 39 10 9 103 51 120 25 23 115 6 34 98 108 126 59 85 119 18 28 62 125 37 48 63 35 122 50 88 13 21 44 12 68 65 89 76 24 80 87 17 4 55 79 77 40 15 104 54 75 71 46 16 81 84 105 112 38 86 53 93 8 74 22 64 45 49 60 70 94 102 27 32 72 121 92 123 67 91 107 127 97 43 33 19 110 73 11 31 5 36 52 3 2 118 30 90 109 78 26 95 58 116 128 61 111 101 106 117 47 69 56 83 114 20 96 99 57 7 1 113 42 100 66 14 41 
90 124 80 51 104 23 58 54 31 14 93 59 66 116 13 70 74 126 61 4 30 50 6 105 26 43 16 32 73 84 118 92 7 125 75 5 11 128 102 49 89 45 106 103 71 47 96 64 25 15 68 85 63 87 55 8 111 67 65 10 99 44 35 121 19 119 112 46 33 56 123 127 108 117 21 115 40 77 109 114 39 52 78 120 82 9 28 42 113 76 97 36 98 53 83 107 3 79 38 29 62 48 94 57 1 34 17 37 12 20 69 95 110 22 81 2 60 88 91 27 18 86 100 122 24 72 101 41 
49 71 40 77 53 78 30 54 100 75 29 112 118 111 51 91 79 39 24 85 116 94 20 73 46 83 87 52 37 95 42 122 2 50 70 69 41 64 86 89 61 104 35 81 55 27 108 115 63 34 43 18 32 124 13 67 121 21 57 62 58 105 90 84 65 17 106 125 56 117 93 101 68 31 10 1 103 98 126 25 123 11 26 7 14 128 48 47 19 23 74 92 72 88 22 97 44 107 59 45 9 4 113 66 28 15 16 119 38 110 12 127 114 60 8 82 36 102 99 3 76 6 80 5 109 33 120 96 
85 89 124 54 68 90 25 16 91 2 84 93 96 14 71 103 88 66 42 73 21 82 49 13 97 83 30 45 26 75 24 79 74 119 69 86 32 98 95 60 41 61 126 114 3 10 47 52 120 111 35 110 31 18 58 15 44 122 105 33 38 7 46 23 51 115 127 27 59 80 53 29 65 5 9 8 17 63 108 125 106 36 99 48 12 107 4 128 37 19 123 57 121 22 28 100 76 109 50 56 6 118 34 1 92 72 102 64 94 104 81 116 70 77 67 11 40 101 78 112 39 117 43 55 62 87 20 113 
114 25 33 45 38 9 124 122 78 97 50 77 30 21 80 55 13 6 103 105 10 53 68 120 84 12 14 66 48 72 56 94 1 44 107 57 123 113 91 49 11 63 98 8 73 76 23 110 117 7 96 43 75 24 51 59 16 92 69 90 17 93 65 87 82 118 67 29 119 28 19 15 22 106 128 125 47 41 64 60 4 39 18 46 115 58 121 34 36 85 99 61 88 71 79 32 3 54 89 104 111 42 102 27 81 40 74 35 20 26 2 95 52 127 116 109 31 100 112 126 101 5 108 83 37 62 86 70 
63 105 39 55 93 32 6 24 34 35 47 67 95 102 92 69 117 59 97 70 52 128 84 116 76 79 98 89 5 118 2 58 12 51 57 50 37 108 26 124 101 14 62 125 85 27 65 111 4 96 80 74 107 68 77 29 7 119 90 106 18 122 112 104 31 100 126 46 16 109 123 103 78 121 9 113 23 87 54 115 20 99 42 21 44 71 82 19 86 61 56 10 60 30 41 64 33 40 73 8 127 17 83 36 43 91 72 15 110 25 1 88 49 66 45 3 120 81 38 75 53 22 48 28 11 13 94 114 
56 88 71 85 48 38 42 28 98 55 59 90 39 76 57 31 92 22 126 93 49 35 68 51 110 124 44 64 94 83 108 128 67 61 70 80 62 6 16 3 4 53 73 123 84 5 106 33 26 79 120 69 29 111 30 105 14 21 101 52 60 118 75 36 32 9 50 72 107 82 43 87 20 96 100 45 11 112 74 10 47 23 77 18 127 81 1 65 115 34 78 46 103 13 54 41 40 8 86 109 121 58 99 19 27 102 104 37 113 122 97 63 15 116 25 2 89 7 91 114 125 12 24 95 119 117 66 17 
70 59 14 71 74 75 46 97 123 88 65 25 94 64 76 54 99 36 37 91 115 110 28 53 20 106 9 16 8 96 43 112 82 80 68 32 60 127 48 1 119 77 27 92 121 107 22 101 118 55 17 5 87 125 23 83 116 57 108 11 7 109 73 15 38 18 50 6 24 89 102 58 117 69 21 128 122 126 51 4 2 66 12 31 19 78 41 72 67 100 10 13 63 3 39 84 124 85 56 98 81 120 95 114 111 40 35 26 42 103 29 90 47 30 44 34 62 79 49 52 45 61 104 93 33 113 86 105 
74 79 26 23 110 18 36 20 7 72 109 77 9 51 35 86 1 80 105 125 120 69 37 41 10 17 107 5 60 97 82 103 121 108 87 39 84 78 119 88 38 113 99 85 49 63 30 65 89 81 64 16 122 92 123 83 31 43 29 27 46 117 33 95 61 40 75 24 34 111 127 44 13 124 94 3 28 118 100 19 8 104 12 21 55 71 2 70 6 66 112 48 53 62 115 56 54 90 67 58 14 57 93 116 106 91 47 15 73 102 32 101 128 42 76 114 11 96 68 59 45 25 50 98 22 4 126 52 
46 75 16 115 14 20 36 13 56 96 98 7 26 22 107 123 80 2 50 114 86 28 84 17 61 99 108 54 119 53 19 33 52 94 127 105 83 34 63 102 5 78 29 58 100 40 27 25 112 18 6 65 23 66 82 24 60 125 81 41 35 90 104 48 76 111 55 37 120 124 79 93 47 4 8 12 11 49 30 3 71 44 121 67 21 42 91 97 68 110 116 45 89 9 109 113 59 77 128 57 117 31 62 70 1 38 64 103 88 43 15 101 73 118 122 72 74 39 126 69 87 10 85 95 92 106 32 51 
35 74 27 61 24 38 94 28 63 43 97 60 2 125 99 20 39 116 40 19 84 108 113 41 22 51 12 1 83 10 59 17 7 81 103 48 86 9 120 23 111 91 112 95 33 93 26 25 11 71 14 100 109 80 75 49 62 90 56 68 118 122 115 87 127 6 4 79 76 101 58 123 30 15 117 98 5 107 42 53 106 121 44 47 128 88 124 8 104 119 16 67 65 54 66 57 13 92 18 114 45 126 50 110 32 77 96 73 72 82 37 64 29 46 21 70 102 105 3 55 34 52 69 36 78 31 89 85 
49 54 47 102 89 116 37 124 16 11 113 82 32 112 78 55 103 71 91 73 34 104 30 105 57 84 90 110 68 72 21 60 2 114 87 13 36 1 81 20 93 8 74 48 92 23 122 64 95 128 35 97 98 115 53 38 99 15 3 66 9 70 26 67 120 76 101 107 63 100 29 17 80 96 121 12 75 69 123 117 118 83 109 108 127 6 40 65 86 42 22 45 7 5 61 126 28 111 58 39 4 119 62 94 31 106 10 27 79 51 50 18 46 52 88 43 56 125 44 24 25 33 59 41 77 19 14 85 
61 4 96 78 94 53 35 109 101 44 128 25 105 71 60 103 113 40 67 127 70 82 107 87 65 111 55 97 31 27 21 15 73 19 18 69 34 125 49 48 88 54 83 119 122 86 17 41 77 79 30 8 32 104 106 12 10 50 72 29 84 37 110 92 98 68 76 95 123 26 91 112 120 5 90 121 7 108 14 89 47 116 126 28 22 2 51 11 74 75 99 23 81 6 52 85 45 63 118 33 117 20 13 56 80 114 24 3 38 46 36 57 59 42 16 93 124 43 100 115 102 58 64 39 66 9 62 1 
78 16 5 52 101 125 8 59 27 3 14 90 86 98 2 15 83 33 18 103 61 85 37 81 93 32 100 92 57 26 121 23 53 44 70 76 54 6 119 63 82 95 106 40 43 64 17 122 69 124 116 96 9 35 48 1 36 105 12 108 58 87 113 114 30 71 117 66 73 110 74 34 89 41 19 39 123 75 55 80 88 102 112 51 91 109 31 72 20 118 107 7 79 50 104 45 21 99 38 115 22 24 56 94 60 49 47 120 84 10 42 67 25 111 68 97 28 62 4 11 46 29 127 128 65 126 77 13 
105 86 84 50 80 21 104 100 43 81 68 88 94 106 10 98 42 70 91 78 127 90 96 119 87 2 108 46 82 23 71 17 56 66 102 75 120 126 47 59 18 121 33 32 72 115 45 74 117 48 64 8 61 124 79 4 25 111 73 125 67 95 40 103 13 109 52 76 51 29 69 118 63 110 83 53 26 5 36 107 28 122 97 62 128 19 24 34 116 112 89 60 65 85 7 77 57 44 9 54 58 27 15 35 6 39 93 41 99 92 37 14 55 16 101 30 22 1 114 123 20 11 38 49 3 31 12 113 
97 16 83 80 47 81 121 13 50 55 123 99 23 38 108 46 88 1 63 118 73 78 29 6 120 34 75 62 95 19 57 116 15 53 92 51 71 8 110 124 10 128 12 26 105 87 114 112 101 69 21 59 115 28 20 42 79 43 111 70 100 122 67 91 32 65 113 90 9 96 3 64 72 126 48 7 66 35 25 2 60 31 18 77 4 84 127 41 86 117 89 94 14 68 5 11 27 61 119 104 22 40 17 85 52 30 76 58 39 98 102 33 103 37 109 93 74 56 107 24 82 36 125 49 45 54 44 106 
86 99 7 25 60 52 53 79 58 117 92 50 15 13 55 120 12 111 83 64 95 8 10 27 29 42 34 6 75 35 37 109 89 28 108 9 47 84 72 51 26 85 78 69 80 20 100 123 113 103 23 61 21 36 94 102 128 98 68 110 112 106 104 44 107 17 127 74 81 30 119 124 48 45 57 90 3 1 2 56 62 33 105 54 19 91 66 126 59 18 32 87 46 5 24 22 93 70 39 96 77 76 114 67 82 41 16 49 63 40 31 118 115 125 71 73 11 101 122 121 116 65 97 4 14 43 88 38 
81 24 68 15 124 123 88 25 113 96 45 42 104 12 71 92 70 39 59 2 69 3 50 55 60 98 6 34 78 82 99 108 30 118 10 7 31 22 107 66 79 35 11 83 62 67 119 121 19 1 114 33 125 26 64 89 128 75 21 23 57 27 9 126 86 115 48 91 111 20 8 117 52 102 106 37 97 73 76 116 84 100 56 110 18 32 112 122 120 5 127 13 94 103 74 65 41 16 101 95 54 53 28 87 80 43 46 109 38 36 93 105 63 4 90 49 44 17 14 61 40 47 77 85 58 29 72 51 
124 110 113 104 97 94 24 26 45 101 102 51 90 37 103 35 19 42 73 77 63 85 116 3 121 128 57 123 46 54 41 106 38 95 82 89 48 80 86 32 122 126 43 87 17 105 49 108 15 5 91 50 6 8 62 10 70 61 83 22 28 34 56 7 11 30 29 99 115 65 84 93 76 78 68 27 88 75 112 59 2 33 20 21 66 111 1 71 23 16 81 72 4 74 125 14 18 127 119 69 31 47 98 120 118 25 79 109 39 114 100 107 52 96 55 40 13 53 67 44 9 117 92 64 12 60 36 58 
18 121 96 101 113 16 39 20 32 45 23 27 26 50 64 19 17 61 40 79 11 128 93 51 115 8 87 12 105 44 30 6 4 38 82 126 119 47 94 70 111 2 110 74 97 63 53 75 69 81 127 68 29 77 123 60 62 1 108 58 80 118 85 124 56 49 120 72 34 28 3 25 92 24 21 31 36 59 48 35 66 41 95 57 71 37 102 46 73 88 122 114 117 43 5 107 22 55 103 78 65 14 42 52 106 10 84 54 67 33 99 109 104 7 76 91 89 125 116 15 90 100 9 13 112 98 86 83 
64 68 87 122 101 34 44 107 1 91 120 66 37 127 17 51 31 40 25 11 52 70 63 6 85 50 75 43 45 109 112 65 92 125 18 123 72 15 116 61 21 67 59 76 124 80 55 2 73 99 33 32 118 28 93 42 3 57 95 39 12 96 111 71 58 84 97 78 100 9 41 19 77 8 46 69 23 108 62 47 126 117 60 56 54 81 86 94 82 105 20 35 10 38 36 106 113 27 102 7 49 110 121 104 98 14 26 79 53 89 13 115 128 90 103 22 29 74 48 83 24 30 119 4 88 114 5 16 
108 52 30 46 31 21 87 90 59 62 88 102 77 34 42 48 122 127 128 29 27 121 2 12 15 66 3 82 39 97 123 116 35 37 105 83 26 33 53 93 104 55 61 63 106 68 5 47 81 96 89 23 51 67 99 60 40 114 103 71 69 25 10 57 64 98 50 107 85 117 76 124 13 118 95 94 11 45 109 9 125 17 1 49 86 101 120 4 74 14 16 75 32 65 111 44 115 7 43 28 22 19 91 70 24 113 84 80 18 119 110 20 126 38 112 79 58 54 92 41 36 6 8 73 78 100 72 56 
85 103 34 105 52 94 6 127 75 14 24 56 17 58 118 10 71 128 20 32 53 88 55 93 27 25 92 78 70 46 19 122 84 116 48 97 125 39 107 12 30 23 62 22 120 37 66 65 72 38 100 121 83 77 73 104 114 110 67 42 68 13 119 89 64 113 49 43 87 91 29 16 1 50 124 5 41 126 96 7 99 82 79 9 2 98 61 59 95 21 4 57 47 108 44 15 81 115 109 102 35 31 74 111 106 28 90 60 26 45 80 117 101 123 51 18 76 8 86 112 3 40 11 69 63 36 33 54 
61 50 126 23 39 7 70 3 104 62 17 74 76 107 80 116 77 100 9 97 26 10 115 79 83 1 25 57 19 103 98 46 36 81 58 120 43 105 66 29 8 44 59 48 56 73 21 101 127 12 89 35 24 118 51 110 114 55 16 13 112 4 6 31 128 49 34 30 117 87 65 109 106 40 18 94 47 82 111 68 38 15 113 60 93 122 67 119 45 125 95 20 85 2 96 86 33 121 37 92 27 75 53 69 102 32 41 54 90 108 28 71 22 11 5 78 124 99 42 72 91 52 88 64 123 63 14 84 
16 22 100 104 47 75 73 31 70 91 65 43 51 52 89 33 127 81 66 90 34 68 5 59 84 53 58 57 85 102 74 106 110 46 95 38 86 82 112 7 15 11 123 122 64 69 96 36 88 27 93 42 60 49 121 67 72 124 77 2 115 17 76 111 114 10 116 24 29 55 37 21 92 80 98 94 105 48 6 8 63 32 78 107 3 109 83 18 44 120 113 12 99 62 13 54 19 87 79 118 26 30 71 125 97 25 126 28 56 119 45 103 35 23 41 14 39 117 40 20 50 4 128 9 61 1 101 108 
126 49 88 35 24 18 34 28 114 16 77 5 45 33 116 73 58 79 4 101 121 99 54 69 60 127 61 25 42 44 53 93 68 50 94 119 51 9 98 75 97 66 112 81 83 109 2 103 120 71 46 117 26 102 17 1 39 90 15 30 11 27 62 72 113 118 123 108 128 115 91 52 22 76 40 31 41 20 6 14 43 78 89 85 12 96 36 82 64 65 106 87 57 125 23 110 37 38 86 63 3 48 122 7 10 55 124 8 74 100 59 105 107 80 47 67 111 70 21 56 13 32 95 92 29 104 19 84 
126 96 11 57 111 121 114 116 70 45 21 95 68 3 35 55 17 1 6 91 86 84 13 88 64 14 23 22 103 83 123 59 119 109 61 43 60 117 82 5 58 87 25 100 107 63 71 62 40 99 89 24 31 18 94 56 112 28 128 105 47 42 67 81 27 66 101 20 32 50 7 106 49 120 12 92 4 51 46 44 38 110 15 19 78 118 34 125 93 77 72 90 80 53 122 48 124 52 85 33 36 26 39 127 54 29 73 69 115 75 8 2 10 74 41 9 104 37 97 113 65 16 102 98 108 76 30 79 
39 112 123 102 89 71 114 30 42 93 83 65 52 44 64 69 106 47 33 95 122 10 28 117 87 15 13 34 8 108 2 105 54 74 119 11 126 110 37 80 16 120 58 31 73 46 72 55 20 103 91 50 96 3 101 23 125 76 61 6 78 25 121 98 1 49 5 18 14 24 84 107 59 113 51 4 45 66 86 94 115 128 53 70 88 67 19 32 100 38 40 92 9 7 56 35 90 21 12 118 127 109 104 29 27 68 81 17 60 97 77 48 63 62 41 111 82 124 116 75 26 57 79 22 99 36 85 43 
22 119 27 92 88 86 68 38 29 66 81 90 15 17 83 97 105 24 20 60 33 25 122 67 126 45 116 3 46 23 11 74 73 19 8 52 59 44 61 96 82 63 9 37 50 102 4 36 95 125 21 84 107 35 104 78 128 124 113 85 80 87 93 10 51 2 121 79 108 1 6 41 110 16 70 62 30 98 32 43 109 118 48 55 31 94 53 71 34 18 69 13 76 114 120 5 40 42 117 99 12 111 65 39 64 89 75 112 56 7 14 57 49 100 103 91 106 127 77 47 58 101 72 28 26 123 115 54 
1 4 56 88 60 84 100 86 69 54 45 74 32 89 70 17 11 72 113 121 110 108 75 64 25 49 65 22 87 66 44 14 120 57 43 124 21 8 35 47 92 77 116 48 26 18 31 99 95 59 58 61 40 105 12 125 42 29 119 73 107 112 39 104 97 102 37 28 109 33 51 82 118 68 36 76 128 5 90 10 80 19 94 93 127 53 123 115 34 96 15 85 83 79 46 81 24 30 101 111 91 62 16 20 114 9 7 103 122 41 52 106 78 126 3 71 67 55 63 38 27 23 13 98 6 50 117 2 
66 17 112 52 5 78 94 43 103 44 95 2 55 67 61 124 38 96 10 108 19 7 34 128 1 25 27 119 9 37 106 81 86 4 114 88 29 49 8 22 45 28 100 57 24 101 59 3 48 92 126 102 53 76 87 97 31 20 64 105 60 73 82 79 58 115 74 30 12 39 62 107 118 35 75 71 113 63 116 72 26 90 16 127 120 23 98 125 36 89 32 47 15 6 68 41 42 70 104 11 14 84 111 56 18 121 50 91 54 33 109 122 83 51 69 123 99 40 21 46 85 13 117 65 110 80 93 77 
9 15 119 26 125 29 128 3 14 69 63 61 101 27 2 7 81 109 98 72 107 59 19 37 23 110 114 4 108 116 93 120 36 85 91 39 94 34 60 105 99 56 112 111 66 54 106 22 67 51 73 79 89 8 64 102 78 48 122 97 12 62 42 52 77 25 16 53 35 123 104 50 80 88 118 76 41 40 121 84 127 100 71 20 10 33 96 115 30 44 45 95 28 70 86 124 126 5 21 46 47 83 117 90 24 11 58 6 103 1 31 92 49 82 65 55 13 87 18 17 38 57 68 74 32 75 113 43 
16 60 68 98 29 114 37 50 58 126 61 14 26 53 72 79 105 66 11 41 113 52 86 47 4 10 15 117 99 110 6 43 12 17 30 2 69 111 5 97 107 108 80 8 40 20 125 73 36 19 120 45 70 39 121 71 67 27 82 124 96 76 127 44 91 83 85 84 49 32 74 56 87 116 62 64 35 81 51 95 128 18 38 57 65 101 22 9 122 3 21 34 89 59 33 103 1 23 78 54 90 48 25 63 42 28 123 109 118 77 13 24 55 92 75 104 106 119 46 94 115 93 100 31 112 7 88 102 
4 59 116 74 43 89 42 110 22 82 105 127 88 35 15 24 119 94 47 26 83 51 10 11 55 73 80 81 70 121 54 122 7 41 107 21 102 6 123 13 75 96 39 29 72 62 40 78 126 37 84 36 77 45 98 85 79 92 125 69 100 68 115 20 61 99 101 108 93 28 57 64 50 97 53 63 52 128 16 31 124 90 14 67 8 109 27 19 49 5 66 65 76 118 33 71 60 38 112 48 12 86 3 114 111 103 17 95 44 1 87 117 58 34 32 18 56 23 106 30 104 91 113 9 2 25 46 120 
122 9 21 91 75 45 61 5 22 79 54 95 49 67 16 110 68 86 27 92 89 108 78 84 6 127 39 18 36 34 47 2 65 76 98 31 42 32 107 93 81 46 87 124 116 106 105 10 118 17 82 123 26 29 64 83 25 117 37 66 74 109 28 58 19 43 35 11 50 13 71 73 62 90 63 115 128 40 55 59 99 111 112 44 38 3 15 114 113 80 60 104 14 121 120 8 103 72 69 53 85 57 51 102 20 126 1 96 119 23 70 33 101 77 30 88 52 48 125 97 4 100 7 41 24 94 12 56 
117 115 4 14 54 8 34 60 67 121 96 32 31 112 37 51 127 95 19 107 12 20 6 24 35 65 64 120 43 111 77 113 10 36 58 17 21 79 124 69 97 48 123 11 99 82 22 89 27 81 83 90 71 57 3 116 39 18 104 7 122 45 46 38 23 5 85 103 100 33 76 75 78 98 15 56 72 47 110 86 88 63 74 91 53 50 84 29 41 108 30 13 28 52 26 94 118 62 128 55 106 87 44 125 126 68 73 66 40 93 25 70 105 1 119 42 61 9 59 92 2 49 101 114 102 109 16 80 
39 34 49 46 65 19 58 106 73 40 77 107 93 103 67 102 124 98 30 23 24 127 59 47 90 118 69 99 94 96 53 9 76 88 7 113 3 21 2 105 87 116 16 109 68 15 41 95 27 44 43 72 38 4 125 111 89 97 6 31 82 22 61 84 18 121 28 104 115 10 32 20 13 128 17 45 54 57 86 36 37 35 50 123 74 70 119 80 101 63 91 114 26 60 126 1 110 56 25 29 8 79 81 66 92 85 122 55 12 62 48 42 75 33 100 117 112 11 52 78 5 64 71 120 108 14 51 83 
30 51 77 65 109 88 98 23 22 122 19 84 97 28 116 31 127 1 70 55 120 4 79 99 95 52 41 14 24 9 36 85 48 40 82 18 45 74 101 68 94 11 47 118 61 7 100 42 71 5 37 87 69 3 104 29 119 33 83 106 53 35 56 34 38 43 10 50 103 105 63 102 39 66 25 72 89 17 54 107 124 80 123 49 92 125 73 117 115 20 126 13 6 58 8 46 91 44 76 15 111 96 16 62 21 32 81 90 12 2 64 75 108 121 59 57 110 114 93 128 67 112 60 26 86 78 27 113 
49 37 12 128 68 108 45 70 22 117 35 69 48 28 57 76 127 39 75 4 26 66 56 41 115 5 78 120 83 99 18 24 42 20 97 65 107 34 103 100 46 122 32 89 8 17 59 47 105 27 106 72 63 30 29 104 95 74 55 126 92 90 21 36 125 31 110 102 2 77 61 84 58 96 40 64 52 67 85 53 25 16 124 87 121 98 62 118 43 7 86 93 44 6 88 10 1 94 13 81 80 123 14 119 11 15 9 38 60 109 116 82 23 51 50 112 114 79 3 101 113 91 19 33 111 73 71 54 
90 95 23 7 10 93 106 67 8 69 79 16 14 59 18 26 88 11 30 66 70 105 31 87 51 53 126 118 82 56 109 97 37 42 73 25 28 4 86 12 120 100 115 96 81 52 29 60 6 104 43 94 24 102 74 110 127 32 21 64 75 9 112 114 57 101 40 50 80 5 38 68 119 99 107 84 71 76 58 17 123 121 128 72 62 98 108 113 111 61 117 20 2 83 125 19 122 27 49 13 89 46 103 34 92 78 15 33 35 63 124 36 44 47 91 45 55 22 3 116 41 48 1 39 77 85 65 54 
66 88 15 28 109 125 11 59 128 2 49 116 19 98 101 9 35 103 78 64 58 52 124 111 83 86 81 112 25 32 3 123 100 87 96 79 16 34 126 105 8 89 7 119 47 20 60 40 67 12 55 117 77 115 118 1 30 75 36 65 68 5 120 76 21 13 104 95 10 62 106 17 74 94 56 22 23 31 39 41 14 46 50 122 45 97 26 54 43 102 72 99 38 37 6 51 108 113 42 93 63 44 92 4 114 82 48 127 27 90 70 57 110 29 85 107 84 24 80 61 91 121 69 18 73 33 71 53 
2 96 102 91 55 20 34 82 85 65 77 66 90 26 93 80 52 120 86 113 78 37 74 69 103 100 94 36 16 126 42 75 116 35 9 6 95 27 47 124 68 117 123 76 114 73 1 125 111 15 88 104 33 49 112 50 31 122 99 8 60 5 106 128 84 105 70 71 48 41 127 121 53 81 107 40 58 28 64 98 4 32 14 30 54 7 44 57 24 61 59 83 72 56 11 101 63 22 3 67 108 79 109 23 115 118 10 39 46 43 89 110 45 92 29 12 21 18 51 25 97 62 17 119 87 38 13 19 
51 74 33 107 126 125 124 70 4 82 27 100 94 106 30 98 118 127 122 16 109 22 42 117 37 103 92 36 53 116 23 114 21 71 38 1 44 87 31 76 55 54 67 79 7 43 88 108 25 75 90 5 99 18 93 34 24 63 64 60 10 105 97 59 115 89 86 96 26 50 104 61 2 52 110 14 46 11 47 111 19 9 102 81 6 77 83 13 40 120 123 29 119 56 20 84 32 49 69 68 72 39 78 95 41 85 112 121 62 35 101 80 8 48 15 91 128 113 66 58 17 12 65 57 73 28 3 45 
108 45 55 67 46 53 64 84 98 122 50 37 47 101 36 52 2 80 33 59 116 21 56 88 18 62 109 7 58 112 94 49 91 63 12 104 10 23 110 123 9 31 19 113 124 105 103 95 71 100 26 51 27 8 20 32 14 77 117 86 114 1 39 78 99 17 118 126 102 120 48 79 119 60 25 115 15 43 69 42 125 40 96 121 89 87 74 6 13 22 44 57 76 65 107 34 83 93 61 68 72 73 66 30 128 24 97 111 127 90 75 70 38 28 82 3 41 35 5 4 106 54 29 16 85 11 81 92 
15 23 55 33 91 54 101 105 108 82 39 53 77 114 9 10 103 38 68 104 16 112 99 83 32 80 44 3 78 19 17 24 25 48 47 8 70 65 67 64 18 42 106 58 102 40 86 41 73 26 116 96 126 117 74 127 14 75 2 125 49 120 28 34 37 50 22 100 61 97 31 88 43 94 122 21 113 84 27 20 79 92 36 4 51 93 5 107 89 66 115 71 1 60 85 30 124 57 128 59 118 62 123 52 45 119 95 11 35 56 29 46 72 6 69 13 109 90 76 110 81 87 121 12 98 7 111 63 
48 114 91 107 15 74 21 92 109 17 5 56 8 67 46 35 40 71 3 10 58 38 57 95 13 22 50 84 82 75 53 117 72 94 88 33 124 85 44 31 98 20 122 39 93 120 36 77 121 108 87 52 29 1 43 100 127 101 34 106 83 45 81 69 59 66 47 118 104 90 30 16 62 73 24 96 41 125 12 37 110 119 25 113 60 14 115 32 116 68 79 126 55 97 63 2 6 18 103 102 4 26 70 54 86 65 76 123 80 78 19 11 9 23 7 42 61 111 105 128 28 64 99 27 49 51 112 89 
70 29 15 90 99 57 124 59 110 121 48 9 87 6 32 18 118 78 69 36 43 82 27 93 41 88 35 85 80 55 60 17 63 58 61 113 116 127 38 95 7 128 14 51 123 28 24 109 26 101 68 73 23 64 39 75 94 42 106 5 19 44 122 1 77 76 34 47 33 117 126 46 89 81 92 40 105 25 66 54 10 71 45 112 8 104 91 11 3 120 53 2 31 50 83 62 56 114 13 12 119 49 21 125 16 103 72 74 22 108 107 111 97 67 98 65 30 84 20 115 96 4 52 100 102 79 37 86 
122 43 72 62 114 60 77 68 22 88 57 63 120 105 75 96 79 26 76 32 71 117 90 34 107 40 35 45 121 83 36 38 113 78 93 55 92 127 6 97 41 112 42 28 87 9 89 98 70 17 49 128 91 20 46 1 85 11 29 31 12 47 52 61 65 19 74 18 4 3 27 30 111 10 51 82 39 103 59 2 48 104 116 25 80 64 15 108 37 24 23 95 13 21 81 16 118 73 14 53 69 56 44 124 110 84 54 86 106 123 125 100 5 8 119 50 94 58 67 7 126 33 99 101 115 102 66 109 
17 80 33 54 96 43 107 77 13 92 15 64 125 4 42 49 37 56 25 57 108 12 119 72 111 93 52 122 106 55 19 59 109 53 39 35 27 87 98 8 95 85 100 36 124 63 66 102 112 30 123 89 62 94 31 67 120 47 50 18 16 2 61 5 91 103 7 110 74 11 70 1 34 38 117 86 21 22 48 24 40 23 20 65 116 3 115 44 32 58 41 29 45 81 82 114 73 60 128 69 105 83 68 104 90 79 9 75 14 126 26 46 28 101 99 10 118 71 78 121 51 127 97 6 113 76 84 88 
37 14 112 74 4 121 84 7 20 86 45 122 78 100 105 49 2 97 60 65 66 34 53 59 90 42 118 50 110 106 127 32 39 6 29 88 8 62 94 92 24 104 128 9 116 83 36 123 11 75 72 57 18 126 99 19 56 69 22 10 13 120 63 21 23 85 114 77 28 27 61 64 82 31 33 52 89 17 70 103 48 41 3 67 95 71 44 47 107 40 101 109 15 5 93 117 119 55 26 1 51 46 115 108 80 58 87 73 35 25 96 124 125 81 38 43 79 102 12 76 30 68 16 98 111 113 54 91 
114 76 31 97 1 99 61 95 121 77 66 43 24 116 107 53 65 33 94 84 51 39 59 98 64 74 26 35 123 110 93 42 67 111 73 122 54 25 28 22 63 72 70 104 115 6 55 69 15 37 18 85 4 103 7 29 78 49 58 14 88 113 13 102 62 120 109 106 75 112 128 108 10 50 119 87 56 127 125 91 27 38 48 68 41 32 16 89 47 96 46 92 117 45 5 124 71 21 9 40 100 3 44 17 19 30 34 36 12 80 105 60 79 20 82 52 23 2 126 101 90 57 83 86 8 81 118 11 
116 3 16 74 96 126 46 71 68 19 22 99 123 120 48 59 5 47 94 28 61 21 58 60 86 18 2 79 56 127 53 73 70 26 101 35 107 57 104 44 100 77 90 113 97 41 55 110 78 88 114 30 111 69 80 109 43 128 102 108 4 20 117 50 76 124 82 125 75 87 11 66 39 105 92 93 103 54 119 83 31 34 89 1 40 14 36 12 91 106 27 8 118 64 84 112 17 45 25 85 98 67 38 13 29 51 49 24 6 122 63 121 33 7 72 32 37 62 15 115 10 52 23 95 65 81 9 42 
80 52 119 65 49 122 68 128 50 34 73 21 126 62 92 39 79 118 100 33 103 61 85 54 2 81 98 27 76 53 75 74 15 18 102 4 29 46 84 78 109 23 7 57 64 32 121 63 26 101 87 20 120 28 48 31 95 6 12 116 104 10 11 96 90 105 99 1 19 37 110 16 127 91 107 111 113 66 22 67 72 41 56 71 86 47 70 36 9 24 108 124 94 5 30 82 3 112 77 97 114 115 83 59 14 43 69 35 89 117 88 123 38 25 45 17 51 58 40 8 55 93 44 13 42 125 106 60 
74 77 61 60 43 13 29 27 106 110 126 94 76 121 99 123 35 108 122 97 65 38 102 105 26 55 116 103 51 5 64 49 118 8 18 84 70 93 72 112 15 56 119 12 21 23 75 83 31 40 85 87 14 33 88 127 71 124 66 3 50 101 100 63 34 89 17 44 120 73 67 32 69 91 19 95 104 78 117 28 114 4 45 6 68 80 48 109 54 128 42 86 47 25 22 98 81 59 111 115 30 10 52 96 24 41 90 2 79 107 62 36 57 9 46 7 11 125 39 58 1 92 37 82 53 113 20 16 
68 92 19 55 126 63 18 37 61 26 113 13 100 123 53 110 20 74 85 42 22 62 45 90 52 104 102 94 69 39 32 111 40 21 93 25 107 60 8 27 34 35 98 116 3 78 33 57 83 49 80 87 108 103 54 5 66 112 75 65 1 30 46 86 64 31 101 81 125 96 91 79 67 119 59 99 89 9 10 121 29 128 120 15 7 124 16 82 2 118 70 47 4 41 72 48 109 36 43 77 84 71 28 23 12 24 38 17 106 88 114 44 76 14 105 97 58 56 11 6 122 73 95 115 51 50 127 117 
59 62 83 29 123 33 60 53 16 112 19 51 4 92 2 100 74 40 107 61 128 1 77 111 116 34 63 98 58 85 14 87 103 99 49 84 24 42 94 18 26 31 104 66 55 105 81 95 115 69 39 67 11 27 54 89 73 32 47 70 13 35 38 120 97 12 36 78 8 23 114 71 28 109 127 9 44 46 3 125 41 20 122 79 76 10 22 80 50 101 30 82 102 17 68 86 64 117 37 113 88 121 21 75 6 43 65 119 5 91 96 72 93 108 57 48 52 110 56 45 25 15 106 126 124 118 7 90 
27 93 121 1 19 80 68 87 26 69 48 63 29 116 24 38 112 2 61 49 62 33 97 86 37 5 99 31 44 96 91 81 41 45 25 109 125 71 42 74 12 11 17 3 59 66 78 113 115 65 114 51 10 118 126 123 67 106 89 57 107 103 8 98 52 50 22 18 56 53 60 84 79 120 92 119 23 35 127 43 102 58 72 20 36 34 82 122 75 117 88 77 73 16 40 83 55 6 13 104 124 95 64 15 70 14 94 21 7 111 47 85 54 32 9 4 105 39 110 100 101 90 30 28 108 46 76 128 
26 6 39 45 53 16 42 97 48 57 58 99 55 20 76 49 69 107 111 100 37 116 67 78 25 1 41 24 122 66 83 125 54 22 19 18 38 11 126 7 75 29 30 105 79 110 90 59 120 124 74 68 52 87 2 31 104 44 113 10 51 70 27 117 36 89 21 123 71 28 43 85 112 65 108 84 62 127 5 14 109 9 73 119 61 93 23 17 13 91 94 47 128 64 95 32 72 82 101 63 115 46 4 8 118 50 56 103 3 34 15 33 96 92 88 77 106 81 35 12 98 40 102 60 114 121 80 86 
114 125 48 51 69 19 40 9 76 92 34 81 98 90 62 35 38 52 73 27 106 22 5 6 47 105 116 17 126 3 59 96 56 61 83 45 33 127 57 24 118 60 88 122 74 54 91 121 93 12 42 124 23 63 14 36 111 117 68 79 18 108 13 84 4 115 94 10 16 77 2 64 104 72 49 28 67 21 65 44 78 110 119 113 128 1 29 32 71 89 87 95 112 31 20 30 43 85 37 123 107 46 86 99 97 103 70 100 120 58 109 7 50 102 75 11 55 26 80 101 15 39 82 41 66 8 53 25 
108 128 36 9 18 110 29 25 89 54 42 69 106 38 102 91 73 79 37 107 49 43 31 121 125 72 96 26 66 113 15 51 103 78 104 46 80 30 32 53 68 81 47 65 55 41 63 100 90 70 117 76 118 6 50 111 61 98 127 88 56 48 109 7 94 116 52 60 2 23 28 71 114 87 115 19 5 95 8 4 124 74 85 3 112 126 57 84 58 40 27 35 45 120 62 75 22 101 39 21 92 64 14 123 12 105 86 119 97 33 13 17 10 99 16 122 77 1 20 11 82 67 24 44 34 59 93 83 
120 12 56 28 106 20 27 52 95 102 60 62 48 44 17 68 93 65 88 13 115 80 32 103 42 25 87 84 99 58 101 39 21 128 75 82 10 111 109 14 26 116 125 122 86 123 51 127 11 45 43 23 117 36 89 24 64 9 112 92 4 55 38 69 54 1 22 91 119 77 81 107 59 31 70 53 110 96 16 100 104 8 35 49 18 74 3 85 72 98 30 114 90 73 5 15 121 57 78 34 41 124 105 29 79 71 61 66 126 37 33 67 19 50 83 118 2 47 6 40 63 113 97 46 108 7 76 94 
104 63 45 72 127 40 21 87 29 30 6 79 59 118 84 96 12 64 44 103 51 124 74 61 71 89 49 39 10 66 114 18 42 17 5 11 119 43 46 36 37 126 73 1 85 77 68 8 33 86 19 15 32 98 38 58 54 105 117 7 125 25 2 94 99 22 76 50 47 128 67 91 62 107 4 109 111 81 9 20 60 106 101 108 97 120 24 95 57 35 78 31 13 92 83 53 93 110 55 80 123 102 16 122 88 121 112 14 28 65 90 52 116 41 70 34 3 69 75 82 27 26 100 48 113 56 23 115 
36 81 89 66 122 93 61 10 39 7 24 3 76 31 90 106 57 95 84 100 17 101 52 56 53 5 1 12 88 109 119 40 4 11 20 16 117 107 41 45 35 14 80 28 6 105 86 19 62 111 70 77 22 108 48 85 127 118 32 65 54 59 23 82 50 33 30 9 114 27 120 68 116 25 115 34 15 83 125 96 38 123 29 102 104 64 128 58 42 49 99 37 44 97 79 69 74 124 43 47 71 13 26 67 126 60 110 98 94 112 8 51 78 73 113 75 103 63 91 46 87 55 72 21 2 121 18 92 
5 11 63 123 111 59 64 37 17 65 45 15 48 96 13 83 8 93 23 107 71 112 115 18 42 67 9 32 39 117 101 90 24 6 7 73 79 95 108 69 85 87 109 126 29 2 62 46 86 22 35 78 40 44 113 118 116 121 99 92 128 103 104 50 119 76 77 88 82 114 66 16 4 100 21 38 20 33 60 25 51 61 1 72 3 81 26 102 106 80 110 98 28 124 27 14 49 12 30 19 41 54 122 36 120 10 31 91 84 125 55 97 68 43 75 127 89 94 53 57 58 74 34 52 56 70 47 105 
31 120 1 46 20 3 12 83 70 103 106 92 93 34 49 59 26 25 40 113 30 5 23 75 78 18 22 116 42 111 17 45 8 44 112 79 35 48 51 84 55 127 96 77 21 128 94 61 58 67 99 52 14 119 39 73 4 56 98 47 13 110 105 74 97 62 9 114 122 108 50 125 28 90 115 69 100 33 121 66 15 126 37 87 76 6 81 109 72 64 71 101 10 43 117 38 16 102 86 53 7 57 89 2 32 27 54 95 91 41 123 11 118 80 19 82 29 36 24 124 65 60 107 88 85 104 63 68 
80 47 25 118 51 121 49 71 57 97 15 18 78 115 21 127 86 103 46 28 124 91 44 11 88 22 76 8 87 75 54 27 95 93 125 53 98 39 34 10 56 64 24 55 52 12 23 26 41 117 17 3 20 62 45 59 107 29 114 70 128 68 43 100 66 99 42 4 1 83 6 48 102 77 32 37 81 16 13 33 9 65 108 123 119 94 19 74 60 82 116 122 104 120 85 40 101 72 61 50 30 96 63 110 36 113 112 69 35 92 106 111 38 90 67 89 58 126 79 14 73 31 109 7 84 5 105 2 
97 71 113 7 62 16 95 105 107 40 53 106 61 36 54 9 18 55 81 19 45 63 117 12 57 73 119 96 25 89 3 51 115 94 26 31 111 42 48 50 66 11 102 92 13 30 84 116 77 87 122 98 6 80 110 22 28 47 33 27 2 88 128 49 90 10 101 29 4 68 39 52 34 38 126 85 118 124 74 72 121 23 8 5 64 99 86 109 127 21 78 32 91 104 67 79 60 76 70 103 100 114 46 58 41 35 17 93 112 44 82 59 14 43 37 20 24 1 108 65 15 69 56 83 125 75 123 120 
10 96 7 122 45 119 49 105 114 120 44 1 125 40 2 62 79 14 41 29 28 72 111 13 123 73 89 50 81 68 17 36 113 21 47 11 95 53 43 16 84 18 8 93 106 4 61 15 115 39 98 91 127 97 92 48 103 24 23 31 38 37 71 26 117 32 101 76 112 64 110 124 57 51 90 54 85 56 19 69 99 20 116 66 9 118 126 12 100 46 102 75 128 35 27 63 80 86 3 22 70 25 34 108 58 59 74 33 94 107 60 87 77 88 67 52 42 82 55 5 121 78 6 104 109 30 83 65 
17 12 80 19 121 103 66 76 30 106 71 67 86 89 127 88 101 107 22 87 11 49 125 98 84 25 109 39 118 97 92 23 73 90 18 32 93 4 53 58 14 63 77 50 2 5 40 45 31 47 69 7 55 65 105 79 72 123 8 54 115 119 38 81 68 41 126 28 29 35 100 15 122 20 128 62 33 78 94 51 117 34 1 61 36 42 99 24 59 56 110 48 96 26 57 108 37 85 95 44 82 112 75 27 114 60 102 46 120 9 74 13 70 64 16 10 111 91 113 6 104 43 116 124 52 21 83 3 
128 49 89 44 108 2 65 98 106 105 10 118 61 60 33 48 31 34 100 77 20 126 107 22 27 63 36 15 114 71 69 7 43 26 88 53 102 58 95 124 80 81 112 93 32 121 16 115 35 127 78 52 103 84 6 30 122 25 117 19 92 82 90 70 1 47 42 12 57 64 59 123 101 40 45 11 74 51 76 99 55 91 9 37 13 4 86 29 39 83 85 18 54 17 21 62 5 116 94 38 125 46 68 96 3 73 14 8 111 104 50 72 110 79 56 66 75 119 87 109 24 41 120 23 113 67 28 97 
80 92 12 5 43 28 76 42 19 85 114 109 51 9 48 119 20 1 121 100 66 50 10 55 3 70 101 23 22 113 95 78 58 47 18 75 77 4 8 6 36 60 16 127 79 126 87 82 39 125 62 45 26 31 30 84 49 65 11 97 88 34 71 108 128 33 102 74 81 91 122 106 17 98 93 115 57 68 41 107 24 124 110 117 72 29 59 69 2 7 94 103 32 35 86 99 64 61 56 46 25 111 13 104 73 44 67 96 112 63 52 14 83 21 53 118 37 123 120 15 105 38 116 89 40 90 54 27 
60 102 42 88 6 31 128 56 105 15 64 43 32 4 55 110 13 40 117 92 62 95 8 67 116 37 30 52 34 25 108 61 80 9 115 24 39 14 72 121 7 103 86 119 76 63 70 96 12 29 73 126 106 58 81 10 97 69 98 82 54 57 19 104 65 79 59 91 84 28 23 90 41 107 75 36 47 74 71 100 125 27 127 44 122 26 89 21 3 38 18 114 113 51 16 123 66 124 101 49 1 50 68 112 83 46 2 53 99 87 118 17 45 78 22 85 35 93 111 33 120 5 109 11 48 94 20 77 
12 7 18 94 120 54 41 39 29 47 88 9 111 128 109 24 53 126 65 127 1 80 118 49 13 26 20 6 78 63 73 114 102 16 112 77 64 25 28 110 79 38 99 85 89 60 56 125 52 93 123 68 42 67 87 19 35 31 82 74 121 71 122 44 115 95 50 30 5 27 14 108 57 4 51 48 124 113 36 75 45 116 17 32 10 84 58 117 2 11 103 72 83 119 97 69 15 55 59 86 46 22 104 21 100 61 101 90 23 33 96 34 92 40 43 107 37 62 91 76 98 8 81 106 66 105 3 70 
1 64 68 5 73 20 59 15 63 69 45 37 17 95 106 57 56 40 102 43 93 70 50 19 52 8 9 81 85 90 98 29 112 65 49 87 54 88 96 114 72 4 3 126 121 27 119 24 34 110 7 35 6 116 60 105 66 30 62 128 44 83 67 113 18 32 12 23 36 103 101 117 25 47 75 94 77 109 122 118 97 33 82 74 127 91 108 31 61 79 55 104 84 21 78 100 86 80 89 10 38 2 92 26 16 39 14 46 48 99 124 115 22 42 76 58 41 71 13 123 11 28 111 51 107 125 120 53 
22 15 70 88 10 43 50 26 74 44 81 19 69 37 126 24 17 40 79 123 25 116 119 2 1 82 87 12 89 63 76 84 46 54 31 71 112 28 3 72 5 102 103 14 21 91 60 18 115 75 61 101 110 53 96 117 73 124 83 66 7 120 105 30 97 13 42 39 11 47 114 35 56 6 48 51 23 109 94 38 125 9 52 8 104 99 85 34 33 111 20 27 113 98 86 55 68 36 93 121 4 107 49 16 80 59 127 118 65 45 29 122 32 62 100 57 58 106 128 78 77 90 92 64 95 41 108 67 
85 69 62 111 20 25 35 63 12 43 78 58 81 83 106 21 56 16 50 38 6 48 119 34 52 71 126 54 105 112 51 31 84 121 41 108 9 125 44 19 88 101 87 33 70 4 40 66 61 29 32 64 115 13 100 30 72 28 91 93 47 95 128 65 113 94 14 1 116 117 2 127 120 96 57 124 45 77 86 109 60 10 15 5 59 114 3 76 37 26 75 7 36 89 102 79 8 97 92 103 27 73 17 68 55 110 67 49 90 11 104 80 42 107 123 39 98 82 23 46 118 24 122 22 18 99 53 74 
84 58 97 1 99 85 40 79 9 46 34 101 29 102 8 21 56 115 41 6 20 5 94 106 64 17 61 30 75 47 49 122 74 25 51 104 28 13 60 77 23 57 67 37 66 22 50 39 3 73 93 59 54 108 10 98 27 4 128 52 78 107 2 63 71 81 33 42 48 127 117 45 12 119 113 19 118 110 111 92 88 103 68 32 86 82 114 116 120 125 96 31 7 109 14 70 55 65 87 18 36 26 11 76 44 100 126 15 24 62 90 53 69 16 35 121 105 91 83 124 80 95 123 112 43 89 38 72 
30 22 69 48 62 128 124 27 37 40 70 68 82 95 46 67 64 52 91 39 10 93 29 56 26 59 53 25 7 96 115 125 71 111 85 88 49 116 126 73 14 117 20 17 38 114 75 24 72 81 18 66 76 1 54 79 119 87 16 9 65 107 43 47 100 44 77 112 2 99 31 28 60 120 58 122 33 101 103 92 35 121 23 41 5 4 3 78 94 83 97 106 127 90 118 63 51 74 105 11 50 57 21 113 110 104 32 123 8 12 42 61 34 108 6 84 109 55 102 13 98 89 86 45 80 19 15 36 
31 13 120 11 74 36 111 32 72 104 54 45 106 112 122 50 8 109 42 61 40 95 71 82 118 65 18 100 9 24 46 81 107 105 99 25 94 77 38 83 14 68 6 52 85 29 121 113 43 73 124 57 116 92 103 26 119 23 127 56 66 101 5 20 19 87 41 51 27 110 4 102 47 62 30 48 80 39 84 69 7 123 1 2 108 75 59 33 93 35 10 15 58 60 89 128 126 53 86 76 98 12 70 44 28 114 115 64 34 37 97 22 90 63 88 21 78 96 55 125 91 3 49 17 67 16 79 117 
22 66 18 57 48 122 93 80 67 88 73 32 16 43 19 121 95 123 102 115 45 46 17 98 104 68 113 21 26 74 13 125 61 111 49 109 107 31 11 90 128 75 47 1 23 114 127 106 35 9 62 126 14 37 79 92 44 76 86 20 81 64 83 4 112 59 24 103 7 12 69 53 97 124 8 116 36 117 55 82 91 63 118 2 52 54 120 5 89 42 78 30 70 77 108 10 60 56 58 3 65 84 25 94 96 41 51 39 40 29 105 34 6 72 28 101 33 50 71 119 27 99 15 85 87 38 110 100 
17 69 34 67 43 50 86 25 70 76 71 13 37 96 117 20 110 14 82 109 112 66 42 61 77 5 59 124 92 23 87 3 84 45 115 122 98 72 120 107 10 30 16 46 81 113 31 100 106 65 99 64 116 105 85 4 24 91 57 18 7 119 111 74 28 11 6 33 54 19 73 15 89 29 35 51 22 40 1 38 126 104 95 2 127 53 56 79 60 102 97 55 123 80 52 101 68 75 49 47 62 58 41 9 88 36 78 63 118 8 125 21 83 114 32 103 121 93 48 12 94 26 39 27 128 108 90 44 
30 81 119 93 106 90 27 37 79 61 83 109 41 66 78 108 54 117 60 20 62 75 110 112 34 123 45 118 73 96 98 7 70 42 80 120 24 36 94 18 125 128 28 113 3 99 38 63 114 11 87 101 19 59 89 14 88 52 103 100 16 86 64 95 2 48 67 82 33 17 85 23 71 107 6 9 53 12 22 10 55 116 111 31 77 84 8 58 26 74 47 49 127 76 91 72 65 4 104 50 1 105 13 46 32 5 40 56 25 29 122 97 68 115 121 69 43 126 51 92 44 124 39 102 57 15 35 21 
49 5 13 113 51 111 11 57 42 109 36 64 22 107 86 48 39 21 2 24 122 123 33 79 91 95 120 117 76 98 3 121 103 72 60 28 96 7 116 44 6 85 99 18 1 66 61 34 10 69 63 35 110 45 32 65 93 55 90 27 88 52 41 67 17 50 37 31 115 19 114 106 20 80 75 127 87 16 84 112 92 58 29 71 54 94 70 62 126 30 8 59 14 119 4 104 124 47 101 125 128 100 77 40 23 9 81 102 38 82 12 43 105 46 15 118 89 74 108 56 83 78 73 68 97 25 53 26 
114 12 26 21 51 120 74 13 20 55 61 44 56 60 73 31 116 53 43 84 54 89 76 108 10 70 88 7 87 33 100 16 42 105 121 97 118 32 34 41 8 113 94 17 67 104 98 4 35 80 77 99 96 71 45 101 47 23 117 63 39 22 82 64 40 128 102 57 122 25 28 69 112 59 79 48 46 124 90 30 14 37 29 27 91 1 119 106 86 93 49 15 83 11 78 3 38 19 6 52 2 115 126 110 107 58 109 24 66 5 111 72 123 9 65 103 18 36 68 50 75 92 62 95 125 81 127 85 
71 69 127 16 110 76 10 96 31 50 92 121 104 81 100 120 3 77 95 11 12 8 75 21 53 6 122 33 45 34 79 85 124 123 9 105 113 23 17 97 117 84 43 28 60 107 56 99 2 36 47 111 112 13 128 62 98 86 87 49 19 70 126 65 4 78 1 74 14 59 61 18 39 55 29 54 15 116 106 41 46 51 35 40 42 68 83 67 125 82 73 66 5 118 38 94 25 37 102 57 52 109 88 64 32 44 115 22 80 27 48 103 7 119 101 89 90 30 93 91 58 24 20 108 72 26 114 63 
117 3 90 52 119 15 17 45 1 35 50 20 38 2 13 107 56 51 18 125 109 23 36 105 61 115 44 10 74 59 54 58 126 42 73 28 71 32 9 69 25 72 122 99 65 113 63 110 127 8 80 83 55 19 84 57 5 124 86 88 100 6 116 14 114 66 39 75 68 27 85 47 104 21 49 70 37 48 12 24 98 22 93 94 121 87 120 31 108 102 123 60 97 40 33 30 4 128 43 16 112 89 103 53 96 41 64 95 34 76 91 82 67 79 62 106 26 29 11 7 111 46 77 78 92 118 81 101 
84 105 59 17 120 106 6 77 109 37 27 41 94 5 97 55 24 54 18 107 2 100 45 40 127 93 13 26 86 123 103 3 47 101 48 69 9 1 78 75 111 119 96 62 72 121 81 30 79 57 92 80 63 31 90 122 95 104 32 22 53 44 50 113 11 67 128 98 28 38 108 39 34 36 25 118 112 60 110 43 102 10 82 117 91 116 12 8 89 4 71 29 115 42 58 126 88 64 66 87 51 68 23 15 85 125 124 61 20 74 49 35 83 33 70 46 52 14 19 65 7 99 16 21 73 76 56 114 
75 90 45 126 61 84 74 117 115 107 111 22 72 4 44 21 56 112 66 118 91 99 103 14 29 58 27 5 98 123 1 43 60 28 59 55 23 93 19 35 53 106 89 83 20 25 100 32 108 37 120 6 41 85 113 125 86 104 128 16 121 34 11 80 101 36 46 52 42 109 67 81 96 30 13 39 54 97 2 49 124 73 63 48 47 8 79 40 77 88 7 57 87 69 94 127 110 76 116 3 26 114 92 24 62 95 78 65 70 9 71 31 18 119 64 17 68 51 82 102 50 38 12 105 15 33 122 10 
81 17 83 74 86 22 1 9 71 123 51 124 48 61 23 8 68 49 28 47 65 24 10 88 50 56 91 105 34 63 79 60 36 59 107 76 4 72 52 11 100 53 128 89 92 117 35 45 96 80 16 41 95 90 58 2 37 54 29 82 62 39 33 78 114 6 112 18 77 122 3 104 121 127 111 14 21 70 7 19 64 102 31 118 26 110 108 109 113 120 67 87 42 55 40 98 116 97 115 69 93 85 25 66 12 75 103 20 126 73 94 99 13 101 38 5 84 32 119 15 30 57 27 106 125 43 44 46 
116 17 42 88 25 115 50 3 67 35 90 45 73 7 21 33 30 40 20 121 48 6 107 69 28 97 76 84 122 75 114 36 86 14 46 112 82 49 47 127 31 13 26 78 57 23 64 22 80 85 72 63 128 54 71 19 9 104 125 8 62 52 18 124 2 29 87 55 102 123 99 119 39 56 53 27 60 12 41 108 68 79 83 126 98 24 10 32 95 101 66 117 15 16 38 70 109 5 58 111 103 89 44 51 93 120 94 100 105 74 43 118 61 91 1 11 34 77 59 65 81 106 4 110 92 113 37 96 
85 37 71 48 4 75 14 47 41 61 65 35 102 63 67 12 43 57 11 72 34 45 104 127 124 59 119 80 114 120 78 23 123 126 17 50 98 79 15 125 103 28 2 53 81 56 40 111 64 77 9 96 21 36 100 73 107 76 122 115 113 89 7 6 94 27 22 38 55 46 110 88 74 30 93 99 82 18 109 84 128 8 87 25 32 44 118 58 95 3 101 91 68 39 105 60 62 86 66 16 5 51 108 112 13 117 83 24 92 26 31 42 52 29 69 10 121 90 1 54 49 20 97 19 70 106 116 33 
88 72 106 15 105 37 118 85 108 126 74 4 114 49 62 128 20 42 70 76 123 54 19 99 52 55 10 117 83 89 59 109 80 23 35 13 12 63 101 94 24 110 32 6 112 36 17 5 26 82 111 57 78 90 64 84 71 2 41 121 50 79 93 120 53 115 61 27 86 43 73 25 44 11 77 97 8 3 29 92 91 14 102 51 98 103 125 21 38 33 124 39 22 66 81 60 96 65 113 75 100 104 122 58 7 47 30 9 69 18 127 16 28 95 68 31 67 56 46 1 40 34 87 48 45 116 107 119 
72 56 28 46 53 97 5 8 66 95 118 75 47 65 86 17 128 114 50 87 1 122 10 59 14 126 32 82 24 111 78 123 19 106 121 93 67 60 36 68 110 30 84 91 76 79 119 27 61 73 92 120 44 64 22 42 20 89 45 41 11 81 25 105 83 54 101 7 51 62 94 99 21 85 63 13 104 49 4 6 115 109 107 90 112 33 69 40 71 58 3 113 31 18 124 43 26 125 48 77 29 9 100 103 127 102 55 39 15 74 108 34 98 16 37 96 70 23 12 88 57 2 38 116 80 52 35 117 
2 62 43 84 60 110 13 121 29 78 6 22 5 90 8 27 16 32 88 93 61 102 17 64 86 26 44 10 71 37 33 23 83 77 51 122 112 56 31 66 39 75 98 116 111 74 55 80 95 3 94 42 34 38 85 7 67 99 79 115 128 127 12 36 82 30 106 4 81 119 114 91 18 100 52 103 126 87 20 54 57 97 76 47 107 96 25 63 92 105 108 45 70 120 14 19 89 69 53 104 58 59 101 15 109 41 124 48 21 125 72 1 28 50 65 68 118 11 113 123 117 49 73 40 24 46 35 9 
108 123 46 112 120 101 37 29 4 83 48 111 114 100 113 68 26 77 99 70 91 54 3 6 109 73 117 60 84 12 10 24 21 15 51 71 102 52 62 31 122 56 89 82 65 55 18 74 9 127 61 106 92 116 103 2 16 115 75 80 38 128 44 125 124 27 34 76 66 32 7 90 43 53 72 104 22 13 14 67 50 85 78 79 95 41 98 42 17 30 1 81 45 25 49 121 126 39 119 96 20 110 97 63 86 36 33 105 57 88 64 59 87 94 28 69 107 93 40 23 47 35 19 8 11 118 5 58 
15 32 124 111 67 56 82 72 89 5 62 77 79 65 37 119 43 28 48 78 2 118 95 104 98 84 123 127 19 128 108 81 29 57 97 45 33 58 76 61 70 50 26 59 88 121 99 68 49 69 80 60 12 16 71 23 105 122 41 18 55 66 115 1 39 6 31 91 21 44 8 74 46 34 4 107 114 73 117 9 20 22 90 10 27 17 103 3 93 75 92 38 85 64 7 11 42 112 86 36 113 14 106 102 120 100 53 110 35 13 30 54 126 63 47 24 125 116 52 109 101 94 25 40 96 83 51 87 
46 39 86 4 113 52 63 34 96 69 102 110 109 16 128 49 65 14 23 7 24 84 78 35 28 71 64 59 47 77 127 29 103 104 44 1 114 98 80 79 123 124 105 40 76 88 97 54 119 17 72 6 20 81 85 38 89 122 74 8 53 48 13 9 99 118 68 56 42 67 83 108 55 70 91 94 51 5 3 19 10 41 126 30 95 25 121 92 58 75 15 2 100 87 106 66 116 90 125 33 82 73 112 57 31 37 93 111 11 107 61 26 45 36 32 117 120 18 60 43 115 27 101 22 50 62 12 21 
86 21 11 17 57 7 84 118 72 50 102 112 60 22 104 4 44 94 73 49 29 90 116 53 51 3 106 63 91 79 10 88 100 70 48 61 95 66 35 64 39 28 110 109 113 20 13 14 119 47 32 58 36 96 12 25 82 43 127 124 6 77 115 9 89 31 107 26 78 15 74 19 37 126 5 93 103 108 34 111 123 97 92 80 33 45 46 55 54 41 8 52 98 67 56 42 16 30 83 85 114 87 27 105 120 65 125 18 75 81 99 121 68 24 59 62 128 122 71 2 23 101 117 40 69 38 76 1 
50 96 99 36 2 34 112 24 105 25 122 30 19 118 49 77 100 127 59 126 80 7 86 98 52 125 108 121 120 66 101 41 71 45 83 26 114 63 21 14 65 85 84 113 115 117 88 29 57 31 116 38 128 13 97 10 44 95 53 109 68 110 39 69 15 8 76 22 78 104 107 37 124 93 61 54 43 74 4 51 60 64 58 32 82 20 79 87 35 119 103 48 55 73 75 28 56 1 62 11 91 81 47 6 72 3 40 18 5 33 92 16 46 9 102 67 27 89 94 90 111 17 106 12 42 23 70 123 
72 123 45 23 22 38 54 117 34 121 101 26 83 96 17 41 113 68 29 99 92 21 51 58 70 50 11 13 91 128 62 63 80 43 118 110 52 8 87 103 59 122 77 5 55 86 12 31 25 46 16 74 32 48 109 125 28 67 79 73 18 49 95 115 105 3 127 35 71 15 65 119 61 56 33 120 53 106 107 39 114 2 82 19 85 102 126 4 27 104 60 97 84 57 44 14 42 78 108 20 90 76 111 10 81 75 40 66 94 30 100 88 112 47 89 6 24 64 7 36 69 1 98 116 9 37 124 93 
51 82 121 76 14 87 110 31 78 22 20 61 123 112 43 54 83 12 46 30 45 53 35 38 93 89 18 91 97 105 120 107 57 118 26 32 65 27 96 4 9 73 52 25 23 36 113 66 88 55 81 56 60 80 77 47 94 1 99 79 48 72 44 5 58 19 86 116 8 92 68 37 40 90 7 16 75 122 11 102 34 85 21 33 67 119 28 124 103 13 126 2 41 108 3 49 15 70 128 50 117 6 127 84 29 62 104 63 17 100 125 106 114 109 59 101 42 24 69 115 111 64 98 71 95 39 10 74 
63 39 101 93 43 92 47 23 17 65 74 48 75 51 88 73 53 76 110 41 13 85 55 52 68 56 104 34 1 31 96 128 114 112 62 84 111 3 25 78 46 127 29 14 124 33 22 40 42 38 69 67 49 9 28 54 79 83 18 81 94 4 120 32 113 108 30 57 21 44 2 87 64 89 20 102 121 59 123 91 115 19 109 116 6 27 16 10 70 24 60 26 103 45 35 11 8 117 122 36 126 66 99 95 82 72 7 80 106 100 118 107 12 37 119 5 61 125 15 50 71 77 105 90 86 98 97 58 
51 124 112 59 26 31 101 61 10 9 19 28 115 38 52 125 102 30 40 69 108 57 35 103 20 95 106 89 86 16 14 120 118 47 92 50 46 73 77 78 23 34 21 82 58 110 6 85 122 18 43 74 37 41 65 123 7 49 87 32 80 2 88 119 17 27 4 79 71 39 93 13 100 5 1 98 94 117 25 75 114 111 62 15 83 76 128 105 60 109 66 36 63 64 72 96 68 24 127 22 90 67 54 116 48 107 12 44 56 121 104 33 99 29 11 42 45 81 91 113 55 126 84 8 97 3 70 53 
28 81 119 13 54 11 57 86 73 10 82 85 8 12 113 23 61 124 105 92 49 21 74 51 29 83 22 37 128 89 114 99 45 103 111 27 123 56 16 6 39 46 30 102 44 80 60 33 97 115 48 101 20 127 42 41 110 109 2 69 93 90 70 4 118 120 94 3 104 52 50 5 126 62 78 63 75 66 117 84 40 87 25 17 108 18 98 35 68 125 7 112 19 91 106 72 77 100 79 71 24 59 58 36 121 34 9 95 43 64 96 32 31 107 55 67 15 88 14 1 122 47 26 116 38 53 76 65 
82 53 33 88 66 104 115 3 63 117 20 127 23 96 78 125 10 41 31 70 45 9 34 83 85 38 107 28 37 58 92 98 59 74 13 124 39 111 84 29 52 67 122 26 61 15 11 24 121 65 89 2 18 68 75 73 95 12 102 106 72 7 16 35 51 49 36 91 118 56 112 43 94 60 19 71 47 4 81 110 40 120 17 108 5 21 50 123 93 8 22 86 54 77 99 27 103 1 48 126 76 57 101 87 32 113 6 109 119 42 46 80 55 14 64 25 105 44 62 116 128 69 114 90 79 30 100 97 
6 26 90 30 9 54 41 5 8 74 36 89 22 43 105 51 99 37 33 11 25 92 19 88 17 107 83 24 113 44 101 3 63 7 27 14 81 91 31 50 98 93 46 65 116 97 94 15 18 45 125 68 111 55 34 86 38 16 123 71 40 119 120 21 72 67 117 20 95 48 114 121 102 100 128 103 47 28 118 77 127 109 106 126 122 12 62 76 52 57 70 69 75 13 61 42 4 10 73 49 39 79 108 85 84 59 124 82 115 56 2 23 64 87 29 32 53 1 66 80 60 35 96 78 110 58 112 104 
60 51 81 69 31 99 107 101 71 23 62 83 37 95 52 46 85 22 61 77 17 13 111 125 55 103 38 84 30 35 7 70 123 63 122 112 120 128 94 117 127 34 105 11 8 29 121 80 50 25 100 66 53 57 56 16 76 64 74 118 97 32 19 82 65 88 109 67 42 116 47 78 110 33 124 59 58 26 45 119 126 89 40 5 90 41 75 28 44 73 2 108 6 114 12 39 96 27 15 20 14 10 9 91 104 87 49 79 102 72 54 113 48 36 86 24 21 68 1 4 18 93 98 43 3 92 106 115 
100 54 32 67 31 91 13 20 30 74 7 22 127 24 63 53 76 11 125 41 87 82 99 128 19 5 79 115 83 10 65 90 17 66 28 6 116 44 14 111 8 35 47 121 70 113 118 77 68 75 50 59 58 52 18 48 126 55 110 16 9 72 96 12 105 71 88 39 120 98 60 42 103 21 86 78 112 64 61 23 122 97 84 34 92 69 93 51 124 43 36 38 33 26 62 94 29 46 95 4 85 114 109 27 37 119 106 123 57 40 56 80 73 49 104 2 25 101 108 45 1 15 3 107 117 81 89 102 
99 127 93 101 5 34 52 11 69 102 13 35 95 88 117 46 80 96 57 45 16 20 2 47 113 124 50 111 79 73 76 30 55 28 9 84 100 61 7 106 119 36 86 125 98 114 126 83 24 121 14 10 51 19 62 105 1 72 78 18 68 123 70 27 104 25 12 87 4 39 56 31 66 6 22 75 74 41 82 90 44 3 118 21 103 33 110 112 71 8 49 85 64 63 120 116 23 97 77 40 29 128 67 37 94 17 26 89 58 92 48 43 32 38 54 15 42 107 81 122 60 108 109 115 65 59 53 91 
114 2 112 119 6 71 111 64 108 10 84 107 40 67 29 17 50 91 5 99 3 48 59 51 76 115 8 103 47 69 81 75 80 72 118 9 22 68 49 32 92 104 30 65 23 106 83 42 61 53 94 37 89 127 28 11 33 45 101 120 125 73 27 56 26 14 57 16 43 124 93 128 100 86 7 78 87 126 123 62 110 109 38 88 58 90 105 79 18 15 117 74 34 98 82 113 77 35 24 85 46 55 1 31 52 36 19 12 39 121 122 20 102 60 54 70 25 116 97 44 4 41 13 21 96 66 95 63 
71 119 85 102 28 29 110 38 41 72 101 52 118 19 95 105 30 51 91 128 62 2 20 80 24 73 34 125 65 108 31 126 47 45 103 12 36 57 78 109 4 33 79 74 54 88 18 100 44 82 43 22 96 6 61 23 56 50 94 21 40 93 69 104 92 116 48 83 87 106 58 67 123 10 75 64 86 120 3 121 122 42 46 26 89 112 124 127 68 97 1 25 90 115 35 99 59 49 84 27 55 37 107 114 32 81 63 76 17 113 39 8 53 13 60 70 98 7 14 77 117 5 111 16 15 11 66 9 
2 16 52 35 62 127 68 108 30 122 19 25 29 81 56 39 37 109 82 93 11 67 112 85 36 125 80 116 78 40 17 5 121 114 90 55 104 6 69 76 111 32 41 98 119 54 110 18 27 73 8 102 22 3 43 84 87 106 24 107 126 124 97 12 45 59 60 33 9 14 1 57 47 66 4 65 58 15 95 88 118 70 48 89 94 71 42 75 28 61 91 86 23 26 123 120 53 99 49 79 96 64 101 72 21 128 20 63 105 13 51 100 44 46 115 103 77 92 31 83 117 38 10 113 7 50 74 34 
38 97 36 115 86 127 64 52 114 62 66 99 4 50 79 20 81 22 12 108 15 121 34 85 88 93 44 39 24 40 104 123 31 55 118 100 72 98 71 105 8 70 68 82 35 54 56 42 37 74 95 58 7 102 23 51 112 125 60 3 47 32 6 78 87 111 18 10 27 45 46 92 21 80 33 1 65 120 90 5 73 67 19 13 2 116 124 75 84 77 103 9 59 41 119 117 63 69 96 109 76 29 57 11 113 126 106 110 49 94 101 53 122 28 30 25 128 61 43 16 83 26 48 14 17 91 89 107 
116 15 102 67 4 28 59 78 90 32 45 54 13 29 76 71 21 124 120 64 109 35 97 84 128 86 117 37 126 96 61 46 81 119 93 31 75 14 8 112 2 122 105 42 66 87 58 9 65 118 23 7 92 25 10 69 48 63 98 111 104 22 68 39 57 38 121 40 82 56 85 24 74 127 103 33 53 27 11 62 107 123 3 30 77 47 18 49 83 50 95 19 88 80 73 94 44 52 99 26 43 5 6 60 51 110 20 17 36 113 55 79 91 125 89 106 1 114 12 16 108 115 100 41 101 72 34 70 
29 23 100 12 83 108 111 31 62 77 98 116 21 121 17 35 15 118 40 50 18 125 99 8 43 90 73 119 4 93 16 36 64 42 126 9 102 85 120 110 44 30 114 51 123 80 75 101 71 88 97 82 63 20 74 122 65 76 53 41 78 106 86 91 2 45 109 124 115 113 52 49 10 7 68 37 54 67 55 14 128 87 26 59 70 92 60 28 34 72 61 3 25 11 47 33 95 104 105 127 94 107 57 112 27 13 24 39 1 46 89 38 79 96 6 84 56 22 103 58 69 19 48 32 117 66 81 5 
124 89 64 69 55 98 2 45 114 80 25 83 75 86 23 53 24 123 122 93 44 111 7 62 56 74 17 5 33 30 6 1 101 121 32 31 40 95 13 35 19 115 12 92 26 43 82 110 73 87 29 41 54 34 57 51 109 79 119 84 48 4 52 76 96 102 68 116 50 117 128 71 18 127 3 14 88 58 61 81 22 70 16 99 100 106 125 78 113 77 28 36 97 120 104 15 42 94 47 108 11 59 65 39 72 27 37 112 63 10 8 103 9 46 21 38 91 66 20 126 67 105 90 49 118 107 85 60 
61 42 78 17 90 96 35 68 97 101 67 108 14 54 80 9 28 85 18 73 34 121 43 41 124 31 64 27 88 62 8 84 12 53 118 72 50 110 128 4 127 2 45 111 65 113 115 37 77 38 46 103 76 92 126 82 75 13 107 16 114 6 36 100 94 22 5 33 120 47 79 109 91 51 116 125 39 102 58 87 60 123 56 95 7 29 55 81 11 122 26 89 106 86 52 1 105 48 71 69 23 83 10 15 59 117 104 19 49 112 70 20 30 99 93 25 57 98 119 63 32 3 74 40 66 21 44 24 
36 14 104 89 57 108 2 62 117 26 71 86 31 95 21 10 19 40 123 6 128 119 96 5 79 66 54 102 81 46 100 16 35 48 98 18 44 33 41 72 68 103 113 120 94 92 59 4 82 11 112 105 69 67 56 49 61 8 24 52 53 15 106 88 9 74 65 121 12 37 77 93 23 75 111 29 109 30 80 50 125 76 1 34 110 42 13 25 114 91 118 85 127 32 38 70 63 78 84 83 27 99 55 107 73 7 17 60 51 97 101 126 45 39 116 122 115 3 87 47 43 124 58 22 90 28 64 20 
37 17 115 43 107 54 47 90 12 24 16 106 97 70 64 31 112 92 21 2 102 84 103 41 22 23 98 66 5 109 82 73 58 1 46 6 18 25 68 125 111 61 34 62 49 38 96 77 74 120 71 65 44 108 116 8 42 55 9 4 117 95 59 87 57 39 19 60 101 93 3 67 10 27 127 33 104 75 128 11 51 88 36 124 30 52 28 94 48 45 76 91 72 122 126 121 56 86 20 14 80 69 26 40 89 99 79 35 53 100 78 81 113 83 32 63 50 7 118 85 114 119 123 15 105 110 29 13 
33 97 23 85 51 83 109 78 8 47 105 62 122 57 19 56 21 53 127 71 40 108 24 27 123 84 20 31 49 25 96 3 28 35 73 76 48 128 44 116 74 80 82 14 7 93 68 118 67 79 10 120 42 100 29 58 18 99 117 55 60 77 92 112 39 94 9 36 59 16 43 54 69 32 64 26 124 72 12 111 15 1 104 86 5 90 2 107 17 4 88 75 113 22 46 6 87 50 11 121 125 95 30 106 13 91 126 102 81 37 101 38 119 52 66 110 70 61 89 103 65 115 114 98 63 41 45 34 
37 109 44 99 50 116 115 26 74 15 98 69 97 118 53 122 13 128 47 25 59 56 119 22 120 2 85 72 30 71 61 90 57 123 60 31 126 9 65 121 93 24 38 62 54 79 3 68 100 49 96 43 46 103 64 58 94 95 5 51 113 91 4 80 14 27 81 35 104 28 33 117 21 12 105 124 92 8 67 114 112 17 88 52 19 1 107 84 66 36 86 10 77 83 78 48 11 18 75 110 20 41 55 23 73 101 106 7 102 82 32 108 111 63 39 42 89 40 127 45 70 125 34 87 76 29 6 16 
93 98 112 97 126 13 41 85 70 51 21 53 57 110 6 82 47 12 118 79 68 88 48 43 50 71 115 33 107 81 35 31 52 45 95 92 66 75 18 59 40 84 26 121 123 14 5 11 122 108 80 111 76 89 25 23 15 69 29 63 1 36 30 37 96 44 34 106 56 16 10 17 20 74 102 58 87 61 124 27 86 22 9 127 8 65 116 90 64 73 105 32 42 119 39 49 24 101 83 38 3 109 28 128 113 67 120 72 54 19 55 77 94 46 62 7 2 117 99 100 60 125 91 104 78 4 114 103 
41 80 28 56 25 91 5 40 105 27 24 6 111 82 57 59 118 76 51 49 89 58 119 78 87 9 125 109 53 94 92 128 65 124 43 116 33 62 45 4 1 46 37 7 17 19 48 127 20 71 10 14 63 18 126 23 42 85 104 34 101 26 120 83 110 55 100 96 38 75 54 72 81 113 12 66 77 64 90 60 102 97 35 74 79 31 108 95 16 2 93 117 123 70 84 8 103 47 68 32 11 29 121 13 21 30 36 39 52 88 107 73 86 15 44 99 122 22 114 3 98 115 61 50 106 69 112 67 
96 6 58 110 14 56 124 117 3 104 72 29 83 53 41 21 105 22 36 114 100 103 71 97 74 31 113 91 44 11 34 54 45 84 30 81 101 35 70 86 126 55 67 62 15 79 125 37 73 69 98 88 121 123 25 78 46 18 61 112 23 116 16 26 52 10 24 59 94 66 40 2 128 75 120 82 90 33 8 65 32 1 111 60 42 102 49 64 106 7 17 77 5 48 85 108 115 27 4 50 87 19 119 12 95 92 122 63 47 13 39 89 43 51 107 57 118 68 127 28 80 9 76 20 38 93 99 109 
108 82 46 74 119 25 122 88 9 50 83 11 27 22 68 51 117 72 107 32 18 60 61 92 26 105 40 69 114 99 65 7 70 100 17 23 45 89 78 71 67 106 10 42 109 44 84 37 66 91 39 55 41 3 104 102 77 120 59 125 93 28 95 75 62 64 97 124 13 90 127 118 30 112 79 21 29 76 113 36 115 52 98 15 103 5 111 31 57 123 126 24 101 94 47 53 33 58 87 54 1 6 49 43 128 16 48 81 85 116 56 4 96 12 20 35 86 2 34 110 121 19 14 8 63 38 80 73 
67 44 115 9 83 13 111 73 98 21 101 85 116 29 70 52 122 95 64 81 103 84 47 121 108 18 39 77 37 72 78 12 38 53 62 87 11 123 2 61 16 126 118 75 54 117 26 105 93 97 124 5 1 91 41 45 23 32 55 60 74 4 102 104 51 119 96 128 15 24 82 50 20 80 106 8 34 25 63 68 76 71 69 59 112 48 107 31 92 99 120 10 7 58 79 57 27 56 94 42 30 109 36 65 125 35 33 127 22 86 17 43 100 6 88 19 113 66 89 3 28 14 90 110 40 46 49 114 
10 34 96 36 70 95 89 101 42 40 17 6 4 84 24 82 63 105 113 119 83 100 57 88 2 80 112 12 22 46 92 28 7 67 79 91 85 20 47 124 37 54 94 21 98 19 71 64 86 16 33 127 13 128 97 117 8 60 56 99 75 109 116 5 110 123 120 76 50 3 26 51 77 125 104 18 27 41 106 23 121 73 126 9 11 39 69 58 43 108 14 25 122 66 1 44 90 59 32 29 78 74 62 115 118 30 107 81 31 55 111 38 114 61 52 53 49 102 48 45 15 35 65 87 93 72 103 68 
47 60 90 105 43 54 25 39 83 21 116 70 72 88 57 51 16 40 3 2 124 18 28 75 121 38 76 112 6 65 77 86 123 71 94 45 111 97 91 58 93 32 107 17 95 22 27 106 24 64 14 113 114 4 81 85 92 49 15 103 55 19 10 128 98 109 101 50 117 61 82 99 110 41 87 44 78 73 96 115 26 119 89 67 46 74 5 7 122 48 31 125 59 102 20 33 120 29 62 36 42 9 80 79 34 100 66 52 53 126 104 23 84 63 12 69 56 8 37 127 13 108 30 11 35 1 118 68 
1 2 110 125 12 109 108 83 123 58 63 10 68 126 91 77 46 34 122 121 15 26 4 93 75 84 31 35 124 87 112 128 5 81 27 117 18 53 79 73 57 103 13 9 51 32 88 67 30 105 50 116 119 96 78 56 28 65 16 118 113 61 82 48 114 33 62 43 29 55 11 101 60 44 70 38 85 74 71 69 59 52 40 7 92 64 111 22 95 115 47 23 66 89 54 3 37 80 94 86 45 8 99 120 97 49 127 24 39 107 90 41 98 20 100 19 72 36 14 102 21 106 42 25 76 17 6 104 
24 75 5 27 42 91 83 29 63 85 95 21 66 94 6 2 34 72 31 111 76 52 78 58 90 106 67 96 51 97 68 93 112 64 98 74 119 70 19 92 82 11 69 81 43 38 113 39 41 55 49 18 7 127 102 33 47 17 120 117 89 53 118 16 15 121 32 99 60 124 50 87 108 30 37 45 103 8 48 20 109 59 114 101 116 28 115 13 107 126 57 22 12 104 71 62 77 44 9 128 80 105 110 123 4 1 65 46 26 122 3 54 79 61 84 73 14 35 40 23 125 25 10 86 36 100 56 88 
118 90 51 78 45 102 16 79 62 32 9 94 77 84 109 23 73 8 119 95 19 98 46 66 110 104 22 100 4 74 92 33 87 69 126 53 55 37 57 97 61 68 29 127 35 64 101 39 36 106 105 60 15 20 24 86 26 21 3 108 85 91 47 38 6 11 63 52 82 114 13 27 123 111 44 65 88 99 48 42 117 76 28 67 70 121 125 81 5 31 58 75 115 41 1 72 103 71 59 124 18 30 34 120 17 49 14 7 43 54 10 93 40 113 89 50 107 25 128 122 12 80 56 116 112 2 83 96 
116 11 58 96 17 91 41 128 49 69 8 31 56 62 121 122 13 36 85 117 51 119 30 37 118 84 68 21 22 71 16 73 92 120 90 97 65 102 10 112 53 48 74 99 14 104 87 55 7 111 61 67 105 50 2 124 125 1 70 6 42 113 46 108 33 59 40 66 126 19 127 15 28 123 20 3 26 93 78 110 38 83 82 81 5 115 9 52 107 98 89 94 114 4 100 29 43 25 103 64 72 23 54 95 35 27 109 101 45 106 60 32 76 44 86 75 18 88 80 34 12 47 24 39 57 77 79 63 
90 95 28 68 94 126 70 17 114 43 124 62 11 74 118 104 40 38 37 77 96 120 60 65 9 31 92 101 63 115 117 29 61 35 41 81 18 119 6 25 10 5 33 121 109 24 52 97 125 84 32 89 7 71 3 54 57 110 108 21 73 91 36 83 72 69 67 49 93 48 45 22 111 16 100 51 87 98 39 26 20 107 79 30 58 23 2 19 112 50 12 1 116 27 15 105 53 88 85 102 55 14 4 99 106 34 76 75 64 8 103 113 44 66 82 46 127 59 13 128 122 47 86 80 56 42 123 78 
69 101 121 79 61 105 45 25 32 84 90 39 44 36 29 70 104 46 67 20 80 62 12 24 31 113 8 87 60 75 85 3 126 33 59 99 55 107 42 56 106 10 109 92 110 68 81 16 71 116 52 125 93 72 124 7 120 108 40 128 100 119 74 89 5 22 2 91 117 13 48 103 77 64 95 86 111 58 28 49 118 9 112 15 115 54 18 96 53 76 41 83 21 50 123 65 43 6 82 88 34 11 27 114 122 57 73 102 51 19 127 14 1 4 30 94 98 23 17 97 66 35 47 38 37 26 63 78 
80 55 93 30 122 66 104 91 25 88 128 48 89 35 54 3 123 105 116 39 112 114 21 96 78 97 119 27 125 109 43 75 51 68 40 42 120 69 23 10 1 86 102 8 26 56 113 6 62 72 74 11 29 65 47 33 50 13 45 36 110 84 64 124 85 70 57 4 7 98 67 71 100 77 83 115 59 108 46 16 121 49 19 63 87 32 15 117 103 18 99 95 94 106 61 127 53 22 58 17 90 76 5 44 111 37 20 38 60 126 79 34 14 28 92 41 31 2 9 82 12 24 73 107 118 81 101 52 
126 40 23 13 109 84 87 38 5 83 31 74 103 35 86 29 36 128 68 102 122 8 78 49 108 11 34 88 127 111 62 100 106 64 125 91 93 30 47 110 67 56 70 43 10 15 63 52 107 72 58 51 115 27 17 96 21 112 118 44 53 22 14 99 42 76 57 75 105 20 116 79 3 97 66 94 32 33 90 95 98 92 19 117 89 16 25 81 69 120 6 71 7 46 12 18 65 50 59 61 124 73 101 4 77 104 55 45 28 80 26 85 114 41 60 37 119 2 39 9 121 48 123 1 82 113 54 24 
1 44 76 77 83 58 17 100 72 115 120 10 59 11 54 53 93 40 86 95 7 87 104 33 81 112 78 15 101 127 79 107 105 52 50 48 12 36 20 98 32 64 35 103 25 39 28 2 56 14 60 23 30 57 68 71 55 61 85 110 70 69 62 42 111 84 99 97 26 73 96 5 89 21 65 29 125 75 82 46 88 124 74 22 122 109 116 37 80 123 63 66 6 91 67 118 47 126 41 13 16 114 18 119 27 24 49 92 4 43 90 113 38 34 3 45 108 19 106 9 8 94 128 31 117 102 121 51 
70 55 57 19 69 95 36 2 74 18 98 48 84 62 7 27 45 93 42 49 127 31 68 14 59 9 46 54 122 126 83 13 118 111 80 26 85 12 91 32 53 87 117 10 71 114 44 75 29 106 40 116 16 15 73 120 101 4 56 22 82 43 110 90 58 1 51 81 20 108 72 25 61 11 78 6 67 107 21 92 96 65 77 113 38 23 109 121 47 35 17 125 86 79 89 112 28 123 60 94 88 99 50 64 41 33 37 5 39 105 128 100 66 34 8 52 24 104 63 76 97 124 119 3 103 30 102 115 
20 52 89 108 118 127 48 77 122 60 125 50 61 51 12 47 36 106 62 34 85 35 80 104 40 32 42 59 98 65 99 54 94 44 8 110 78 66 18 23 41 14 73 30 68 90 116 102 124 3 82 49 22 112 15 123 120 86 114 69 100 95 2 107 74 10 33 53 25 56 83 103 111 88 84 121 13 128 46 27 97 38 26 5 64 45 39 21 76 9 101 93 92 71 7 11 4 6 17 79 91 119 19 113 31 1 96 67 29 24 105 117 57 81 28 75 63 43 87 16 72 58 55 115 70 109 37 126 
48 63 34 8 54 103 109 100 37 84 87 44 47 83 35 72 17 7 24 118 68 6 98 102 88 76 1 23 16 107 66 45 40 27 53 9 75 28 124 97 67 26 104 29 10 4 3 78 93 91 38 71 25 19 99 108 74 61 21 56 52 81 79 15 20 117 114 80 121 127 94 128 125 31 110 90 51 18 111 12 73 58 64 2 65 92 49 69 126 39 70 122 105 106 123 77 89 22 95 55 11 115 85 36 82 41 112 60 96 59 43 62 42 113 46 13 33 119 116 120 50 86 101 57 14 5 30 32 
97 91 74 95 101 61 36 6 55 38 76 27 4 47 8 71 83 84 78 94 96 77 33 40 125 14 59 105 11 35 56 110 114 22 15 70 68 63 93 86 16 7 69 103 67 26 39 44 109 12 64 66 128 13 31 45 113 119 19 65 108 57 104 102 23 122 87 116 1 51 115 120 5 48 43 17 88 58 98 62 30 32 3 107 46 124 54 52 127 72 106 112 60 18 123 85 25 126 100 80 9 24 10 121 82 20 79 118 92 81 49 73 42 90 34 37 2 117 53 21 99 75 28 29 89 41 50 111 
76 51 2 99 40 122 66 82 43 52 50 101 104 118 39 105 97 93 102 89 127 119 95 92 63 81 120 121 74 54 85 53 49 9 11 17 46 26 57 42 29 72 111 34 77 124 30 45 3 25 73 19 10 15 28 68 8 23 128 87 114 90 86 115 107 4 98 38 61 94 36 71 113 69 27 18 79 123 108 56 59 5 12 91 1 60 70 112 41 62 24 55 75 33 106 6 103 110 78 83 67 32 64 109 125 14 116 7 117 13 48 20 88 80 84 58 31 21 65 47 22 16 37 35 126 44 100 96 
65 39 71 111 50 103 47 66 16 28 117 99 43 125 10 94 107 33 75 8 7 92 120 82 53 23 62 78 80 115 70 37 18 51 59 9 19 118 32 4 26 127 121 74 110 101 68 126 6 98 128 12 45 113 22 54 124 105 84 95 122 88 3 72 17 108 58 79 102 27 14 100 123 41 116 49 1 48 109 29 55 30 42 35 46 119 24 34 52 44 104 60 106 83 87 13 61 15 114 81 77 67 96 97 31 56 91 36 21 76 112 25 38 93 73 11 63 2 20 57 90 5 89 86 85 64 69 40 
125 12 97 127 66 62 111 69 104 48 102 9 128 91 77 21 32 74 8 1 84 122 78 107 86 96 22 119 29 31 118 63 80 92 6 85 65 26 23 14 76 33 64 51 105 71 95 52 89 37 5 38 24 45 61 10 15 114 100 116 50 79 68 44 75 126 40 106 41 113 58 57 110 54 25 98 13 99 124 82 19 70 2 73 94 83 16 56 35 117 34 7 115 42 11 43 90 112 3 109 17 46 88 53 103 87 108 30 60 59 81 39 28 101 120 27 4 123 55 36 72 20 47 67 121 49 93 18 
79 1 96 38 48 32 108 51 104 119 66 53 100 44 8 64 102 118 11 34 36 24 14 15 78 63 111 31 37 40 110 3 12 28 120 71 68 83 76 50 128 10 56 73 86 117 121 2 30 127 124 72 49 114 41 19 16 126 123 18 97 4 45 6 106 13 81 90 109 25 26 70 112 55 84 87 89 29 60 101 35 77 92 99 93 115 74 107 105 57 27 20 75 54 67 17 113 85 94 7 125 88 80 47 22 39 98 21 23 33 65 82 103 91 59 42 62 43 69 5 46 95 116 9 58 61 122 52 
30 81 13 9 52 100 48 37 64 116 74 108 106 15 125 69 80 24 75 128 61 40 124 41 43 107 55 32 103 115 109 88 97 73 104 44 46 94 29 77 102 98 114 78 71 18 12 25 117 120 33 7 86 57 95 112 70 76 1 96 6 3 45 16 122 59 19 36 22 56 121 68 111 118 31 26 51 84 4 35 85 8 38 92 110 105 82 123 83 42 39 63 99 62 20 54 93 21 47 89 14 50 11 17 65 49 28 34 126 119 113 87 2 23 5 127 60 53 79 90 27 67 72 101 91 10 66 58 
105 75 35 123 42 108 53 24 10 96 36 30 58 16 5 73 50 100 101 114 90 110 57 59 104 22 61 89 18 13 87 76 68 32 11 125 54 116 93 92 14 64 55 124 102 79 43 67 77 48 72 40 52 109 115 80 51 3 128 70 127 49 34 111 106 47 29 45 7 66 46 8 82 2 21 15 122 1 31 85 107 44 112 38 118 84 4 99 91 94 103 33 119 74 65 120 95 12 117 19 86 98 56 27 63 26 37 83 23 60 6 97 69 62 9 20 121 88 41 25 71 126 78 39 81 113 28 17 
38 31 19 21 62 90 69 57 26 75 95 29 120 115 63 46 39 100 97 102 71 50 84 128 117 118 52 64 112 81 78 20 86 27 109 119 60 85 121 3 8 111 34 103 65 76 98 93 7 88 6 16 113 12 45 124 66 67 28 116 127 92 15 105 5 106 83 47 94 91 80 1 89 110 22 70 77 35 99 73 25 44 58 2 61 108 55 32 23 51 68 17 13 123 48 87 18 9 125 126 79 54 122 107 14 33 74 53 114 43 41 59 36 30 4 40 11 10 72 42 82 104 56 24 96 49 37 101 
115 36 118 113 121 55 15 42 99 39 28 84 50 21 13 18 41 52 85 96 103 30 82 76 67 69 112 93 59 11 2 19 32 60 8 80 53 107 125 102 116 22 4 94 81 77 120 65 126 45 127 7 88 34 54 117 40 24 128 70 33 105 10 108 31 14 27 92 43 17 124 111 90 48 95 44 3 74 87 25 72 64 86 47 104 98 89 58 75 57 62 71 97 51 16 38 9 101 61 29 79 68 119 26 63 122 23 1 46 91 109 12 73 106 37 35 56 49 110 123 5 100 83 114 20 6 66 78 
106 84 117 127 80 2 72 27 103 97 59 123 61 119 71 51 42 78 3 25 90 66 118 108 95 43 22 10 74 125 60 100 57 81 94 65 120 11 109 44 111 52 93 91 73 67 40 55 113 41 96 46 105 121 38 48 31 36 54 30 92 49 77 39 18 53 62 47 98 63 112 5 16 9 88 76 17 107 35 64 128 15 87 116 86 101 70 24 104 12 37 99 89 126 102 50 45 4 122 124 34 21 114 115 33 83 32 7 29 56 68 1 19 13 6 110 28 14 79 69 85 75 23 26 20 82 8 58 
7 12 87 6 77 18 17 47 79 38 100 4 84 127 124 123 2 86 101 52 32 92 8 24 35 61 122 89 72 119 64 34 116 71 128 102 70 51 107 28 95 125 78 29 120 9 81 109 60 113 37 68 82 31 97 48 40 15 108 3 21 69 93 110 54 19 14 26 62 106 10 114 67 55 98 76 74 5 41 94 66 85 20 111 59 103 83 57 44 96 56 104 75 117 88 118 27 105 16 36 73 43 30 99 91 50 1 39 25 45 42 121 23 22 80 49 65 53 13 112 33 115 90 58 126 11 46 63 
73 10 45 107 79 2 118 77 106 124 85 103 88 70 20 69 108 67 102 95 33 4 57 30 24 116 11 105 18 90 99 29 92 44 21 117 27 98 59 84 113 65 128 42 112 81 56 50 97 114 53 35 93 22 23 86 119 80 40 46 76 31 52 74 15 43 104 125 68 16 9 66 78 12 123 82 39 126 111 87 19 17 7 75 25 127 71 94 115 5 110 32 83 49 34 58 47 1 72 122 54 3 51 26 13 14 38 109 48 55 100 37 91 101 89 6 62 41 61 96 60 64 28 8 63 36 120 121 
35 123 47 89 111 18 41 115 31 92 50 122 80 59 40 46 78 81 8 54 110 108 49 127 74 48 53 126 9 77 112 106 109 114 91 57 76 20 15 43 117 104 24 65 62 121 70 3 1 39 97 116 82 71 93 22 13 119 85 63 29 87 33 51 32 28 88 52 68 19 113 55 83 11 99 90 75 95 73 79 58 105 56 30 36 17 100 107 61 12 21 102 86 26 118 6 84 67 5 101 4 94 27 125 64 37 103 23 7 34 120 98 128 38 16 14 96 124 69 44 10 42 60 2 66 72 25 45 
61 121 19 60 44 88 116 71 112 84 114 28 85 52 27 99 21 113 118 6 97 53 123 51 34 103 67 26 95 73 83 18 125 50 54 41 36 91 17 49 33 11 98 78 23 9 87 119 32 15 63 82 92 122 100 69 13 81 62 56 39 110 59 102 74 12 16 2 72 4 107 90 101 76 79 10 45 46 108 75 7 57 105 31 115 104 1 38 30 106 70 35 65 127 86 47 80 14 5 120 94 111 66 109 20 40 8 128 43 3 37 29 96 126 48 124 25 22 93 77 117 89 24 55 68 58 64 42 
58 98 15 52 96 84 9 63 87 93 19 119 83 36 60 77 10 80 95 44 59 16 94 39 76 54 31 121 25 40 37 128 45 47 67 41 124 48 29 114 43 42 69 72 118 112 12 110 104 17 92 116 86 73 55 50 74 28 75 18 13 101 56 99 113 14 71 27 90 117 8 111 2 33 35 91 102 49 89 38 107 127 68 23 122 34 51 120 82 65 105 103 123 108 57 4 97 70 32 11 53 5 30 46 85 100 78 64 7 22 24 81 79 125 1 106 88 126 115 109 21 3 6 26 62 66 61 20 
12 106 70 25 45 67 56 126 54 66 49 124 122 78 104 95 97 117 100 121 81 123 30 26 19 22 98 120 101 39 27 15 34 46 87 50 51 42 68 112 115 8 40 90 24 125 76 79 103 89 53 3 37 110 88 7 128 118 109 80 59 61 119 82 36 71 32 43 16 77 55 5 60 47 116 75 21 85 29 23 105 14 99 44 11 102 83 111 28 114 35 18 6 107 2 113 1 127 94 57 62 48 20 41 33 38 10 72 108 69 92 64 63 52 58 9 4 17 65 84 86 13 31 96 74 93 91 73 
66 32 14 57 37 13 58 98 31 82 112 125 97 74 47 21 79 83 87 55 124 91 76 126 96 99 10 1 122 88 38 33 94 123 8 59 113 63 110 30 7 52 114 111 78 102 36 22 68 117 115 101 118 73 119 104 4 70 23 72 6 15 29 85 100 25 89 43 46 67 128 49 81 44 95 84 41 26 61 2 12 93 116 17 69 62 35 34 9 50 56 108 103 90 20 106 42 86 3 5 18 54 51 71 27 121 28 19 60 109 75 16 77 64 48 53 39 127 11 107 40 24 65 120 92 105 45 80 
62 75 122 119 77 12 101 89 125 20 73 50 6 100 116 2 21 35 96 17 121 79 27 102 55 5 23 4 111 24 45 41 104 106 47 32 10 13 68 95 39 128 34 37 85 67 76 31 29 124 115 92 51 58 80 60 88 7 127 22 112 43 44 82 118 103 48 66 25 36 9 3 30 74 71 59 8 61 56 78 63 107 97 18 105 64 98 54 126 53 14 65 52 49 46 93 11 123 19 40 70 33 108 86 113 57 38 99 69 1 28 42 110 15 81 83 117 26 72 120 16 114 84 109 94 90 87 91 
84 42 44 60 109 79 38 12 63 90 123 58 86 9 110 108 122 119 107 31 128 100 65 26 37 10 51 93 73 2 103 3 62 41 14 32 117 20 49 98 96 59 61 30 89 92 24 50 25 22 80 75 57 7 4 127 95 115 118 16 35 11 101 78 45 39 94 33 116 43 52 88 46 29 18 112 72 66 56 67 114 27 6 19 113 70 91 64 102 83 54 76 71 55 126 124 68 15 99 69 36 97 87 85 40 48 77 105 120 8 5 34 23 74 125 106 17 104 1 82 13 111 53 47 81 121 21 28 
21 66 67 63 50 106 98 39 127 87 64 44 10 34 117 61 41 128 99 115 32 120 31 12 49 46 85 102 36 3 122 57 52 81 84 62 38 2 94 51 71 40 101 20 28 104 125 123 1 93 14 29 48 8 4 53 59 113 112 107 6 126 26 100 83 42 79 105 55 82 78 17 109 23 110 43 116 97 89 33 92 37 74 9 24 77 103 124 27 72 76 54 58 68 70 11 19 30 88 111 60 75 25 45 80 95 5 47 15 56 69 121 108 7 22 114 18 119 16 91 90 65 13 86 35 118 73 96 
75 90 22 88 14 57 29 31 8 85 74 60 98 51 48 10 6 124 43 104 41 59 68 63 25 4 56 72 117 19 70 44 12 89 42 118 37 46 82 93 84 58 87 15 95 62 112 79 107 52 16 2 126 17 116 27 109 86 110 24 65 9 39 106 26 7 18 40 92 81 105 115 83 45 94 21 35 20 49 30 34 113 91 120 114 111 101 80 64 102 127 13 1 11 23 77 100 99 36 123 122 69 78 67 38 128 54 61 97 125 32 33 121 55 76 66 108 96 119 47 71 5 3 103 50 53 28 73 
91 4 86 37 32 6 71 63 104 93 7 18 79 72 112 89 33 36 26 25 44 66 68 53 30 97 14 42 99 20 95 96 120 23 69 125 76 88 12 5 43 126 54 119 38 101 28 105 11 85 9 122 3 19 124 123 116 83 50 110 108 31 92 74 65 29 103 61 81 34 17 70 24 52 106 73 117 100 15 2 80 102 98 127 109 49 78 64 118 22 87 107 40 55 51 27 48 128 114 82 113 59 13 45 47 56 35 67 57 8 1 41 10 16 75 84 60 62 77 58 94 46 90 39 21 121 111 115 
33 5 93 81 59 73 15 88 65 97 96 108 74 66 21 41 46 53 68 107 100 63 32 34 106 75 98 16 79 72 78 114 25 111 69 87 126 86 95 9 56 101 26 80 47 37 104 2 120 51 30 115 54 62 112 82 92 35 39 60 10 45 118 23 22 91 58 77 127 20 71 113 24 61 117 44 116 125 89 6 124 3 8 99 43 67 122 14 48 49 13 105 121 38 4 84 40 19 12 31 57 42 85 119 7 76 64 128 102 110 103 123 11 83 1 94 17 50 55 90 18 70 27 109 28 52 29 36 
12 116 15 57 19 100 66 121 42 65 96 97 123 118 11 25 90 37 125 44 109 86 38 75 32 108 43 128 74 71 84 49 54 10 112 119 122 73 53 62 14 29 4 60 110 124 24 7 56 40 27 47 101 39 1 23 103 35 85 126 88 58 63 95 36 111 102 55 80 20 2 28 99 45 92 78 120 31 21 79 94 3 68 9 59 30 89 6 5 8 48 107 33 41 98 83 22 72 46 50 16 115 104 26 67 51 91 77 113 82 13 127 117 70 81 64 93 106 52 114 87 34 17 69 105 76 18 61 
115 109 102 99 38 30 6 75 15 43 121 35 65 101 118 48 58 60 44 92 126 86 66 89 87 63 42 113 76 31 74 84 11 33 23 114 21 8 128 3 80 51 17 2 27 116 120 100 56 77 19 112 69 122 73 117 20 46 50 79 106 24 67 7 59 85 123 107 90 91 82 25 16 61 4 12 83 14 70 18 68 108 72 103 98 1 10 111 41 5 45 55 29 104 28 64 36 26 105 47 22 32 9 71 124 125 62 81 127 37 96 57 53 34 40 78 54 93 88 13 95 52 39 94 49 110 119 97 
9 49 107 60 125 5 7 44 82 97 38 13 17 115 76 36 54 50 73 20 30 86 1 70 41 16 21 15 77 71 92 79 72 6 28 103 95 29 34 53 37 64 75 78 114 108 99 8 87 100 25 23 101 106 43 61 4 18 31 105 42 110 89 124 63 40 69 102 109 127 35 120 32 66 14 59 113 91 119 22 55 118 11 19 12 52 51 81 90 122 26 74 94 24 84 128 111 65 47 96 10 116 98 80 3 117 93 58 67 62 104 46 85 121 83 45 27 68 33 48 123 112 39 56 88 2 57 126 
121 51 81 75 37 29 18 89 44 112 30 120 117 74 48 125 5 63 19 77 100 28 53 39 23 127 33 96 86 58 91 115 78 40 47 67 25 6 128 55 3 69 27 62 88 66 42 54 8 65 94 101 114 31 97 110 52 20 73 80 116 50 87 90 118 38 21 14 99 11 92 12 17 103 119 22 32 98 84 9 13 4 57 35 71 34 60 83 43 93 10 64 108 85 59 24 105 72 109 126 113 68 95 2 82 1 26 123 111 122 7 106 15 45 49 124 102 41 107 36 56 104 70 46 16 79 76 61 
56 54 77 8 44 26 6 93 123 2 14 22 50 105 102 12 86 57 58 60 15 111 63 41 7 70 25 21 27 112 16 68 69 39 28 95 9 109 43 75 32 124 78 98 4 62 30 37 96 115 11 121 120 127 61 52 40 74 42 125 87 116 48 47 88 35 66 110 100 104 117 33 46 71 19 128 101 34 91 84 82 51 114 126 18 24 64 103 85 108 79 53 76 65 118 122 13 99 94 3 49 59 10 20 67 73 1 89 72 90 38 107 45 17 113 92 31 80 106 23 97 119 83 29 36 5 81 55 
61 74 121 28 36 4 2 108 91 77 37 78 117 5 8 71 107 101 84 11 114 19 49 41 63 120 123 98 60 23 26 52 103 115 35 43 113 34 85 7 29 80 126 21 64 12 55 87 27 122 46 9 128 102 86 47 111 42 59 76 39 57 38 100 68 105 48 75 56 31 30 70 127 73 92 119 69 20 118 33 125 17 65 89 106 24 15 72 83 25 81 40 82 109 99 44 67 58 104 62 93 110 14 6 94 112 50 13 90 16 88 32 10 97 51 53 3 18 66 22 45 1 54 124 95 96 116 79 
103 24 27 113 88 112 53 124 116 57 59 36 54 84 46 85 127 19 63 11 13 29 115 42 105 83 7 104 35 43 6 109 123 102 77 49 74 78 26 120 118 86 99 108 16 75 8 79 41 95 37 66 58 91 92 10 55 52 33 89 125 32 128 119 114 2 56 122 28 64 94 14 45 9 81 82 3 76 34 20 97 22 1 4 40 71 72 44 70 39 21 65 100 93 48 5 47 50 25 23 15 121 61 31 111 110 69 80 98 107 51 17 117 90 30 68 12 101 60 38 126 87 96 106 18 73 67 62 
115 2 109 82 128 70 92 22 20 103 5 117 35 54 114 79 71 119 31 95 121 42 80 87 12 25 17 89 57 124 126 21 98 9 40 14 72 75 93 64 86 120 46 50 125 53 123 84 68 99 19 91 107 122 52 100 58 1 77 94 81 44 32 48 61 49 33 7 85 96 59 97 38 55 26 104 56 74 76 30 23 37 88 78 8 111 47 108 43 69 110 106 15 28 34 116 27 6 16 112 65 118 66 3 24 113 102 63 4 45 51 13 62 60 73 127 90 101 83 29 105 39 67 41 18 36 10 11 
62 11 14 57 17 113 87 76 33 47 54 66 36 63 16 21 82 61 41 111 20 119 10 102 115 4 117 107 24 97 19 43 77 81 26 109 101 64 80 126 94 128 127 70 93 39 44 71 73 98 30 68 29 8 121 7 38 22 116 1 9 27 6 108 35 83 84 91 118 85 95 55 120 13 46 78 74 75 52 125 123 89 86 92 59 53 58 18 25 112 67 23 90 50 31 42 114 32 12 100 48 37 3 34 96 56 124 60 72 122 103 110 15 40 104 51 99 45 79 2 105 49 28 65 106 69 5 88 
13 82 107 95 88 39 14 32 78 45 77 60 100 31 105 53 120 8 70 9 91 73 52 101 111 93 80 125 72 63 42 92 103 10 85 128 11 106 109 20 40 37 57 76 118 30 27 62 110 1 15 124 56 86 121 41 97 61 49 12 48 19 87 65 108 66 119 7 5 64 74 98 99 17 68 114 23 122 38 90 75 22 55 116 36 34 112 51 6 3 33 69 16 115 104 123 26 96 46 83 24 94 54 18 58 43 117 126 47 102 2 113 4 44 25 21 79 59 81 127 29 89 35 28 67 71 84 50 
11 22 48 96 56 54 76 106 59 30 63 38 65 41 34 9 93 110 19 15 31 92 81 33 45 80 102 84 73 25 13 55 126 86 49 100 18 23 29 88 71 62 114 50 20 53 112 98 7 28 72 60 89 103 68 119 51 10 99 120 8 70 87 47 67 4 5 21 97 36 101 91 104 123 117 82 16 26 122 17 46 78 105 116 125 39 128 32 113 69 95 24 58 42 121 61 1 79 57 43 111 75 77 37 127 107 118 83 12 44 66 90 94 40 64 108 2 35 52 14 85 109 74 124 6 115 27 3 
24 84 86 7 78 114 65 61 67 28 32 41 123 126 66 22 79 1 115 69 30 10 19 104 107 93 98 16 80 27 110 5 83 2 75 11 4 97 40 45 33 81 26 15 108 105 117 60 59 9 47 34 109 44 42 112 120 63 55 113 128 72 106 94 25 17 21 85 99 52 100 125 6 29 36 54 50 18 3 38 62 87 8 58 74 53 91 57 127 39 71 90 35 73 31 121 76 51 46 37 12 116 43 95 89 103 118 23 92 124 96 102 20 48 88 70 119 56 111 64 49 68 13 14 122 82 77 101 
41 54 78 30 96 29 88 77 12 36 92 128 71 19 14 48 113 83 105 23 64 13 34 15 104 85 87 2 58 17 6 62 50 42 59 8 109 57 75 81 125 66 116 90 95 110 106 70 65 127 69 55 89 94 1 20 123 52 37 32 115 86 101 9 91 99 80 11 46 108 40 118 121 63 117 18 122 21 100 107 60 102 74 61 73 98 3 4 84 112 51 45 44 67 27 47 7 120 126 25 124 39 68 76 53 43 93 111 79 82 22 35 38 5 28 33 56 10 103 114 26 49 16 31 119 72 24 97 
106 68 67 39 107 91 76 46 34 25 31 72 94 124 9 15 55 20 85 118 102 21 117 101 78 82 58 111 12 35 51 70 23 112 62 127 26 104 14 29 126 56 96 47 59 105 24 16 41 5 8 114 123 115 40 71 69 22 80 110 79 95 128 13 63 60 73 93 6 43 64 125 44 7 99 53 30 38 1 4 18 61 10 92 45 42 19 52 57 98 3 66 109 11 48 121 97 81 122 75 2 65 37 49 113 27 116 100 103 28 36 33 108 119 86 32 50 17 90 54 89 84 120 87 88 74 83 77 
127 72 23 32 50 86 54 101 4 118 67 6 58 117 47 43 2 112 77 85 105 94 17 31 42 102 125 104 91 64 29 110 120 26 33 78 123 76 95 59 99 55 18 21 71 37 82 68 22 38 36 41 65 24 107 28 115 14 103 16 89 11 19 81 35 119 128 111 96 44 34 45 113 39 10 98 109 56 92 114 1 9 52 30 116 20 126 49 60 93 83 74 5 69 15 63 57 90 48 53 75 87 80 79 84 27 3 124 121 70 108 122 97 25 66 100 8 62 61 46 106 88 51 12 7 13 40 73 
16 66 65 51 68 59 85 87 60 88 75 118 36 28 15 120 116 72 67 52 24 50 22 83 125 79 64 32 102 54 101 104 106 112 128 41 26 35 56 33 40 5 115 57 55 124 82 126 38 45 49 117 46 18 63 94 122 14 29 77 30 114 23 27 44 111 21 48 4 89 43 103 76 37 90 86 119 17 13 91 19 47 71 3 108 34 78 8 80 95 62 70 109 84 105 98 99 39 113 53 123 96 74 20 42 1 10 73 31 127 12 81 58 25 7 9 6 93 121 61 110 107 2 92 100 69 97 11 
122 113 88 58 116 67 25 109 124 65 64 117 60 22 32 89 52 31 73 48 94 2 42 105 57 33 77 23 19 40 69 11 63 50 110 55 70 61 8 87 99 104 18 34 6 47 44 76 98 80 10 118 111 97 46 26 115 114 112 91 5 93 102 125 12 86 43 127 4 84 27 35 15 100 38 126 49 39 1 106 29 24 79 17 28 78 62 92 54 59 128 103 37 120 66 101 83 21 108 30 7 56 72 96 9 95 68 16 53 123 3 81 71 119 74 14 36 41 51 13 107 45 85 20 75 82 90 121 
127 86 47 66 104 24 79 45 109 101 51 120 58 88 49 90 23 17 71 68 95 111 46 33 100 125 84 123 89 36 65 3 11 126 83 96 118 121 38 105 124 92 75 25 103 1 8 29 60 37 57 70 28 115 18 74 108 52 34 59 13 112 93 107 35 98 61 80 6 77 16 4 21 87 114 40 15 26 12 110 14 64 41 30 56 44 94 10 69 128 22 62 27 39 43 78 19 50 7 106 102 31 116 42 117 91 76 53 72 20 97 119 32 67 81 73 63 85 55 113 99 54 5 82 9 122 48 2 
96 15 35 116 49 22 124 63 94 71 62 80 50 103 76 36 77 48 45 21 119 26 39 17 125 86 72 1 126 84 117 66 57 114 122 73 97 98 95 55 32 58 107 31 115 87 74 90 79 70 69 81 91 123 8 118 106 113 11 19 112 30 64 25 42 127 20 102 47 10 5 85 34 44 101 3 120 82 88 60 24 9 51 89 111 128 109 108 41 75 83 68 16 93 67 27 28 29 6 56 18 23 100 105 12 121 65 110 43 78 54 4 92 53 61 7 52 33 59 38 2 37 104 40 13 14 99 46 
54 110 23 51 53 73 119 105 78 92 93 82 122 45 123 3 88 11 128 61 16 107 43 117 97 34 71 50 42 56 1 57 75 22 68 30 62 35 9 79 64 65 76 5 12 91 63 67 120 25 38 6 29 40 7 59 84 85 94 100 81 19 115 104 17 95 87 26 15 109 80 124 74 36 55 48 116 98 21 18 102 47 2 4 70 69 37 27 46 114 49 72 111 112 96 44 13 14 125 66 39 32 10 103 31 83 99 126 58 52 77 20 121 106 60 108 41 127 28 89 24 86 33 113 118 90 101 8 
57 3 106 20 7 117 91 50 118 120 41 66 49 35 5 15 97 26 94 103 59 1 21 65 51 83 121 2 75 31 116 52 60 62 86 119 6 63 96 39 77 45 56 40 22 124 70 112 32 55 125 14 107 64 89 87 101 25 71 69 19 38 105 122 58 80 128 115 79 104 102 95 37 114 46 74 28 12 92 18 11 109 23 43 10 48 81 110 85 30 13 9 113 54 61 88 123 33 93 27 98 73 34 68 78 99 8 126 100 4 111 76 82 24 42 67 53 36 72 44 16 90 29 17 108 84 47 127 
6 76 122 64 58 22 83 13 42 117 1 84 118 87 14 74 98 53 59 50 2 41 121 54 127 10 93 33 79 75 45 91 72 94 78 85 36 7 55 43 16 106 68 60 104 19 97 8 88 62 71 70 20 66 110 109 56 113 107 11 49 34 86 35 101 51 100 57 46 95 4 9 52 15 128 116 30 3 103 63 105 32 119 65 111 18 44 89 67 27 99 40 5 96 24 80 37 123 81 77 21 38 48 82 92 26 28 124 108 115 39 126 61 120 90 17 31 25 23 12 29 73 112 102 47 125 69 114 
92 73 79 120 9 114 122 81 108 93 36 101 7 75 33 25 43 31 110 44 123 117 82 12 21 27 4 89 50 127 115 95 45 74 29 121 88 111 76 62 59 126 42 51 94 72 17 78 3 54 71 30 124 28 105 91 39 2 104 116 70 100 68 84 16 57 106 118 128 55 85 66 40 24 67 102 8 46 32 125 90 87 19 98 1 15 65 26 22 60 119 49 97 77 11 113 35 48 99 112 13 20 34 69 10 38 37 80 109 107 86 83 61 18 47 56 53 6 52 41 96 103 63 64 23 5 58 14 
31 20 98 113 114 118 119 4 68 46 127 84 72 89 117 124 125 30 36 97 40 87 120 23 24 5 45 27 50 48 123 7 70 51 55 110 115 41 29 80 86 99 28 57 111 67 121 13 105 100 85 15 22 101 90 126 112 47 16 78 14 79 66 3 19 96 2 81 17 25 52 65 76 94 93 128 88 8 56 33 59 49 42 43 83 102 109 38 92 34 74 60 107 75 116 53 64 108 39 91 77 95 10 12 58 106 103 11 35 54 6 62 69 26 18 73 21 61 71 122 1 32 37 82 104 9 44 63 
85 8 10 11 123 113 106 75 76 7 107 26 18 71 17 84 35 43 115 56 61 99 38 65 68 74 126 12 45 49 50 44 118 95 13 109 92 73 41 51 88 117 37 59 96 98 127 89 110 112 63 16 47 90 102 101 69 9 27 79 34 82 111 21 66 58 64 119 108 91 105 52 97 120 36 2 5 77 128 22 72 87 54 4 57 55 81 70 114 24 29 42 121 94 122 23 31 62 25 93 53 33 14 103 104 83 39 100 6 19 80 28 116 78 86 20 125 1 46 40 67 124 15 48 32 30 3 60 
117 109 85 49 79 71 29 127 22 121 78 30 40 96 97 102 93 17 67 62 45 60 58 8 54 112 43 106 76 66 80 69 72 89 35 23 114 63 110 111 74 94 1 19 122 88 31 128 116 41 99 24 7 39 107 16 33 25 77 18 27 68 101 100 15 42 2 44 65 26 108 11 53 125 64 50 46 37 70 119 3 4 81 28 87 10 5 98 82 75 113 38 56 84 20 6 103 105 126 48 73 59 95 57 47 61 120 13 86 124 14 34 91 118 32 36 90 9 21 92 83 51 123 104 52 55 115 12 
52 11 24 119 103 45 90 95 35 44 77 51 126 123 105 80 83 98 109 33 55 57 19 20 78 96 106 70 29 93 63 71 47 61 107 15 68 1 12 28 87 36 38 41 121 110 94 30 49 3 14 9 25 127 43 85 67 65 84 116 23 79 100 111 40 101 72 92 62 50 117 114 26 39 31 88 46 34 13 118 16 113 59 86 66 60 99 54 5 58 74 125 42 128 10 73 91 4 32 22 6 53 18 124 115 122 8 64 97 69 17 81 75 104 120 112 37 89 48 7 108 2 76 102 21 82 56 27 
84 107 33 31 71 26 73 64 106 2 12 17 125 56 24 18 116 99 6 85 29 80 16 102 78 118 60 115 28 91 128 79 86 101 4 34 3 81 54 68 103 38 117 39 47 42 70 121 49 23 43 32 112 1 50 105 75 55 51 111 21 44 69 15 77 74 5 98 48 108 66 57 82 25 10 65 114 11 59 100 113 123 58 41 92 120 45 40 13 30 62 90 9 104 97 52 83 22 126 127 46 76 95 122 93 37 14 27 20 94 8 109 110 19 61 72 35 124 87 53 7 36 88 63 67 89 96 119 
99 66 7 96 90 35 103 122 111 71 36 76 108 102 57 26 38 120 18 123 124 51 98 44 39 86 54 70 8 74 125 91 117 28 109 112 100 113 19 31 87 119 101 85 17 56 15 33 84 77 14 94 92 105 58 20 24 43 89 40 53 16 42 11 3 9 29 41 118 13 73 48 49 115 22 95 75 10 59 126 127 128 45 116 69 68 2 97 4 23 21 106 83 52 12 78 32 104 61 114 110 37 30 65 60 82 67 79 121 72 6 46 25 47 50 64 5 107 63 81 27 55 62 34 1 93 80 88 
18 21 47 99 117 9 50 64 107 8 1 16 113 86 7 39 127 78 41 36 3 57 60 12 29 2 48 94 54 40 91 24 35 33 30 123 89 19 43 119 55 59 26 56 81 112 72 101 66 11 22 106 92 23 17 31 6 14 120 32 76 109 34 52 51 85 67 102 63 121 77 65 27 114 80 20 83 25 108 70 87 93 110 49 97 103 13 61 69 122 88 111 84 38 104 82 4 73 15 126 125 124 75 79 96 28 37 45 46 115 128 118 98 10 68 71 90 116 62 42 5 58 100 74 44 95 105 53 
36 56 7 109 107 45 41 34 110 10 122 15 74 77 90 48 52 106 82 108 91 92 26 40 66 30 6 94 49 95 21 101 18 102 83 54 62 24 25 16 126 97 32 80 123 98 125 22 63 60 69 19 104 35 53 9 23 55 124 89 128 118 72 47 17 71 113 38 78 117 73 81 61 93 88 87 68 43 99 86 57 84 76 70 12 39 96 67 119 120 31 50 13 115 58 112 127 85 4 121 11 42 116 1 44 37 51 33 64 3 111 28 100 8 20 2 75 59 79 65 105 46 114 29 27 103 14 5 
69 124 24 16 127 63 51 119 121 25 54 73 23 31 105 98 56 8 85 30 40 93 14 84 82 88 7 113 68 126 6 116 36 83 20 5 27 55 71 109 35 29 103 50 90 79 60 76 65 117 42 95 80 39 108 43 45 9 33 102 70 3 104 58 118 75 2 120 48 74 97 38 106 57 34 96 115 1 22 122 107 77 53 61 15 128 125 112 94 110 41 28 18 64 17 114 123 26 46 86 91 19 81 67 21 87 13 47 62 92 66 111 72 11 4 78 59 52 37 89 12 99 101 32 44 49 100 10 
51 71 105 125 109 110 41 19 60 126 115 79 31 104 123 39 78 97 120 91 106 119 117 70 90 16 37 81 95 128 85 57 93 80 46 55 29 77 118 32 4 45 9 122 102 111 107 88 67 83 30 65 86 87 101 18 53 96 56 10 5 72 64 17 21 108 13 82 52 1 84 116 69 76 42 27 44 99 33 35 3 43 74 15 40 12 103 2 50 127 66 6 75 24 61 48 11 121 124 58 7 63 36 89 47 112 49 23 62 22 25 14 34 20 98 92 59 26 73 28 38 68 8 100 94 114 54 113 
91 37 112 118 56 43 83 9 105 104 84 49 74 99 41 42 76 12 1 96 55 121 77 68 24 62 59 102 65 109 7 103 50 3 116 15 52 113 115 35 51 45 79 40 63 106 16 11 127 4 33 14 46 110 26 64 120 17 119 72 75 80 95 36 97 60 126 27 111 128 29 66 98 69 125 78 8 122 20 2 86 31 61 38 18 124 90 10 44 107 28 71 73 67 23 19 5 13 53 81 22 25 94 6 108 48 32 87 117 92 70 82 58 47 89 30 93 100 101 88 39 114 57 21 85 34 123 54 
116 41 5 42 62 27 128 55 14 49 70 6 60 80 31 39 54 69 11 120 125 107 88 101 112 126 36 29 56 97 66 94 77 85 98 2 57 19 73 122 84 114 24 108 111 90 9 59 110 33 67 1 82 53 13 38 34 58 43 81 115 61 63 117 93 20 37 50 47 74 78 12 23 99 32 68 22 109 91 118 48 28 102 105 123 46 76 127 21 18 103 119 124 8 16 26 100 17 72 86 7 45 87 95 96 71 25 3 44 113 40 51 35 64 10 83 89 106 65 15 104 30 121 4 92 52 75 79 
68 104 58 4 11 95 73 86 107 36 40 123 43 97 117 126 32 66 70 26 65 34 78 57 61 71 2 92 10 94 93 116 53 88 79 103 121 41 52 8 124 82 54 62 113 51 56 13 55 25 60 77 80 67 33 128 109 22 59 106 119 19 87 20 3 64 42 127 102 37 120 9 21 18 118 14 39 85 100 16 29 110 99 46 105 91 28 1 24 15 81 74 30 49 63 35 122 125 38 83 50 47 112 44 101 69 27 89 17 31 23 115 76 96 114 84 72 111 7 6 45 98 5 75 108 48 12 90 
119 50 19 26 103 57 58 87 47 114 128 99 120 16 96 73 80 75 91 31 98 79 111 37 65 46 113 105 125 124 121 88 78 13 48 30 82 92 22 72 38 28 93 70 123 9 67 127 77 100 117 20 3 61 6 25 90 68 86 55 15 49 108 27 4 115 17 59 109 62 2 122 81 53 1 52 35 21 7 32 39 106 116 69 84 43 95 41 110 56 71 10 34 102 101 8 23 126 11 14 85 5 74 118 76 112 51 29 104 44 83 97 36 66 107 63 94 12 40 54 89 64 42 24 33 60 18 45 
34 15 112 30 113 92 93 52 81 111 103 29 76 65 126 110 74 45 124 35 119 21 107 115 83 31 62 64 122 105 102 23 28 91 25 88 96 67 61 80 72 104 78 38 40 85 36 50 82 11 106 44 39 77 51 120 68 118 86 59 116 49 73 94 43 95 18 53 57 5 41 114 20 10 121 71 42 7 100 109 9 98 24 37 4 48 63 16 17 123 22 47 14 60 97 70 2 13 54 128 108 66 1 99 46 6 79 19 55 12 3 32 127 27 56 87 58 69 33 89 101 125 117 8 84 75 26 90 
9 30 75 86 109 66 115 97 13 31 38 43 34 106 55 21 54 61 82 77 27 124 99 73 5 122 53 57 119 107 85 84 8 48 26 70 56 128 94 19 79 12 116 80 123 2 83 16 24 62 28 114 36 87 11 101 72 1 7 92 95 78 35 105 6 118 104 52 46 17 71 76 25 59 117 127 51 126 81 20 29 98 39 49 45 22 41 88 112 14 44 68 96 69 10 47 40 100 15 23 3 37 58 50 102 91 89 67 65 33 121 74 108 111 110 90 63 64 113 93 4 125 60 32 103 120 18 42 
6 68 4 99 14 34 93 25 97 50 23 117 30 127 78 36 100 119 94 1 128 2 40 31 91 82 75 47 122 90 9 45 101 3 48 72 62 96 87 108 80 24 123 105 106 61 71 76 29 10 65 17 53 32 69 12 18 77 113 13 39 33 57 60 115 11 74 67 5 21 83 63 35 125 15 66 54 124 98 126 28 84 85 95 44 38 42 104 89 86 46 103 109 41 43 59 37 111 118 120 79 20 51 112 107 121 56 81 52 49 55 8 92 102 70 116 58 26 27 110 88 19 16 73 7 64 114 22 
8 79 103 31 86 20 75 70 126 1 27 50 81 34 122 69 100 35 56 5 46 14 107 71 91 92 93 109 62 125 12 37 114 97 26 63 58 111 67 10 96 42 76 110 47 66 19 15 59 118 65 105 2 39 36 87 73 80 57 28 64 16 117 88 7 90 112 128 43 53 85 9 98 113 101 108 119 115 124 25 99 30 78 82 123 48 38 51 13 32 52 3 24 77 40 83 44 6 104 89 55 61 11 4 106 41 33 94 121 18 60 49 21 72 22 127 68 120 29 84 54 74 17 116 45 23 95 102 
66 27 102 74 97 52 83 92 109 10 26 17 89 67 123 125 60 65 115 111 77 62 128 114 108 75 36 1 71 94 106 49 20 90 8 76 35 81 93 59 61 113 7 28 45 91 86 69 119 38 31 80 48 15 112 127 95 25 29 57 39 98 101 118 58 99 12 122 64 54 47 43 73 78 56 126 19 46 3 34 37 5 105 51 40 88 53 30 124 103 50 24 4 21 85 79 6 72 96 84 116 41 16 104 33 32 14 121 87 22 9 120 44 82 70 42 23 117 2 55 110 18 63 100 13 107 11 68 
62 22 21 108 95 7 76 16 119 63 111 56 79 66 90 67 4 109 124 3 85 14 37 72 120 48 8 60 94 92 113 99 102 1 69 86 25 122 18 9 35 39 116 81 84 31 118 68 45 114 36 13 100 33 75 115 2 10 19 78 58 50 103 49 20 27 6 123 65 93 117 12 125 70 17 47 121 77 30 126 71 26 41 98 5 105 42 38 96 112 29 11 110 91 23 80 87 51 88 97 57 127 46 28 34 54 89 106 83 53 40 43 59 128 104 73 61 55 15 24 44 101 32 52 107 64 82 74 
70 125 48 42 104 85 93 87 117 116 7 29 27 37 69 45 97 11 81 66 49 30 113 90 126 4 72 122 111 79 121 88 20 98 82 59 2 101 68 73 22 16 9 52 60 54 18 46 118 96 105 76 13 43 6 95 19 39 24 35 56 84 14 64 74 62 17 1 67 63 123 108 44 103 65 115 5 25 119 77 12 78 112 80 40 75 34 21 94 91 57 51 55 107 114 124 58 71 120 33 3 47 128 41 110 89 53 50 61 32 15 106 31 10 92 102 100 8 26 83 86 127 38 36 23 28 109 99 
63 79 124 12 25 22 121 49 15 86 96 27 7 2 42 90 46 8 77 9 54 101 80 20 103 67 57 11 39 44 40 48 23 18 29 78 127 30 118 13 28 93 26 112 50 21 4 84 95 24 66 126 123 105 53 68 82 45 120 37 61 34 10 64 31 41 17 104 100 60 19 73 74 98 16 128 38 91 115 81 122 76 65 110 51 71 114 14 99 47 102 1 52 109 55 113 94 119 75 70 111 58 59 43 92 83 116 85 5 97 36 107 106 87 3 88 33 89 35 56 108 125 62 69 117 72 32 6 
104 121 14 112 56 108 27 92 120 75 109 43 45 4 48 105 79 78 16 67 117 22 73 87 50 90 28 5 115 47 84 44 63 80 32 2 114 36 95 64 85 11 98 122 113 6 126 59 30 39 57 71 102 18 12 25 29 65 31 15 49 66 97 110 46 55 69 35 21 19 91 70 118 24 3 26 94 53 33 83 23 20 127 68 82 1 74 8 106 100 123 40 60 62 37 99 9 116 125 42 7 86 72 51 93 54 128 61 119 34 76 41 111 58 38 96 81 13 107 77 101 10 52 17 89 103 124 88 
13 127 35 101 94 32 31 53 104 42 120 114 108 99 10 65 66 57 5 124 112 118 95 72 113 55 107 103 3 28 88 15 128 119 87 52 83 48 12 111 105 70 71 16 79 106 40 74 63 122 29 8 98 100 85 77 30 90 46 54 49 86 38 64 60 73 97 93 81 58 109 68 36 51 25 61 39 117 23 82 59 123 4 80 22 18 102 33 45 20 2 84 6 24 110 96 27 125 41 115 62 78 26 14 92 19 9 50 75 1 34 116 56 17 21 89 121 91 69 126 67 11 7 43 76 44 37 47 
102 21 45 37 103 1 14 121 42 16 36 119 51 64 128 46 97 72 4 38 94 20 74 83 77 99 93 96 9 110 7 86 48 35 98 90 61 50 28 2 44 47 113 125 24 117 95 55 62 75 59 80 91 68 82 23 120 56 6 33 85 100 11 105 112 27 124 12 29 87 58 3 10 53 127 73 19 111 116 63 101 60 39 79 70 106 41 34 89 81 57 84 115 107 31 26 88 32 52 13 126 5 76 15 67 71 49 122 8 25 108 66 109 104 69 18 22 92 114 30 17 65 43 78 40 118 54 123 
62 124 110 128 82 31 1 85 112 37 48 78 69 53 96 44 123 88 83 116 86 67 94 13 18 100 21 80 52 66 2 92 84 127 27 77 89 32 68 73 109 55 90 114 107 115 102 42 120 103 39 19 122 9 46 105 111 104 38 45 50 26 43 41 76 59 108 4 117 11 125 63 126 3 28 101 5 113 15 36 64 20 61 57 29 93 87 8 33 58 16 56 47 24 91 23 22 40 70 60 81 74 72 79 35 6 12 17 25 99 121 97 65 75 95 106 98 14 34 119 118 49 71 51 54 7 30 10 
8 22 61 16 52 125 83 57 103 45 41 115 26 73 84 36 70 69 50 98 71 127 23 55 121 74 62 39 90 120 30 56 126 77 44 20 64 67 43 13 114 33 14 112 128 82 15 53 105 75 63 4 58 110 31 108 42 12 124 38 27 29 116 117 87 107 5 49 40 81 37 95 113 10 51 65 91 3 106 119 24 47 93 18 94 35 92 123 80 85 100 104 46 66 101 7 109 11 118 86 78 2 76 9 99 68 6 19 17 88 1 25 97 79 48 102 122 59 34 28 96 60 89 21 54 32 111 72 
49 37 19 14 69 64 36 128 63 93 111 67 61 85 32 62 68 13 114 86 82 16 89 44 43 122 15 71 124 96 6 88 39 9 101 120 115 127 79 125 74 55 91 47 10 35 24 87 26 12 1 34 50 110 66 18 116 80 102 57 65 100 38 109 108 8 31 53 56 41 52 73 78 92 30 77 97 98 117 121 119 28 107 33 29 54 48 42 3 106 60 22 81 126 40 112 70 45 7 90 105 27 2 75 59 11 76 118 104 99 21 25 20 17 5 46 83 103 113 123 94 4 95 51 72 23 84 58 
14 2 17 123 5 9 52 60 49 111 16 34 122 104 87 27 77 30 43 110 89 90 124 62 92 22 64 7 94 66 116 31 109 99 1 125 84 63 29 76 102 19 55 26 91 79 78 69 37 82 83 3 36 81 61 35 108 107 103 71 18 42 21 80 45 40 12 74 95 47 86 59 117 98 120 100 48 57 39 10 65 4 24 46 119 58 121 128 88 54 85 11 23 127 32 105 6 28 56 53 118 68 73 25 93 114 101 126 70 38 50 106 41 8 113 44 96 20 15 97 67 75 13 51 115 112 33 72 
94 31 46 78 47 83 71 2 89 18 62 123 34 105 108 16 77 19 12 10 106 23 110 111 32 102 70 15 119 85 43 38 84 5 124 9 80 81 86 30 93 88 33 27 75 59 24 64 126 41 103 45 39 52 96 29 1 117 37 122 60 3 113 87 99 4 68 121 66 90 21 14 11 13 49 114 36 20 95 50 115 100 76 74 57 79 112 109 35 26 91 51 48 65 72 107 44 69 128 63 55 42 22 120 104 28 92 7 127 73 125 58 101 118 6 61 67 56 116 53 54 25 97 8 40 82 98 17 
4 66 89 56 74 1 49 45 96 117 40 122 97 5 6 42 48 31 3 14 51 98 118 55 92 15 16 69 81 36 105 82 114 54 23 103 86 124 106 123 19 34 67 17 100 25 79 128 39 32 10 33 22 93 47 111 77 62 109 88 72 125 20 83 46 104 9 58 57 35 101 8 7 85 115 119 113 110 53 59 127 13 60 120 102 71 27 99 76 68 38 78 112 108 63 126 30 61 116 41 80 24 91 94 12 87 43 44 37 29 121 84 26 75 70 73 52 64 50 18 28 11 90 65 107 95 21 2 
128 48 8 17 123 30 83 9 81 103 47 42 69 80 100 119 54 41 59 74 109 5 58 112 64 52 34 43 35 66 3 117 13 110 118 56 60 89 82 120 124 53 108 70 55 29 14 38 79 67 94 39 104 33 72 106 21 25 24 20 95 65 87 78 49 11 107 75 68 91 111 63 40 96 92 93 23 50 36 28 61 32 97 101 37 127 62 44 116 85 16 125 10 46 2 31 77 7 115 18 15 27 57 1 22 99 86 45 121 114 105 6 122 76 73 19 71 51 88 84 102 26 98 4 12 113 126 90 
81 42 61 35 122 119 79 45 67 102 94 62 15 91 56 96 103 107 51 52 106 105 55 85 41 20 50 127 80 49 6 68 57 37 89 118 112 59 98 114 83 92 19 100 23 28 74 40 71 69 111 43 8 75 108 84 33 123 115 97 25 34 73 54 128 7 38 58 124 95 113 87 60 70 53 90 26 27 36 29 5 14 77 72 48 32 126 12 121 104 3 46 4 10 30 66 47 82 11 39 18 117 9 110 65 1 64 86 125 31 120 21 24 99 109 88 63 76 13 16 116 2 44 78 101 93 22 17 
101 61 91 65 45 63 15 87 85 74 110 28 97 39 76 17 23 122 56 40 94 116 9 33 72 126 113 38 64 105 79 114 120 53 13 102 83 52 103 43 92 88 77 14 19 69 25 10 4 8 124 90 75 41 32 86 60 98 89 93 95 26 100 96 81 59 118 99 123 36 22 34 128 104 27 73 80 55 18 47 5 125 44 78 127 57 62 24 107 108 46 67 48 16 111 121 115 117 82 50 11 2 49 35 29 109 31 20 7 106 71 21 30 112 70 37 6 66 51 58 68 1 54 12 42 84 3 119 
56 3 77 40 95 21 113 111 106 2 96 15 123 94 34 28 48 66 122 53 20 112 105 5 9 102 89 101 61 120 98 31 108 69 16 50 84 22 114 4 76 74 99 58 79 37 25 71 10 81 35 46 128 43 18 116 8 126 87 57 51 12 82 73 36 62 117 97 107 91 45 23 7 59 29 11 75 47 24 68 1 52 70 33 65 13 41 67 72 115 32 127 6 26 30 125 92 90 121 78 38 64 124 44 27 39 93 110 118 83 54 103 100 17 80 85 86 119 88 60 49 19 63 109 104 55 14 42 
14 81 35 90 18 104 30 28 46 20 15 66 118 12 105 62 99 2 122 17 33 67 126 65 4 56 124 116 108 113 71 87 57 5 123 78 97 103 95 94 8 40 109 26 76 112 59 91 22 44 96 70 119 125 98 101 88 38 31 93 34 19 69 1 48 127 63 120 100 92 43 72 53 25 32 7 73 61 37 41 64 42 27 102 50 23 85 79 54 82 121 58 86 83 47 115 114 84 89 6 45 36 74 107 106 52 49 117 13 3 9 29 128 39 24 111 75 16 80 21 110 60 68 51 10 77 11 55 
112 76 79 82 111 30 101 26 23 92 72 64 34 81 46 2 25 10 5 65 4 96 108 36 63 61 16 86 35 55 3 39 83 44 84 51 87 1 50 104 107 114 48 47 12 17 38 11 70 115 14 67 106 97 94 15 27 78 122 124 99 121 109 77 89 28 52 40 113 68 6 8 18 59 66 85 88 117 31 95 90 62 20 98 102 69 80 19 100 41 103 37 126 56 128 119 9 127 13 71 120 49 105 60 21 42 110 75 118 116 58 22 125 43 73 53 45 57 93 33 123 32 74 24 91 7 29 54 
4 104 35 98 22 40 91 10 120 58 92 72 125 110 45 9 113 97 124 94 128 84 1 11 68 111 29 73 27 6 18 17 49 115 102 47 23 8 7 119 13 55 74 109 12 61 44 85 24 123 116 15 77 31 33 122 16 103 67 70 69 96 43 100 21 118 50 34 117 46 62 56 95 5 108 114 105 106 37 30 78 42 127 82 25 64 39 87 76 99 28 107 54 2 52 112 86 79 14 59 121 88 60 126 32 101 3 65 63 75 53 51 57 41 90 48 20 71 36 38 83 93 89 81 26 80 66 19 
81 50 54 10 113 98 7 91 123 20 27 128 119 24 52 84 106 26 51 56 30 70 71 73 122 6 49 4 104 57 88 75 126 32 8 96 118 105 90 34 48 124 2 114 65 102 108 74 35 85 87 68 111 120 44 25 63 9 82 39 121 80 125 110 92 31 29 94 47 40 13 78 18 62 101 17 15 89 97 55 69 72 112 100 36 115 127 3 83 28 1 107 12 43 67 11 95 16 99 53 86 60 77 93 116 109 41 76 42 22 46 103 23 64 45 33 66 61 117 58 79 37 5 59 38 19 14 21 
84 51 103 80 99 88 122 41 104 19 62 124 78 74 65 14 75 61 121 125 38 11 57 45 70 113 17 2 22 48 105 83 114 9 16 6 35 12 7 89 4 68 82 39 66 55 60 42 63 32 46 119 96 43 109 102 115 59 76 69 30 81 49 112 8 67 95 44 98 126 24 64 28 29 101 1 110 72 25 73 18 40 118 92 23 34 77 27 106 56 33 36 107 117 111 50 94 86 15 10 58 85 52 127 3 47 120 87 90 108 54 5 79 93 13 91 37 31 97 116 100 128 71 53 21 123 26 20 
14 84 124 105 97 113 87 71 94 51 101 41 4 17 57 112 21 68 81 115 125 93 100 123 74 85 43 89 118 99 31 66 53 44 106 120 90 18 1 35 98 61 5 95 122 88 56 32 34 22 36 116 20 62 82 26 59 114 75 80 103 127 110 60 38 13 15 16 65 50 2 126 63 77 49 8 67 121 19 78 119 24 92 3 48 23 104 72 12 111 37 6 83 96 54 69 52 73 30 86 46 25 64 70 28 79 109 76 29 102 40 7 11 39 128 117 47 107 91 10 33 9 45 42 58 55 27 108 
117 84 63 102 42 4 81 35 91 70 97 128 49 127 31 16 72 96 47 98 28 34 19 94 68 5 51 33 29 46 66 53 75 67 36 126 7 82 61 107 71 95 85 10 59 125 20 90 109 60 86 23 18 57 27 73 80 116 65 77 92 32 44 54 37 45 30 62 79 74 43 2 120 76 93 104 17 115 78 101 108 52 25 69 99 40 21 118 6 22 8 48 100 113 41 26 56 122 58 14 38 103 105 64 13 123 114 11 89 1 55 9 121 106 111 3 119 50 12 15 88 110 83 112 39 124 24 87 
85 115 32 127 86 12 57 118 110 95 6 41 109 35 117 101 93 17 8 73 27 50 88 28 122 121 102 111 54 45 66 58 65 47 100 40 63 75 113 98 120 82 1 36 108 19 67 72 34 71 116 91 79 119 29 69 62 94 38 52 25 16 70 56 97 22 104 7 90 99 89 126 15 68 20 39 11 60 77 18 14 81 26 76 78 80 13 4 74 24 64 5 114 83 44 9 112 46 51 2 96 61 31 124 10 84 55 59 107 37 23 92 87 123 49 33 43 42 48 128 125 30 105 106 3 53 21 103 
108 20 115 93 95 53 12 10 11 22 35 45 102 67 85 81 65 69 62 98 119 76 27 101 121 7 8 52 79 40 97 29 82 86 116 6 75 28 63 13 109 21 4 15 105 110 112 106 74 128 78 96 3 16 107 90 31 46 50 77 94 30 114 103 126 24 120 118 51 34 125 57 42 91 127 17 72 56 33 80 68 43 117 88 89 49 99 19 66 123 84 60 73 23 38 87 41 104 39 14 92 100 18 59 47 37 25 48 70 54 71 122 61 124 36 1 64 26 83 58 111 5 32 2 9 113 44 55 
105 46 7 48 89 34 71 40 126 36 74 3 78 125 62 118 26 117 104 9 20 27 23 128 50 14 30 19 84 52 106 95 81 124 41 4 116 61 120 90 66 13 97 15 12 42 57 108 119 38 49 22 115 64 25 121 60 82 88 43 44 24 77 85 35 99 2 100 58 102 127 33 122 31 69 53 55 37 28 16 75 111 18 92 65 45 109 39 114 113 1 87 103 91 107 59 51 54 47 123 94 10 86 70 79 32 6 29 83 101 96 21 5 8 80 17 68 112 73 11 67 93 63 110 98 76 72 56 
5 94 61 77 80 56 110 98 35 117 76 99 90 125 79 28 121 45 41 49 107 57 104 120 92 42 123 105 46 59 17 84 12 60 102 97 69 89 6 108 103 39 51 2 74 124 52 38 4 25 23 36 7 78 55 68 24 58 19 18 21 48 50 40 11 1 54 91 86 66 32 44 114 85 13 73 106 115 112 29 118 111 67 71 122 34 83 127 10 53 95 75 87 119 31 47 93 109 96 64 72 27 9 126 128 14 20 82 15 43 62 22 116 113 3 33 37 81 63 70 26 100 88 65 8 16 30 101 
